# entry,map,zone,area,x,y,z,orientation,wander_distance
6,0,0,0,-8810.0200,-217.0270,83.7262,1.46425,5.0
6,0,0,0,-8809.4500,-233.8710,82.5042,4.57276,0.0
6,0,0,0,-8806.9100,-226.3270,82.8712,5.20619,5.0
6,0,0,0,-8805.9500,-244.9420,82.4202,1.95947,5.0
6,0,0,0,-8796.3800,-247.3730,82.4417,4.31741,5.0
6,0,0,0,-8796.1500,-258.3440,82.9284,2.70763,5.0
6,0,0,0,-8794.9600,-134.1500,83.0352,2.15580,5.0
6,0,0,0,-8794.4500,-170.3990,81.5514,1.74907,5.0
6,0,0,0,-8794.0100,-118.5000,83.5315,1.02964,5.0
6,0,0,0,-8789.9100,-143.3130,82.8382,2.96193,5.0
6,0,0,0,-8785.4600,-171.2290,81.6764,5.11032,5.0
6,0,0,0,-8784.3300,-245.0490,83.1210,3.66519,0.0
6,0,0,0,-8783.0500,-161.5650,82.0352,0.90404,5.0
6,0,0,0,-8781.3000,-115.5520,82.8641,0.12217,0.0
6,0,0,0,-8780.0500,-108.3790,83.6632,5.79449,0.0
6,0,0,0,-8779.8000,-195.3550,84.0514,3.78246,5.0
6,0,0,0,-8778.7800,-125.7320,82.7815,1.30576,5.0
6,0,0,0,-8775.9000,-148.4660,81.4102,4.05152,5.0
6,0,0,0,-8774.1300,-184.4940,83.1764,1.59099,5.0
6,0,0,0,-8773.2100,-242.6940,83.9417,5.63666,5.0
6,0,0,0,-8772.8900,-103.5900,86.1565,5.22354,5.0
6,0,0,0,-8771.4500,-115.9160,83.3650,0.38397,0.0
6,0,0,0,-8768.4600,-176.4340,83.4446,3.31613,0.0
6,0,0,0,-8768.1700,-190.5020,84.7417,6.08596,5.0
6,0,0,0,-8766.9700,-117.3910,83.6927,2.30383,0.0
6,0,0,0,-8765.4200,-256.0490,80.6917,3.86551,5.0
6,0,0,0,-8765.2800,-93.4100,89.8321,0.12920,5.0
6,0,0,0,-8761.0200,-127.5430,83.4305,1.01327,5.0
6,0,0,0,-8760.2600,-201.4700,86.3046,0.96393,5.0
6,0,0,0,-8757.5500,-180.6840,85.0116,1.62418,5.0
6,0,0,0,-8753.5800,-192.7650,85.7976,1.57080,0.0
6,0,0,0,-8752.9500,-160.7760,84.3770,2.22203,5.0
6,0,0,0,-8749.1500,-114.9850,86.0692,6.13703,5.0
30,0,0,0,-9760.2600,162.9480,53.8035,1.60789,5.0
30,0,0,0,-9714.5500,12.6503,40.6567,5.48121,5.0
30,0,0,0,-9678.4600,120.6100,47.3351,0.61377,5.0
30,0,0,0,-9646.8600,371.2040,42.7618,6.15100,5.0
30,0,0,0,-9636.0700,188.9160,47.5386,0.40767,5.0
30,0,0,0,-9625.7200,209.4160,47.9853,2.73477,5.0
30,0,0,0,-9609.8400,82.4616,61.3577,2.50789,5.0
30,0,0,0,-9588.3600,-12.2227,61.6865,5.53788,5.0
30,0,0,0,-9559.3900,217.8420,56.7800,2.27546,5.0
30,0,0,0,-9538.3600,294.2750,54.2141,1.47696,5.0
30,0,0,0,-9524.2500,426.6060,53.0522,3.66698,5.0
30,0,0,0,-9483.6800,547.6210,53.2887,0.36959,5.0
30,0,0,0,-9390.8200,286.7290,62.6390,1.32586,5.0
30,0,0,0,-9383.8200,200.1880,61.4398,0.54642,5.0
30,0,0,0,-9259.6000,444.4170,84.3847,5.11796,5.0
30,0,0,0,-9233.2700,271.0760,72.9248,3.25266,5.0
36,0,0,0,-11011.9000,1387.6400,46.0683,1.37031,5.0
36,0,0,0,-10978.3000,1367.9700,46.1119,3.39802,10.0
36,0,0,0,-10964.0000,1376.2600,46.3728,3.86414,10.0
36,0,0,0,-10952.3000,1355.5200,44.7959,3.81570,10.0
36,0,0,0,-10938.2000,1382.0300,42.1795,4.01717,10.0
36,0,0,0,-10515.0000,1815.2100,40.4497,4.55058,5.0
36,0,0,0,-10501.3000,1779.2600,35.6794,2.26868,5.0
36,0,0,0,-10495.1000,1752.1800,36.6136,4.88771,5.0
36,0,0,0,-10488.7000,1842.1200,38.4167,1.64574,5.0
36,0,0,0,-10474.4000,1810.5400,36.8419,4.37889,5.0
36,0,0,0,-10470.9000,1763.3700,35.4886,4.23995,5.0
36,0,0,0,-10270.2000,1864.4500,36.9199,0.95111,10.0
36,0,0,0,-10248.3000,1878.8300,35.7099,3.17189,10.0
36,0,0,0,-10246.4000,1022.6900,36.4130,2.97195,5.0
36,0,0,0,-10244.5000,1846.9100,36.7264,1.76402,10.0
36,0,0,0,-10238.5000,1044.9000,38.0551,3.62362,5.0
36,0,0,0,-10233.4000,1027.1900,34.6941,-1.34613,0.0
36,0,0,0,-10228.7000,1864.0200,37.0376,4.62633,10.0
36,0,0,0,-10225.2000,1011.3900,35.0080,-0.34173,0.0
36,0,0,0,-10219.1000,1038.4000,35.8961,4.10137,5.0
36,0,0,0,-10199.4000,1026.9200,36.3607,5.96341,0.0
36,0,0,0,-10192.7000,1015.9700,38.2403,0.00000,0.0
36,0,0,0,-10192.3000,1255.6300,36.3670,-0.81822,10.0
36,0,0,0,-10189.2000,1302.2900,36.7473,3.75987,10.0
36,0,0,0,-10181.0000,1340.9900,37.9607,3.78997,10.0
36,0,0,0,-10169.2000,1278.0800,37.2355,4.91583,10.0
36,0,0,0,-10154.5000,1310.8200,38.6748,0.55933,10.0
36,0,0,0,-10151.2000,1313.3400,38.8169,1.00027,10.0
38,0,0,0,-9147.7400,-341.3400,72.7860,4.69789,0.0
38,0,0,0,-9144.9700,-368.7070,72.0304,2.68893,0.0
38,0,0,0,-9141.5300,-290.9030,72.5665,3.26377,0.0
38,0,0,0,-9135.2000,-282.0320,72.1678,5.44543,0.0
38,0,0,0,-9131.1000,-323.6780,73.0066,1.20518,0.0
38,0,0,0,-9130.1700,-263.6140,72.5258,4.62631,0.0
38,0,0,0,-9128.1100,-355.0490,73.4938,5.71384,0.0
38,0,0,0,-9124.9300,-389.3330,72.7234,5.29585,0.0
38,0,0,0,-9120.2900,-269.8480,73.6024,4.02247,0.0
38,0,0,0,-9112.4500,-244.7690,75.5258,1.77427,10.0
38,0,0,0,-9110.3400,-338.5930,73.4938,2.70326,10.0
38,0,0,0,-9110.0500,-311.6550,73.5303,1.26827,0.0
38,0,0,0,-9102.6000,-357.9890,73.5504,5.51633,0.0
38,0,0,0,-9099.0500,-277.9790,73.2813,2.38933,0.0
38,0,0,0,-9093.8000,-355.7780,73.5757,4.01018,10.0
38,0,0,0,-9091.0800,-421.4060,73.9978,4.09253,5.0
38,0,0,0,-9090.7200,-331.0230,73.4716,0.84854,10.0
38,0,0,0,-9090.6700,-397.5800,73.1227,2.95765,5.0
38,0,0,0,-9086.4800,-314.1650,73.4716,5.60884,0.0
38,0,0,0,-9084.7400,-279.0070,73.7400,5.68111,0.0
38,0,0,0,-9083.3100,-301.3320,73.4003,0.05236,0.0
38,0,0,0,-9081.5400,-299.6980,73.5213,4.59022,0.0
38,0,0,0,-9079.8100,-247.9250,73.8253,0.69836,10.0
38,0,0,0,-9079.4800,-236.6980,73.5753,5.91654,10.0
38,0,0,0,-9078.1700,-331.1320,73.4716,5.25754,0.0
38,0,0,0,-9077.5600,-334.0760,73.5351,1.29154,0.0
38,0,0,0,-9077.3200,-377.2280,73.5343,1.32645,0.0
38,0,0,0,-9075.3300,-332.1200,73.5351,3.66519,0.0
38,0,0,0,-9073.8200,-376.8690,73.5351,2.44346,0.0
38,0,0,0,-9071.8700,-355.2350,73.5757,0.88184,10.0
38,0,0,0,-9068.3200,-288.5800,73.7368,0.79308,10.0
38,0,0,0,-9062.8900,-267.7520,73.9798,3.11380,10.0
38,0,0,0,-9061.1200,-369.5220,73.5131,3.81119,10.0
38,0,0,0,-9058.1800,-325.6270,73.5767,4.24052,0.0
38,0,0,0,-9054.5000,-311.6450,73.5767,5.60214,10.0
38,0,0,0,-9053.6300,-410.6690,72.0890,4.16758,5.0
38,0,0,0,-9052.2400,-458.0630,72.6514,2.07694,0.0
38,0,0,0,-9046.8500,-343.5340,73.5767,0.92428,10.0
38,0,0,0,-9046.8200,-375.0020,74.1866,1.25406,10.0
38,0,0,0,-9045.0500,-324.7020,73.5767,4.84956,10.0
38,0,0,0,-9039.4900,-264.7370,73.6806,4.56933,10.0
38,0,0,0,-9034.1900,-397.8090,72.6381,1.83317,10.0
38,0,0,0,-9033.8200,-301.6110,74.7497,5.89921,0.0
38,0,0,0,-9031.5700,-304.3350,74.4903,1.78024,0.0
38,0,0,0,-9030.7900,-285.6420,75.5096,6.25018,5.0
38,0,0,0,-9028.0700,-297.1340,75.3265,5.46843,0.0
38,0,0,0,-9028.0100,-359.9720,75.5033,1.19357,5.0
38,0,0,0,-9027.9800,-383.9220,75.0318,1.25572,10.0
38,0,0,0,-9025.5000,-340.6370,74.5033,4.86725,5.0
38,0,0,0,-9003.3000,-363.3040,75.0033,3.74668,0.0
38,0,0,0,-8998.7800,-390.3470,71.8185,4.87939,10.0
38,0,0,0,-8994.5900,-312.3640,71.9033,1.76278,0.0
38,0,0,0,-8980.8400,-411.6070,69.5317,6.01341,0.0
38,0,0,0,-8975.7000,-338.1560,73.2266,0.51001,10.0
38,0,0,0,-8964.3000,-334.2480,71.6651,2.91509,0.0
38,0,0,0,-8963.1000,-370.2710,73.0808,1.16937,5.0
38,0,0,0,-8958.3700,-431.3050,64.7884,1.25664,0.0
38,0,0,0,-8956.9100,-389.8640,70.2980,2.37787,5.0
38,0,0,0,-8956.2300,-422.4180,65.3401,4.52040,0.0
38,0,0,0,-8951.4700,-429.9560,65.1523,1.95477,0.0
38,0,0,0,-8938.1700,-372.8830,71.9230,6.04404,10.0
38,0,0,0,-8929.8000,-356.5010,72.2315,1.04143,10.0
38,0,0,0,-8924.1100,-445.3150,68.1632,0.00000,5.0
38,0,0,0,-8917.8700,-381.1320,70.7183,1.76861,5.0
38,0,0,0,-8916.7900,-403.2770,67.5052,0.82700,10.0
38,0,0,0,-8912.9800,-361.3530,73.4038,0.84824,10.0
38,0,0,0,-8886.6800,-392.4380,67.5338,0.21749,5.0
38,0,0,0,-8886.3500,-445.4520,65.1291,3.39385,5.0
38,0,0,0,-8878.2900,-410.9940,65.7157,4.53505,0.0
38,0,0,0,-8869.7400,-371.5710,72.0051,0.59226,10.0
38,0,0,0,-8869.4500,-373.7830,71.6896,2.31791,0.0
40,0,0,0,-9823.7600,122.3620,4.1112,0.17254,5.0
40,0,0,0,-9822.4100,82.0952,3.0321,4.89061,5.0
40,0,0,0,-9814.6500,151.7840,26.0611,0.17816,0.0
40,0,0,0,-9813.5700,109.1960,6.2263,4.81172,0.0
40,0,0,0,-9806.9900,116.7140,24.4186,1.64476,5.0
40,0,0,0,-9800.9100,117.8070,5.8971,1.15769,0.0
40,0,0,0,-9797.3800,131.6320,24.5919,2.91242,5.0
40,0,0,0,-9794.0900,148.1580,24.2717,4.75735,5.0
40,0,0,0,-9793.2300,90.1409,28.8422,2.67237,5.0
40,0,0,0,-9792.0800,91.4188,4.9241,6.23839,5.0
40,0,0,0,-9789.3100,111.6680,4.7601,4.32913,0.0
40,0,0,0,-9788.1800,97.4281,28.4897,1.36379,5.0
40,0,0,0,-9782.1000,139.4070,26.3338,2.39189,0.0
40,0,0,0,-9774.1200,102.9400,28.0003,2.28045,5.0
40,0,0,0,-9770.1100,155.2170,25.0652,0.04571,0.0
40,0,0,0,-9761.7500,106.7570,26.5586,3.19397,5.0
40,0,0,0,-9760.5600,87.6726,12.5440,2.89838,0.0
40,0,0,0,-9759.3100,148.9830,22.4178,1.22528,0.0
40,0,0,0,-9748.7100,134.7680,19.3349,5.06639,5.0
40,0,0,0,-9743.4200,95.6006,12.5796,1.37507,5.0
40,0,0,0,-9737.8400,136.1190,19.2009,5.81502,5.0
40,0,0,0,-9732.3800,117.8630,24.6974,3.69457,0.0
40,0,0,0,-9354.6000,-675.0240,67.3725,5.00572,5.0
40,0,0,0,-9327.7500,-647.8480,69.3101,2.62899,5.0
40,0,0,0,-9326.8200,-713.0300,67.5269,2.95107,5.0
40,0,0,0,-9324.3400,-478.4390,72.3960,5.24075,5.0
40,0,0,0,-9321.6400,-578.6050,69.9680,5.69867,5.0
40,0,0,0,-9289.5100,-615.6270,66.1828,5.91573,5.0
40,0,0,0,-9285.9000,-679.1030,64.3406,3.58120,5.0
40,0,0,0,-9268.7000,-703.3100,63.1625,1.79260,5.0
40,0,0,0,-9268.0400,-549.4610,66.9000,0.17478,5.0
40,0,0,0,-9256.0300,-707.8890,63.1122,0.94248,0.0
40,0,0,0,-9254.8500,-696.3380,64.0150,3.07881,5.0
40,0,0,0,-9248.6900,-655.3110,64.3173,5.22255,5.0
40,0,0,0,-9245.2900,-713.3720,63.0387,1.91986,0.0
40,0,0,0,-9244.1400,-586.0690,65.7298,5.65726,5.0
40,0,0,0,-9220.8000,-671.2700,62.8900,1.65247,5.0
40,0,0,0,-9219.6900,-617.9620,61.2770,3.19243,5.0
40,0,0,0,-9185.2800,-645.0800,65.7150,2.60017,5.0
40,0,0,0,-9172.2500,-599.4120,63.0200,4.22370,5.0
40,0,0,0,-9161.7800,-571.5960,58.1243,0.71247,5.0
40,0,0,0,-9141.2200,-599.1800,57.8545,5.51055,5.0
40,0,0,0,-9131.9000,-596.1610,57.4463,0.00000,5.0
40,0,0,0,-9117.7800,-585.7820,57.6593,2.84701,0.0
40,0,0,0,-9116.5800,-568.4540,59.1573,3.95177,0.0
40,0,0,0,-9101.4400,-598.5800,57.0622,2.50615,5.0
40,0,0,0,-9094.3900,-586.5190,58.1082,5.16445,5.0
40,0,0,0,-9087.9300,-589.5900,58.4971,0.77356,5.0
40,0,0,0,-9086.5600,-556.3550,60.7947,0.21538,0.0
40,0,0,0,-9085.3600,-576.0670,61.9363,1.58841,5.0
40,0,0,0,-9078.9500,-582.2700,62.3445,2.29443,0.0
43,0,0,0,-9066.4000,-548.1240,58.4333,4.03298,0.0
43,0,0,0,-9048.8200,-616.7290,53.0161,3.73272,0.0
43,0,0,0,-9040.3300,-554.0650,55.6714,1.09758,0.0
43,0,0,0,-9037.7600,-607.9920,53.5171,5.62913,0.0
43,0,0,0,-9033.9800,-585.4410,56.3370,0.00000,0.0
43,0,0,0,-9030.1700,-613.5310,56.6102,1.00271,0.0
43,0,0,0,-9025.1700,-602.7820,56.2169,4.73095,0.0
43,0,0,0,-9025.1200,-565.5930,54.9760,0.00000,0.0
46,0,0,0,-9946.9900,-281.3910,29.2420,5.03722,0.0
46,0,0,0,-9943.4500,-1087.1800,21.4983,0.00000,0.0
46,0,0,0,-9940.7200,-1111.8500,22.2972,1.85005,0.0
46,0,0,0,-9933.1900,-1164.3500,20.9409,4.45059,0.0
46,0,0,0,-9928.9800,-1156.7100,22.2152,3.42085,0.0
46,0,0,0,-9928.7400,-1129.8800,23.6526,2.75762,0.0
46,0,0,0,-9928.7200,-1097.6000,24.0897,2.89725,0.0
46,0,0,0,-9920.1100,-1123.1700,24.7945,0.64089,5.0
46,0,0,0,-9917.7400,-847.0710,19.9035,4.62410,5.0
46,0,0,0,-9915.9800,-846.3810,20.0111,4.87445,5.0
46,0,0,0,-9913.1300,-1058.6000,25.3447,4.38447,0.0
46,0,0,0,-9911.7500,-420.7140,26.9035,5.60960,0.0
46,0,0,0,-9911.0700,-1145.6500,23.7459,4.59022,0.0
46,0,0,0,-9904.0700,-1107.8600,27.1617,4.83965,5.0
46,0,0,0,-9893.4500,-747.8530,20.6947,3.57606,5.0
46,0,0,0,-9889.4300,-442.8110,28.3063,6.05858,5.0
46,0,0,0,-9885.6900,-893.4220,30.3454,2.03619,5.0
46,0,0,0,-9876.7500,-822.1580,29.6442,4.43610,0.0
46,0,0,0,-9860.7100,-711.2890,29.0377,6.05668,5.0
46,0,0,0,-9856.1300,-663.6080,21.4616,4.31579,5.0
46,0,0,0,-9855.2900,-1127.5800,29.5544,0.47124,0.0
46,0,0,0,-9847.4600,-522.9080,25.1326,0.78540,0.0
46,0,0,0,-9846.2800,-587.6540,21.5072,0.01615,0.0
46,0,0,0,-9804.3000,-612.0810,31.7165,0.36321,5.0
46,0,0,0,-9283.1100,-1220.1600,69.9581,4.98484,0.0
46,0,0,0,-9263.4300,-1218.4800,71.9350,2.80998,0.0
46,0,0,0,-9255.8400,-1215.6100,72.5196,0.66322,0.0
46,0,0,0,-9250.7600,-1186.9500,68.3633,1.07394,5.0
46,0,0,0,-9244.0100,-1221.5700,73.3574,5.68404,5.0
46,0,0,0,-9239.3600,-1187.5800,69.2406,0.78540,0.0
46,0,0,0,-9229.5700,-1199.4400,67.7157,1.13446,0.0
46,0,0,0,-9217.6000,-1229.0300,72.6829,1.85005,0.0
46,0,0,0,-9212.7500,-1203.9900,66.0998,2.82743,5.0
46,0,0,0,-9194.5800,-1214.8700,68.4347,1.08210,0.0
46,0,0,0,-9191.3300,-1218.3300,69.6672,1.57080,5.0
46,0,0,0,-9113.9800,-1222.3700,66.5227,0.14923,5.0
46,0,0,0,-9055.2400,-1222.3900,69.4903,2.26893,0.0
46,0,0,0,-9049.5900,-1220.9600,69.3406,1.65806,0.0
46,0,0,0,-9043.7400,-1219.1500,68.4732,4.73380,5.0
46,0,0,0,-9036.3900,-1212.1500,65.7656,2.14675,0.0
46,0,0,0,-9031.6800,-1225.3200,70.3526,3.37615,5.0
46,0,0,0,-9011.3600,-1224.2900,73.3099,3.14159,0.0
46,0,0,0,-9010.6700,-1239.9900,74.3252,4.73973,5.0
46,0,0,0,-9004.0700,-1210.5800,71.5857,5.73500,5.0
46,0,0,0,-8989.4700,-1223.1000,73.4447,2.65290,0.0
46,0,0,0,-8986.8300,-1218.4700,72.9880,2.56563,0.0
46,0,0,0,-8986.6700,-1251.8400,76.4544,5.71529,5.0
46,0,0,0,-8986.0800,-1213.2300,72.5967,5.37309,5.0
46,0,0,0,-8983.6200,-1170.0500,65.0869,2.68781,0.0
46,0,0,0,-8979.1300,-1192.8000,71.1776,0.11757,5.0
46,0,0,0,-8978.2100,-1179.8500,68.6126,0.97839,5.0
46,0,0,0,-8970.3700,-1200.5600,71.9820,2.63545,0.0
46,0,0,0,-8966.2300,-1168.5300,68.5689,3.61283,0.0
46,0,0,0,-8964.4900,-1162.6600,67.8175,2.56563,5.0
46,0,0,0,-8960.2600,-1147.7400,65.6319,3.22258,5.0
46,0,0,0,-8946.8500,-1222.7100,74.1843,2.39789,5.0
46,0,0,0,-8938.8700,-1191.6900,72.9322,6.03309,5.0
46,0,0,0,-8913.7100,-1191.3500,74.8563,5.07544,5.0
54,0,0,0,-9464.8700,93.9896,58.5271,0.00000,0.0
60,0,0,0,-9250.8900,-708.1870,62.9000,1.55070,0.0
61,0,0,0,-9862.9700,-232.6510,35.4440,0.57999,0.0
61,0,0,0,-9859.0700,-217.8460,36.3363,3.86060,0.0
61,0,0,0,-9778.6100,-1586.3400,41.4733,4.47400,0.0
61,0,0,0,-9774.5500,-1563.9600,41.9608,4.03496,0.0
61,0,0,0,-9326.4100,543.2830,75.0137,4.24072,0.0
61,0,0,0,-9303.1900,-292.2310,70.7300,3.22000,0.0
61,0,0,0,-9282.0600,520.8880,85.8028,4.49441,0.0
61,0,0,0,-9261.5800,465.9590,83.0718,3.91400,0.0
66,0,0,0,-9494.1300,83.9096,56.6586,5.96903,0.0
69,0,0,0,-9079.8500,-182.0280,74.6405,6.06449,0.0
69,0,0,0,-9038.1100,-177.2880,76.8733,2.59264,5.0
69,0,0,0,-9028.4100,-164.7290,79.2117,5.30062,5.0
69,0,0,0,-9017.9600,-196.5600,75.0036,3.10197,5.0
69,0,0,0,-8994.5500,-250.2910,72.0086,3.53139,5.0
69,0,0,0,-8989.8800,-170.7310,78.3374,1.19042,5.0
69,0,0,0,-8979.8300,-213.1400,73.9520,4.21105,0.0
69,0,0,0,-8966.6300,-231.0210,76.2175,4.71720,5.0
69,0,0,0,-8961.1900,-231.9100,76.9597,1.20516,5.0
69,0,0,0,-8951.0000,-252.9690,76.0696,3.51775,5.0
69,0,0,0,-8937.8000,-259.4550,77.0463,0.67601,5.0
69,0,0,0,-8920.5000,-255.8010,79.6554,3.65420,5.0
69,0,0,0,-8916.0700,-287.6900,77.2543,3.59651,5.0
69,0,0,0,-8901.4400,-265.2690,79.2182,0.22555,5.0
69,0,0,0,-8876.6400,-291.2900,78.0791,5.03571,5.0
69,0,0,0,-8875.7400,-242.9380,81.8754,1.17205,5.0
69,0,0,0,-8872.6500,-57.9788,86.3110,1.45920,5.0
69,0,0,0,-8851.4100,-84.0900,84.0794,5.41710,5.0
69,0,0,0,-8845.7300,-287.0210,78.3529,4.98699,5.0
69,0,0,0,-8836.1900,-306.5460,76.6022,5.82215,5.0
69,0,0,0,-8827.5800,-292.0200,79.3608,0.33448,5.0
69,0,0,0,-8813.3600,-179.6020,82.1866,1.63724,5.0
69,0,0,0,-8805.3700,-205.4600,82.6964,6.05053,5.0
69,0,0,0,-8804.4900,-136.6220,83.8785,3.02099,5.0
69,0,0,0,-8789.7600,-69.8060,90.1900,5.78970,5.0
69,0,0,0,-8781.3200,-59.8318,91.9924,5.18477,5.0
69,0,0,0,-8766.0400,-232.2130,85.4296,3.70092,5.0
69,0,0,0,-8761.9000,-66.2644,92.2944,4.47272,5.0
69,0,0,0,-8753.2000,-33.3754,92.5098,1.87129,5.0
69,0,0,0,-8752.8700,-295.0460,79.4607,5.62039,5.0
69,0,0,0,-8752.6300,-81.9882,92.7991,0.63891,5.0
69,0,0,0,-8748.6700,-50.3176,92.2134,2.86224,5.0
69,0,0,0,-8747.5600,-135.7830,83.7125,5.44551,5.0
69,0,0,0,-8737.0900,-94.3173,90.1741,3.34832,5.0
69,0,0,0,-8736.2900,-72.8328,92.3321,6.01294,5.0
69,0,0,0,-8718.7900,-148.3530,86.1238,3.38237,5.0
74,0,0,0,-9457.6400,99.6884,58.4271,4.11898,0.0
78,0,0,0,-8909.4600,-104.1630,82.0314,4.39823,0.0
79,0,0,0,-9733.3500,114.7840,24.4159,5.41347,0.0
80,0,0,0,-8671.8300,-123.3400,92.1135,1.68621,7.0
80,0,0,0,-8657.9000,-124.6690,91.0275,5.76153,7.0
80,0,0,0,-8654.9100,-127.0060,89.6647,2.81590,0.0
80,0,0,0,-8640.5800,-113.2890,87.0824,2.97738,7.0
80,0,0,0,-8640.1900,-143.5590,86.8829,1.44862,7.0
80,0,0,0,-8639.0800,-132.9490,87.0940,6.08973,7.0
80,0,0,0,-8635.2700,-110.3260,86.9396,4.78637,7.0
80,0,0,0,-8632.3300,-143.7530,86.3842,3.27452,7.0
80,0,0,0,-8616.2700,-143.3340,87.4937,0.40905,7.0
80,0,0,0,-8613.7700,-152.9820,86.2569,3.08878,7.0
80,0,0,0,-8610.9200,-171.6020,85.7916,0.60296,7.0
80,0,0,0,-8609.0800,-141.2390,87.7624,3.50514,0.0
80,0,0,0,-8601.2300,-138.1950,87.8068,4.00536,0.0
80,0,0,0,-8596.0800,-173.8720,87.2408,2.94578,0.0
80,0,0,0,-8588.9700,-147.3950,89.6137,2.07603,0.0
80,0,0,0,-8582.8200,-171.9290,91.1493,4.13820,0.0
80,0,0,0,-8573.4800,-150.5060,89.8691,1.40641,0.0
80,0,0,0,-8564.9400,-203.6950,84.3839,1.86342,0.0
80,0,0,0,-8561.0500,-217.5280,85.5112,4.95625,0.0
80,0,0,0,-8559.7200,-210.5640,84.4113,2.62464,0.0
80,0,0,0,-8555.4700,-149.3700,88.5302,5.12587,0.0
80,0,0,0,-8550.4100,-163.0720,86.6575,3.85330,0.0
80,0,0,0,-8548.7800,-207.2370,85.2835,5.05884,0.0
80,0,0,0,-8538.1200,-184.3560,84.0459,4.52718,0.0
80,0,0,0,-8534.0000,-199.0000,83.7842,3.14200,7.0
94,0,0,0,-9489.7400,311.8780,56.2060,6.20915,5.0
94,0,0,0,-9486.5400,277.4080,52.9888,3.26632,5.0
94,0,0,0,-9471.9600,254.5460,53.9546,6.21279,5.0
94,0,0,0,-9464.9200,275.7630,53.5246,4.97254,5.0
94,0,0,0,-9287.2100,281.5590,70.2246,3.36619,5.0
94,0,0,0,-9278.9500,203.2980,67.6360,4.66906,5.0
94,0,0,0,-9263.4200,-24.1155,73.1425,4.06441,5.0
94,0,0,0,-9251.3600,-11.6955,73.4498,4.86727,5.0
94,0,0,0,-9243.7800,122.2460,72.4850,0.48123,5.0
94,0,0,0,-9237.6600,40.2561,73.3568,3.72285,5.0
94,0,0,0,-9218.3300,241.1760,73.3824,5.08100,5.0
94,0,0,0,-9217.5300,232.1670,73.2003,4.64607,5.0
94,0,0,0,-9216.3700,19.9618,76.9682,0.82549,5.0
94,0,0,0,-9216.1700,147.5540,72.3877,3.05173,5.0
94,0,0,0,-9213.3300,19.1130,77.0960,0.69243,5.0
94,0,0,0,-9210.6500,134.5400,72.7013,4.70716,5.0
94,0,0,0,-9197.8600,73.8136,77.4574,4.42985,5.0
94,0,0,0,-9195.6000,185.9830,73.8650,3.34746,5.0
94,0,0,0,-9193.7900,179.5460,73.7525,5.65411,5.0
94,0,0,0,-9190.4400,187.5390,74.0354,3.28073,5.0
94,0,0,0,-9189.0500,110.7960,75.8540,3.78750,5.0
94,0,0,0,-9185.4700,118.8260,74.5898,4.68115,5.0
94,0,0,0,-9184.2700,82.9969,77.8678,0.00000,5.0
94,0,0,0,-9178.4200,37.4651,77.9614,4.87576,5.0
94,0,0,0,-9175.1600,78.2666,77.6793,2.67358,5.0
94,0,0,0,-9162.5700,94.5477,76.3557,3.78736,5.0
94,0,0,0,-9162.3700,84.6315,77.0762,1.91986,5.0
94,0,0,0,-9158.6300,88.1075,76.4952,3.05433,5.0
94,0,0,0,-9144.3700,53.7751,77.7479,4.62874,5.0
94,0,0,0,-9143.1400,58.0315,77.4185,5.11831,5.0
94,0,0,0,-9123.2800,45.5078,81.5248,0.00000,5.0
94,0,0,0,-9120.6600,38.1426,82.7540,5.63773,5.0
94,0,0,0,-9116.3200,16.1908,86.1412,0.00000,5.0
94,0,0,0,-9109.1400,6.6469,88.2881,5.75035,5.0
95,0,0,0,-10645.0000,1385.8200,41.7622,5.02655,0.0
95,0,0,0,-10503.9000,1246.2400,69.1163,2.11859,5.0
95,0,0,0,-10497.6000,1328.4800,42.6518,5.93412,0.0
95,0,0,0,-10488.6000,1211.1700,67.1799,1.08532,0.0
95,0,0,0,-10487.5000,1328.7800,42.6935,3.52556,0.0
95,0,0,0,-10483.3000,1283.4700,56.8082,1.22109,5.0
95,0,0,0,-10452.8000,1317.7900,44.8119,5.69995,5.0
95,0,0,0,-10381.3000,1276.9900,44.1102,1.37881,0.0
95,0,0,0,-10374.7000,1576.8700,41.7279,4.84872,5.0
95,0,0,0,-10353.7000,1588.6700,40.6250,5.73731,5.0
95,0,0,0,-10347.1000,1567.0100,41.3426,2.16421,0.0
95,0,0,0,-10344.4000,1552.3900,41.8947,5.27040,5.0
95,0,0,0,-10343.6000,1223.4000,40.3074,6.24828,0.0
95,0,0,0,-10335.1000,1239.6200,39.4897,0.00000,0.0
95,0,0,0,-10326.2000,1394.6300,41.1257,2.26524,5.0
95,0,0,0,-10324.6000,1413.1400,40.4493,3.32955,5.0
95,0,0,0,-10311.5000,1400.0600,41.4070,0.40143,0.0
95,0,0,0,-10282.5000,1386.5300,40.2983,1.30900,0.0
95,0,0,0,-10278.0000,1389.6500,40.1833,2.96706,0.0
95,0,0,0,-10027.7000,1431.9400,41.0688,2.18166,0.0
95,0,0,0,-10026.2000,1479.5200,41.4131,5.45774,5.0
95,0,0,0,-10020.1000,1413.7200,41.6490,0.80086,5.0
95,0,0,0,-10013.0000,1451.5500,41.5273,3.70010,0.0
95,0,0,0,-10005.1000,1476.4400,40.7722,3.76991,0.0
95,0,0,0,-10001.2000,1470.4000,40.9513,3.03687,0.0
95,0,0,0,-9998.1900,1451.2200,41.3837,2.80998,0.0
95,0,0,0,-9997.8700,1411.7600,40.8543,2.72271,0.0
95,0,0,0,-9987.1200,1444.6200,42.5593,3.61283,0.0
95,0,0,0,-9979.0100,1457.2900,44.7155,6.19725,0.0
95,0,0,0,-9944.6400,1473.7700,39.6668,4.48298,3.0
95,0,0,0,-9906.8700,1424.6800,38.6010,2.35883,5.0
95,0,0,0,-9902.5000,1458.1000,40.7310,5.95157,0.0
95,0,0,0,-9894.6600,1429.4300,39.6725,0.13963,0.0
95,0,0,0,-9889.6700,1423.6200,40.1433,0.87479,5.0
95,0,0,0,-9878.4100,1415.7600,43.6400,1.76278,3.0
95,0,0,0,-9873.4300,1324.1700,43.2108,4.57276,0.0
95,0,0,0,-9863.3100,1321.8900,43.2868,3.92699,0.0
95,0,0,0,-9856.2900,1386.0800,38.2633,0.59341,0.0
95,0,0,0,-9853.1000,1406.6500,38.1029,5.11381,0.0
95,0,0,0,-9852.8400,1453.0700,41.0087,5.62883,3.0
95,0,0,0,-9847.7500,1287.4700,41.8973,4.36761,5.0
95,0,0,0,-9840.4700,1406.7400,38.5635,4.99164,0.0
95,0,0,0,-9830.0800,1263.5300,40.8442,4.15555,5.0
95,0,0,0,-9821.3800,1422.9600,36.8885,2.71233,0.0
97,0,0,0,-10106.6000,690.7020,32.0811,3.96190,5.0
97,0,0,0,-10062.3000,630.7160,39.4488,2.68781,5.0
97,0,0,0,-10062.1000,625.9640,39.4488,1.93731,5.0
97,0,0,0,-10007.6000,658.4960,36.2532,0.43633,5.0
97,0,0,0,-10002.6000,464.5380,32.4476,1.95325,5.0
97,0,0,0,-9996.6800,665.2040,36.6127,3.76991,5.0
97,0,0,0,-9983.9000,575.2950,37.7614,5.39307,5.0
97,0,0,0,-9961.9600,551.8310,37.7625,5.43096,5.0
97,0,0,0,-9945.1400,617.1880,37.2311,2.77507,5.0
97,0,0,0,-9944.8300,572.9150,37.6453,2.37365,5.0
97,0,0,0,-9933.1400,573.8600,37.0270,1.16937,5.0
97,0,0,0,-9857.1700,467.8220,36.5601,5.06952,5.0
97,0,0,0,-9806.0900,438.6060,36.5553,4.15031,5.0
97,0,0,0,-9014.8600,-845.3510,70.5160,1.04126,5.0
97,0,0,0,-9014.5800,-818.7500,69.7591,2.45992,5.0
97,0,0,0,-8989.1900,-837.5730,69.6341,0.83776,5.0
97,0,0,0,-8978.8800,-838.8990,69.9902,1.91986,5.0
97,0,0,0,-8895.9200,-769.2320,69.5663,5.63741,5.0
97,0,0,0,-8879.8300,-766.8960,68.7156,4.17134,5.0
97,0,0,0,-8854.5800,-853.3120,74.2394,6.11634,5.0
97,0,0,0,-8852.5900,-777.2250,70.6529,6.17223,5.0
97,0,0,0,-8851.8500,-827.8790,72.9202,1.93731,5.0
97,0,0,0,-8849.2000,-753.3430,70.3534,2.08604,5.0
97,0,0,0,-8846.8100,-922.2600,75.6918,3.07364,5.0
97,0,0,0,-8841.8000,-867.7430,75.9984,5.70723,5.0
97,0,0,0,-8824.6600,-848.2580,74.3457,1.75243,5.0
98,0,0,0,-11216.0000,852.3470,47.8401,1.03600,10.0
98,0,0,0,-11215.6000,880.6590,53.1758,0.05236,0.0
98,0,0,0,-11210.4000,888.5360,52.4697,4.62512,0.0
98,0,0,0,-11207.6000,885.0080,51.1514,0.00000,0.0
98,0,0,0,-11207.2000,792.2210,40.5779,0.99484,0.0
98,0,0,0,-11207.1000,799.9000,40.4373,5.79449,0.0
98,0,0,0,-11205.1000,817.1890,42.2206,2.53488,5.0
98,0,0,0,-11200.6000,798.8310,39.3318,3.31613,0.0
98,0,0,0,-11199.3000,848.8570,41.1899,5.14825,10.0
98,0,0,0,-11197.3000,819.2110,41.0811,6.15592,5.0
98,0,0,0,-11187.9000,885.0470,45.6539,5.67054,10.0
98,0,0,0,-11187.6000,756.0930,36.1961,1.76368,5.0
98,0,0,0,-11187.0000,774.3600,36.3165,1.88226,5.0
98,0,0,0,-11183.9000,859.8700,41.0649,3.51926,10.0
98,0,0,0,-11178.1000,837.5170,40.8149,2.63388,5.0
98,0,0,0,-11171.8000,823.1360,39.5480,4.45648,10.0
98,0,0,0,-11168.8000,792.7680,35.1847,3.04607,10.0
98,0,0,0,-11160.5000,732.2700,32.7587,0.40143,0.0
98,0,0,0,-11160.2000,682.1840,34.7952,3.56700,10.0
98,0,0,0,-11158.3000,738.9560,32.7027,5.44543,0.0
98,0,0,0,-11156.6000,731.1670,33.0209,1.16937,0.0
98,0,0,0,-11154.2000,729.6190,33.4567,1.74533,0.0
98,0,0,0,-11149.0000,780.7190,33.0292,4.41906,10.0
98,0,0,0,-11138.1000,888.6260,38.8328,5.77704,0.0
98,0,0,0,-11137.8000,1042.9300,34.1224,5.96903,0.0
98,0,0,0,-11137.6000,883.7720,38.8406,0.64577,0.0
98,0,0,0,-11135.5000,1045.3900,34.3724,5.21853,0.0
98,0,0,0,-11131.7000,880.8880,39.3081,1.93731,0.0
98,0,0,0,-11129.0000,936.5900,36.8307,2.04204,0.0
98,0,0,0,-11128.3000,885.0720,39.4498,2.86234,0.0
98,0,0,0,-11127.9000,1040.8900,33.8642,3.12414,0.0
98,0,0,0,-11104.2000,853.0030,40.5306,5.92134,10.0
98,0,0,0,-11103.2000,782.8340,37.4628,1.50098,0.0
98,0,0,0,-11103.1000,898.9980,40.0269,5.66702,5.0
98,0,0,0,-11099.5000,938.1610,35.9443,0.71980,10.0
98,0,0,0,-11099.0000,794.7450,37.8541,4.10152,0.0
98,0,0,0,-11096.5000,787.9180,37.7178,2.89725,0.0
98,0,0,0,-11084.7000,857.1960,42.3772,3.68039,10.0
98,0,0,0,-11081.9000,816.3130,40.0446,5.04543,5.0
98,0,0,0,-11053.2000,902.1300,36.2726,5.55015,0.0
98,0,0,0,-11042.2000,874.4640,36.5218,2.81700,10.0
98,0,0,0,-11037.7000,788.1990,37.7787,4.67748,0.0
98,0,0,0,-11036.0000,1038.7400,37.0751,0.59341,0.0
98,0,0,0,-11013.6000,917.4310,36.2185,5.29100,10.0
98,0,0,0,-11011.0000,752.4820,39.2166,2.57383,10.0
98,0,0,0,-10981.3000,827.2320,36.5928,3.18310,10.0
99,0,0,0,-9437.8100,466.1590,53.2881,3.74106,0.0
100,0,0,0,-10067.1000,629.8560,39.2659,0.67265,10.0
100,0,0,0,-10017.0000,654.0890,37.2852,5.41200,10.0
100,0,0,0,-9981.1800,566.1300,37.6634,1.37087,10.0
100,0,0,0,-9945.8600,620.9990,37.3262,4.03808,10.0
100,0,0,0,-9930.8800,573.4640,37.0119,2.35969,10.0
103,0,0,0,-9056.4800,-460.9030,72.8318,1.76278,0.0
113,0,0,0,-10067.2000,114.2270,29.9437,5.12804,5.0
113,0,0,0,-10053.8000,277.9490,26.6515,3.24340,5.0
113,0,0,0,-10040.4000,161.1680,29.0479,4.28594,5.0
113,0,0,0,-10038.7000,223.1140,27.9143,6.23625,5.0
113,0,0,0,-10024.6000,189.3390,29.7540,3.43305,5.0
113,0,0,0,-10021.0000,238.2770,29.5087,4.53031,5.0
113,0,0,0,-10020.8000,117.9150,33.5757,2.59753,5.0
113,0,0,0,-10018.3000,313.7980,31.4486,3.99191,5.0
113,0,0,0,-10016.0000,379.3020,32.8737,5.55437,5.0
113,0,0,0,-10008.5000,362.8020,33.5907,0.91010,5.0
113,0,0,0,-10005.3000,212.5350,30.4821,3.29647,5.0
113,0,0,0,-9989.7600,252.2550,30.8966,1.56494,5.0
113,0,0,0,-9986.9700,156.0620,34.8380,1.27560,5.0
113,0,0,0,-9984.2400,113.9540,34.1042,3.02591,5.0
113,0,0,0,-9979.2900,86.0380,34.7465,6.23044,5.0
113,0,0,0,-9971.3000,308.8700,35.8451,3.46149,5.0
113,0,0,0,-9948.2900,112.6670,33.0901,3.82554,5.0
113,0,0,0,-9945.1000,423.8130,34.7675,1.22975,5.0
113,0,0,0,-9944.8000,376.1580,34.9855,4.60737,5.0
113,0,0,0,-9943.0800,46.5204,33.1547,4.23553,5.0
113,0,0,0,-9942.0200,86.1381,33.0227,3.83789,5.0
113,0,0,0,-9933.7600,197.0070,23.3433,0.88081,5.0
113,0,0,0,-9929.2200,443.6410,34.5945,3.42760,5.0
113,0,0,0,-9926.7000,427.3810,34.7728,2.20437,5.0
113,0,0,0,-9926.4000,93.1414,32.6770,1.97430,5.0
113,0,0,0,-9910.1200,377.1480,35.1656,2.91669,5.0
113,0,0,0,-9907.5600,114.0180,32.4213,5.30634,5.0
113,0,0,0,-9886.7100,461.5840,37.8474,1.17974,5.0
113,0,0,0,-9881.6500,418.1570,34.8951,4.62417,5.0
113,0,0,0,-9852.0000,448.2140,36.5163,0.53872,5.0
113,0,0,0,-9824.8100,412.5000,36.8720,0.00000,5.0
113,0,0,0,-9821.6200,356.0020,37.7473,2.78667,5.0
113,0,0,0,-9814.2900,454.4890,36.4303,5.09693,5.0
113,0,0,0,-9794.9500,388.9870,39.6181,2.51294,5.0
113,0,0,0,-9792.8300,435.8570,37.9384,4.52488,5.0
113,0,0,0,-9759.1700,190.3680,51.0842,1.38605,5.0
113,0,0,0,-9738.2900,88.1389,43.8449,4.68014,5.0
113,0,0,0,-9717.8700,248.6150,49.4381,5.23292,5.0
113,0,0,0,-9717.2100,180.1710,50.5346,3.73231,5.0
113,0,0,0,-9685.1700,213.3920,51.2086,2.69681,5.0
113,0,0,0,-9682.4300,113.5130,47.1978,3.22080,5.0
113,0,0,0,-9681.8800,85.5572,45.7138,4.74363,5.0
113,0,0,0,-9634.2700,58.2623,60.2921,1.57599,5.0
113,0,0,0,-9612.5600,17.9160,61.6279,3.92441,5.0
113,0,0,0,-9593.6100,54.7190,60.9167,2.22424,5.0
113,0,0,0,-9577.1000,124.6160,59.3955,0.67122,5.0
113,0,0,0,-9552.6100,151.4490,59.4064,2.34791,5.0
113,0,0,0,-9548.4700,115.0320,59.1045,3.35103,5.0
113,0,0,0,-9547.6000,83.9896,59.5094,5.09636,5.0
113,0,0,0,-9545.4000,4.4072,60.6510,5.20721,5.0
113,0,0,0,-9529.7900,187.1510,57.8628,2.56714,5.0
114,0,0,0,-10678.8000,1652.1200,42.4109,0.23200,10.0
114,0,0,0,-10648.5000,1685.0000,42.1497,0.35506,10.0
114,0,0,0,-10648.4000,1620.5400,43.3798,0.84289,10.0
114,0,0,0,-10619.5000,1716.4800,41.4147,3.41182,10.0
114,0,0,0,-10617.7000,1590.2200,42.5180,3.13085,10.0
114,0,0,0,-10615.4000,1646.8800,42.9668,4.94170,10.0
114,0,0,0,-10589.7000,1616.2000,42.4720,2.25475,10.0
114,0,0,0,-10586.4000,1751.8900,40.6899,2.13163,10.0
114,0,0,0,-10585.0000,1681.7600,40.9741,3.71265,10.0
114,0,0,0,-10550.8000,1706.1200,42.2933,4.67254,10.0
114,0,0,0,-10550.5000,1651.4100,41.5258,3.79391,10.0
114,0,0,0,-10516.3000,1686.6300,40.3730,3.91594,10.0
114,0,0,0,-10286.1000,1453.6000,40.0664,2.13085,5.0
114,0,0,0,-10252.2000,1483.5300,40.6493,0.16506,5.0
114,0,0,0,-10243.3000,1410.2500,40.8008,5.79725,5.0
114,0,0,0,-10240.5000,1510.2100,40.4541,0.06459,5.0
114,0,0,0,-10220.3000,1130.1800,36.2865,4.47113,5.0
114,0,0,0,-10219.6000,1488.8500,41.7015,1.09786,5.0
114,0,0,0,-10219.4000,1374.7100,39.7396,4.47695,5.0
114,0,0,0,-10186.4000,1081.3900,36.6235,0.45494,5.0
114,0,0,0,-10184.7000,1151.6300,36.8419,3.01928,5.0
114,0,0,0,-10176.5000,1440.3300,40.6278,5.52133,5.0
114,0,0,0,-10174.8000,1420.1500,40.1521,1.06299,5.0
114,0,0,0,-10155.8000,1188.6100,36.3941,1.40460,10.0
114,0,0,0,-10151.2000,1114.4100,36.8488,0.17874,5.0
114,0,0,0,-10122.9000,1126.2300,36.9085,1.48005,10.0
114,0,0,0,-10114.8000,1156.4200,36.4085,1.75826,10.0
114,0,0,0,-9980.8100,1214.9900,42.2694,1.79270,10.0
114,0,0,0,-9946.9900,1196.4700,42.6531,1.24975,10.0
114,0,0,0,-9940.5100,1232.2500,42.5235,3.29838,10.0
114,0,0,0,-9939.1800,1161.9000,41.7314,0.44314,10.0
114,0,0,0,-9926.4300,1263.5800,42.1853,2.55257,10.0
114,0,0,0,-9907.1300,1207.0300,42.1960,5.66322,10.0
114,0,0,0,-9896.8600,1270.8100,41.9403,5.14313,10.0
114,0,0,0,-9869.3800,1228.4700,41.6656,5.91486,10.0
115,0,0,0,-10849.3000,722.0310,33.6410,4.15077,5.0
115,0,0,0,-10848.5000,719.3000,34.3037,3.79626,5.0
115,0,0,0,-10846.7000,861.3620,32.9449,0.96971,5.0
115,0,0,0,-10843.4000,755.4340,33.8382,4.18403,10.0
115,0,0,0,-10831.6000,789.2380,33.2247,2.21633,10.0
115,0,0,0,-10825.6000,715.8840,37.8314,5.61478,3.0
115,0,0,0,-10821.3000,884.5100,33.4844,5.73659,10.0
115,0,0,0,-10807.6000,740.5640,35.0015,0.02152,10.0
115,0,0,0,-10781.4000,836.4580,33.0699,4.93120,10.0
115,0,0,0,-10745.8000,812.7360,32.7199,1.74168,10.0
116,0,0,0,-9919.2800,-81.9280,29.3812,5.50814,5.0
116,0,0,0,-9880.3000,-189.3180,35.1261,1.45917,5.0
116,0,0,0,-9866.8000,-155.9160,31.9700,6.01213,5.0
116,0,0,0,-9863.6200,-218.6410,36.2294,5.37561,5.0
116,0,0,0,-9863.5000,-123.6350,28.9781,6.00191,5.0
116,0,0,0,-9860.4700,-220.9200,36.2294,2.65290,5.0
116,0,0,0,-9860.3200,-88.5566,26.3414,1.32571,5.0
116,0,0,0,-9836.5500,-839.9350,39.3029,3.67885,5.0
116,0,0,0,-9826.7500,-918.7360,41.3269,0.80479,5.0
116,0,0,0,-9820.0400,-113.8330,27.9131,1.41451,5.0
116,0,0,0,-9812.7600,-188.3940,36.8753,5.78247,5.0
116,0,0,0,-9802.5500,-829.0770,40.7339,0.58386,5.0
116,0,0,0,-9795.1300,-1567.4300,38.5260,2.41517,5.0
116,0,0,0,-9791.7500,-1547.1600,41.3740,4.45129,5.0
116,0,0,0,-9790.9100,-1586.8400,40.7193,2.51969,5.0
116,0,0,0,-9776.1800,-1574.3700,41.9010,5.04337,5.0
116,0,0,0,-9772.7300,-1560.2100,41.7490,2.83708,5.0
116,0,0,0,-9770.2800,-1595.3600,44.6510,1.59509,5.0
116,0,0,0,-9766.9200,-917.4590,39.8000,0.00000,5.0
116,0,0,0,-9749.8000,-1586.1800,48.7867,1.64448,5.0
116,0,0,0,-9749.6600,-1548.1800,49.5231,1.96652,5.0
116,0,0,0,-9744.7000,-815.9300,42.0071,1.28590,5.0
116,0,0,0,-9738.4500,-834.3820,40.3696,2.22150,5.0
116,0,0,0,-9730.2100,-840.6250,40.4280,4.90311,5.0
116,0,0,0,-9715.1200,-939.5220,38.4854,0.44660,5.0
116,0,0,0,-9714.1900,-846.7250,41.8909,3.09557,5.0
116,0,0,0,-9704.3300,-45.9833,39.1445,0.94285,5.0
116,0,0,0,-9685.0200,-73.2844,40.1185,1.51476,5.0
116,0,0,0,-9673.8900,-4.6032,44.8655,5.85446,5.0
116,0,0,0,-9655.4000,-112.4520,44.5232,0.91292,5.0
116,0,0,0,-9647.7000,-59.3975,43.4704,3.02813,5.0
116,0,0,0,-9326.9200,-382.9700,66.8942,1.93636,5.0
116,0,0,0,-9314.2700,-276.7750,70.1900,0.45055,5.0
116,0,0,0,-9309.0500,-272.2840,70.9471,4.02234,5.0
116,0,0,0,-9306.6700,-287.2240,70.5972,5.16617,5.0
116,0,0,0,-9303.8200,525.6050,79.5101,1.86418,5.0
116,0,0,0,-9289.6100,522.2540,84.0098,5.35067,5.0
116,0,0,0,-9287.1900,498.3280,80.0960,4.63733,5.0
116,0,0,0,-9280.0300,510.2100,84.1767,1.69299,5.0
116,0,0,0,-9270.7100,458.6950,81.4879,2.58321,5.0
117,0,0,0,-9914.1800,1587.7900,42.2181,2.75372,10.0
117,0,0,0,-9882.6500,1581.6500,44.0934,4.25646,10.0
117,0,0,0,-9878.7900,1549.2600,44.2709,2.49582,0.0
117,0,0,0,-9864.9600,1535.4700,46.3233,2.64043,5.0
117,0,0,0,-9852.1900,1557.0100,47.0733,3.81742,10.0
117,0,0,0,-9787.4300,1420.4500,41.7238,1.38407,5.0
117,0,0,0,-9778.9000,1454.5500,43.9253,1.30210,5.0
117,0,0,0,-9752.5800,1198.5800,41.1622,1.50098,0.0
117,0,0,0,-9745.1100,1192.7700,41.1622,3.14159,0.0
117,0,0,0,-9734.7400,1442.4600,44.5614,1.54734,5.0
117,0,0,0,-9733.8600,1033.9000,36.6799,5.48910,10.0
117,0,0,0,-9731.6300,1015.7800,37.9612,3.29885,10.0
117,0,0,0,-9730.3400,1451.4600,44.7690,2.89254,5.0
117,0,0,0,-9729.1400,1191.1100,42.4429,4.01128,5.0
117,0,0,0,-9728.1000,1184.9900,43.0233,1.76744,5.0
117,0,0,0,-9725.4400,1450.9400,45.0245,4.60767,0.0
117,0,0,0,-9717.8000,1445.0000,45.0707,3.22886,0.0
117,0,0,0,-9714.6400,1039.9000,36.0748,1.50098,0.0
117,0,0,0,-9712.1200,1046.4500,35.5443,3.66519,0.0
117,0,0,0,-9708.8500,991.1460,35.4550,2.58023,10.0
117,0,0,0,-9704.7300,1430.3600,46.9241,5.28899,5.0
117,0,0,0,-9702.4400,1024.3100,37.4612,2.01768,10.0
117,0,0,0,-9702.1800,1037.1300,36.3156,0.75049,0.0
117,0,0,0,-9697.0100,1045.4700,35.5871,4.52040,0.0
118,0,0,0,-9918.8000,-1345.6200,30.7832,2.43468,5.0
118,0,0,0,-9917.5800,-1435.5200,27.7561,4.68765,0.0
118,0,0,0,-9886.5200,-1367.2200,33.7042,0.86831,5.0
118,0,0,0,-9882.4300,-1437.7800,33.9574,0.02539,5.0
118,0,0,0,-9879.7100,-1312.7900,36.2718,0.68671,5.0
118,0,0,0,-9866.4900,-1247.8300,31.5975,0.77987,5.0
118,0,0,0,-9858.8300,-1415.5000,37.6797,1.61578,5.0
118,0,0,0,-9855.0100,-1212.3000,32.9815,1.62749,0.0
118,0,0,0,-9849.8800,-1286.0700,35.8665,4.96037,5.0
118,0,0,0,-9846.3300,-1587.4800,25.8486,4.72216,0.0
118,0,0,0,-9833.5600,-1498.1600,39.6234,5.59045,0.0
118,0,0,0,-9823.1800,-1266.3500,35.4796,3.78431,5.0
118,0,0,0,-9820.6600,-1505.0000,40.5888,0.44442,0.0
118,0,0,0,-9818.1100,-1269.3300,35.6951,5.96757,5.0
118,0,0,0,-9817.2300,-1250.8300,36.2617,3.63850,5.0
118,0,0,0,-9808.3300,-1258.7800,35.7617,4.61773,5.0
118,0,0,0,-9796.5000,-1260.6300,35.2682,3.07178,0.0
118,0,0,0,-9784.2100,-1215.5000,39.4623,2.42258,0.0
118,0,0,0,-9776.7400,-1487.8800,46.5640,2.04754,5.0
118,0,0,0,-9764.2400,-1627.9000,47.4417,5.64750,0.0
118,0,0,0,-9764.0200,-1261.3900,45.7955,0.31991,0.0
118,0,0,0,-9752.2600,-1514.0800,48.7578,2.84506,5.0
118,0,0,0,-9749.6400,-1251.3800,46.8563,2.09542,0.0
118,0,0,0,-9747.7800,-1252.3500,47.3221,5.47825,0.0
118,0,0,0,-9747.0800,-1163.5900,38.2913,3.49947,5.0
118,0,0,0,-9742.6300,-1292.5600,47.5727,4.08374,5.0
118,0,0,0,-9742.4900,-1108.4900,38.1107,3.05352,0.0
118,0,0,0,-9738.3500,-1606.0700,49.6782,2.72588,0.0
118,0,0,0,-9731.2000,-1489.2000,49.5855,2.70978,5.0
118,0,0,0,-9731.1100,-1545.9600,51.6327,3.15722,5.0
118,0,0,0,-9726.0900,-1304.1400,49.2229,1.49058,5.0
118,0,0,0,-9711.2100,-1084.7800,40.7394,5.21532,5.0
118,0,0,0,-9709.7300,-1146.0100,39.7267,3.26305,0.0
118,0,0,0,-9702.8000,-1207.4500,52.4935,3.05359,5.0
118,0,0,0,-9698.0500,-1107.8300,40.8897,0.03904,0.0
118,0,0,0,-9675.5200,-1575.5800,56.1217,1.03494,5.0
118,0,0,0,-9663.3100,-1152.7300,40.2970,0.27036,5.0
118,0,0,0,-9656.5300,-1083.5600,43.3900,0.91665,0.0
118,0,0,0,-9613.1700,-1446.7900,57.4714,2.94586,5.0
118,0,0,0,-9608.5600,-1519.6800,59.9170,2.31754,5.0
118,0,0,0,-9605.8300,-1374.2100,54.5594,0.84684,5.0
118,0,0,0,-9579.8700,-1544.0800,60.4951,0.46190,5.0
118,0,0,0,-9541.4500,-1486.0600,60.6541,5.88647,0.0
118,0,0,0,-9531.8400,-1494.2500,62.1052,5.94749,0.0
118,0,0,0,-9526.9500,-1542.2100,61.1686,6.24524,5.0
118,0,0,0,-9524.0400,-1496.8400,62.3575,6.16368,0.0
118,0,0,0,-9468.5700,-1479.8100,62.2559,0.28383,0.0
118,0,0,0,-9461.5900,-973.4190,56.3415,4.40480,5.0
118,0,0,0,-9450.6800,-957.8410,55.7379,0.73295,5.0
118,0,0,0,-9447.5600,-977.2220,55.8026,2.04204,0.0
118,0,0,0,-9439.8300,-972.5990,55.7748,2.67035,0.0
118,0,0,0,-9425.1300,-1461.9000,62.1602,6.05852,0.0
118,0,0,0,-9415.7300,-1461.7600,62.6290,6.27553,0.0
118,0,0,0,-9415.2100,-1510.4500,69.1497,6.02681,5.0
118,0,0,0,-9413.3700,-1124.1100,59.1057,4.22691,5.0
118,0,0,0,-9391.2900,-1185.1000,62.4871,5.77619,0.0
118,0,0,0,-9374.0000,-1415.6000,63.3606,0.05826,0.0
118,0,0,0,-9373.7300,-1416.8000,63.4678,0.36478,0.0
118,0,0,0,-9370.3200,-1212.8600,64.1346,2.67625,0.0
118,0,0,0,-9367.1500,-1161.5100,65.5788,5.13495,0.0
118,0,0,0,-9357.3400,-1446.0300,66.0512,4.37944,0.0
118,0,0,0,-9356.7900,-1399.6700,63.4195,4.33877,0.0
118,0,0,0,-9347.9200,-1192.0600,66.6780,3.41267,0.0
118,0,0,0,-9345.5700,-1241.0700,66.1845,2.24820,0.0
118,0,0,0,-9345.0700,-1308.4100,61.8779,4.30283,0.0
118,0,0,0,-9321.0200,-1352.1600,67.5302,3.27273,5.0
118,0,0,0,-8985.3600,-777.8240,72.2418,5.45966,0.0
118,0,0,0,-8941.0400,-734.3190,70.4347,3.03639,0.0
118,0,0,0,-8908.5600,-912.4450,73.5995,1.93643,0.0
118,0,0,0,-8900.4900,-1203.7800,75.5220,2.46677,5.0
118,0,0,0,-8889.9800,-968.1510,73.2223,4.39878,5.0
118,0,0,0,-8885.7100,-1153.2200,75.9771,0.06124,5.0
118,0,0,0,-8885.0800,-890.6910,74.9290,0.05694,0.0
118,0,0,0,-8878.3400,-1122.7200,76.0650,3.31027,5.0
118,0,0,0,-8876.1500,-1021.5400,74.2623,0.93508,0.0
118,0,0,0,-8874.9400,-1075.4100,74.5064,1.37189,0.0
118,0,0,0,-8865.2500,-1019.4400,74.9670,4.88449,0.0
118,0,0,0,-8858.0600,-1073.3200,75.9023,4.52797,0.0
118,0,0,0,-8847.9000,-918.8400,75.8897,0.08654,0.0
118,0,0,0,-8822.3100,-1020.8300,76.3172,0.23841,0.0
118,0,0,0,-8812.4200,-1038.2200,75.5839,4.77211,0.0
118,0,0,0,-8806.5000,-943.7510,73.8439,0.47501,5.0
118,0,0,0,-8803.5500,-1081.9600,76.8271,5.23372,0.0
119,0,0,0,-9912.1100,675.3510,33.5168,4.53256,0.0
119,0,0,0,-9862.5400,715.2000,30.3827,2.47246,0.0
119,0,0,0,-9855.2900,604.6700,39.0587,0.49404,0.0
119,0,0,0,-9803.8000,655.9940,34.7701,5.34544,0.0
119,0,0,0,-9771.7000,700.8880,27.5840,1.47029,0.0
119,0,0,0,-9768.0500,615.6420,35.3285,0.93308,0.0
121,0,0,0,-11248.1000,1400.4100,89.6090,0.00000,0.0
121,0,0,0,-11230.5000,1253.9500,89.2896,0.00000,0.0
121,0,0,0,-11204.4000,1289.9900,91.8471,0.00000,10.0
121,0,0,0,-11195.1000,1755.9100,36.7794,5.69701,5.0
121,0,0,0,-11166.3000,1709.2300,41.6794,0.00000,0.0
121,0,0,0,-11158.9000,1707.3700,42.9868,1.69297,0.0
121,0,0,0,-11155.2000,1722.1100,41.3220,3.49345,5.0
121,0,0,0,-11154.3000,1224.8000,78.8006,0.00000,0.0
121,0,0,0,-11114.6000,1170.2700,60.0170,3.74392,5.0
121,0,0,0,-11031.3000,1661.0200,42.9227,5.63741,0.0
121,0,0,0,-11019.2000,1652.3400,43.0465,2.53073,0.0
122,0,0,0,-11325.5000,1718.0500,37.5173,0.78540,0.0
122,0,0,0,-11322.5000,1727.9400,37.1565,4.69494,0.0
122,0,0,0,-11313.9000,1719.6600,37.2277,2.98451,0.0
122,0,0,0,-11296.2000,1685.9500,44.1172,2.49809,10.0
122,0,0,0,-11292.4000,1374.8000,95.8735,0.29671,0.0
122,0,0,0,-11281.7000,1683.5900,44.8091,3.81690,10.0
122,0,0,0,-11279.0000,1544.7900,74.2196,0.02874,10.0
122,0,0,0,-11277.8000,1718.8900,39.7573,3.73460,5.0
122,0,0,0,-11276.3000,1708.8900,41.1053,6.14374,5.0
122,0,0,0,-11260.5000,1501.0600,82.7884,4.21600,5.0
122,0,0,0,-11254.2000,1581.2500,66.5243,3.48607,5.0
122,0,0,0,-11250.6000,1651.0000,50.6391,0.58881,5.0
122,0,0,0,-11245.7000,1157.2200,89.2269,0.00000,0.0
122,0,0,0,-11242.7000,1152.2800,89.3165,1.36136,0.0
122,0,0,0,-11237.4000,1159.9500,89.2145,3.83972,0.0
122,0,0,0,-11229.9000,1173.5900,89.6933,0.33715,5.0
122,0,0,0,-11226.8000,1393.2900,89.1562,3.10513,5.0
122,0,0,0,-11202.4000,1331.9100,89.3128,4.37965,5.0
122,0,0,0,-11201.6000,1208.6300,87.8476,1.16124,5.0
122,0,0,0,-11186.8000,1289.1900,88.7771,2.51536,5.0
122,0,0,0,-11156.1000,1191.2700,75.4143,1.15192,0.0
122,0,0,0,-11155.0000,1237.2800,79.9888,2.88377,5.0
122,0,0,0,-11121.0000,1177.3600,62.4712,6.01474,5.0
122,0,0,0,-11100.4000,1194.4800,59.3332,0.70766,5.0
122,0,0,0,-10758.7000,889.9130,36.1414,3.35103,0.0
122,0,0,0,-10758.1000,895.2120,36.1414,3.75246,0.0
123,0,0,0,-11088.7000,1914.0500,33.5659,0.71559,0.0
123,0,0,0,-11082.0000,1920.6100,32.5775,4.01426,0.0
123,0,0,0,-11081.6000,1914.5900,33.2307,2.26893,0.0
123,0,0,0,-10945.9000,1969.1800,35.3214,0.12012,10.0
123,0,0,0,-10941.8000,1995.0600,34.6299,5.90704,10.0
123,0,0,0,-10926.8000,1987.9500,34.2310,1.04720,0.0
123,0,0,0,-10926.7000,2014.5600,37.6918,2.71584,10.0
123,0,0,0,-10923.8000,1985.4300,34.8503,1.72788,0.0
123,0,0,0,-10910.0000,2004.1900,36.0668,2.56730,10.0
123,0,0,0,-10888.4000,1975.3400,39.3286,5.74625,5.0
123,0,0,0,-10837.1000,1758.8400,36.5616,0.43633,0.0
123,0,0,0,-10835.5000,1773.6500,36.4599,5.30580,0.0
123,0,0,0,-10790.6000,1969.8700,36.1528,0.36907,10.0
123,0,0,0,-10755.7000,1955.6400,37.4230,6.10865,0.0
123,0,0,0,-10751.8000,1957.7200,37.4189,4.59022,0.0
123,0,0,0,-10751.3000,1952.2600,37.4264,1.97222,0.0
123,0,0,0,-10747.2000,1952.3700,37.5037,2.67035,0.0
123,0,0,0,-10720.2000,1967.6900,37.3602,1.52781,5.0
123,0,0,0,-10627.1000,1921.6900,44.6054,2.94496,5.0
123,0,0,0,-10622.7000,1953.0500,37.9240,5.77704,0.0
123,0,0,0,-10613.6000,1952.4200,37.8717,4.92183,0.0
123,0,0,0,-10609.8000,1942.8600,37.8717,2.12930,0.0
123,0,0,0,-10583.9000,1950.4100,35.8802,2.98415,5.0
123,0,0,0,-10563.3000,1960.5300,35.6020,5.53269,0.0
123,0,0,0,-10562.0000,1963.4900,35.2138,5.81195,0.0
123,0,0,0,-10559.0000,1985.0100,34.6435,2.72720,5.0
123,0,0,0,-10552.8000,1962.2900,35.8334,4.17134,0.0
123,0,0,0,-10551.2000,1959.0800,36.2150,3.35103,0.0
123,0,0,0,-10521.4000,1974.8600,33.9444,0.39880,5.0
123,0,0,0,-10519.7000,1951.8100,38.8867,4.88738,5.0
123,0,0,0,-10195.7000,1704.3800,34.2766,2.87765,0.0
123,0,0,0,-10149.9000,1734.8100,32.1080,5.95157,0.0
123,0,0,0,-10147.0000,1728.7800,32.5492,2.09439,0.0
123,0,0,0,-10140.7000,1647.2900,37.8315,3.31613,0.0
123,0,0,0,-10139.6000,1729.1200,32.5282,1.34390,0.0
123,0,0,0,-10137.2000,1735.4400,32.0995,3.50811,0.0
123,0,0,0,-10130.5000,1771.3100,33.4298,0.30238,5.0
123,0,0,0,-10085.4000,1868.6300,36.1966,3.18704,5.0
123,0,0,0,-10066.1000,1681.5800,34.6830,5.42797,0.0
123,0,0,0,-10044.9000,1825.4200,36.9108,2.37829,5.0
123,0,0,0,-10027.2000,1821.1600,37.8078,5.89921,0.0
123,0,0,0,-10024.6000,1812.3400,37.8161,1.62316,0.0
123,0,0,0,-10020.6000,1815.6500,37.8547,3.49066,0.0
123,0,0,0,-10016.0000,1828.7000,37.6354,2.94769,5.0
123,0,0,0,-9999.8500,1823.8500,37.6400,4.57992,5.0
124,0,0,0,-11107.1000,744.0470,34.7981,3.41506,10.0
124,0,0,0,-11101.9000,1923.5000,33.7903,1.94826,5.0
124,0,0,0,-11089.0000,1921.7700,33.4035,5.58505,0.0
124,0,0,0,-11064.2000,1913.7000,32.7518,3.46788,5.0
124,0,0,0,-11045.5000,1010.7800,37.9087,3.36731,10.0
124,0,0,0,-11029.4000,1941.5800,35.3864,0.76633,5.0
124,0,0,0,-11019.3000,1924.5400,35.5034,0.80285,0.0
124,0,0,0,-11018.0000,1931.1000,34.7418,4.90438,0.0
124,0,0,0,-11013.2000,1867.5300,40.1777,4.87758,10.0
124,0,0,0,-11010.7000,1891.2600,39.9277,0.05206,10.0
124,0,0,0,-10998.8000,1874.5100,41.5471,0.40143,0.0
124,0,0,0,-10998.8000,1878.5600,41.5570,5.41052,0.0
124,0,0,0,-10993.5000,1878.2400,41.6037,3.89208,0.0
124,0,0,0,-10990.4000,1874.0700,42.0952,2.89725,0.0
124,0,0,0,-10981.3000,1953.6900,33.8409,0.87324,10.0
124,0,0,0,-10979.1000,1919.4500,44.2695,1.63724,10.0
124,0,0,0,-10872.8000,1191.8800,33.6896,3.22245,10.0
124,0,0,0,-10865.0000,1165.2200,38.0317,6.03884,0.0
124,0,0,0,-10855.0000,1314.2300,37.0200,3.86548,10.0
124,0,0,0,-10853.0000,1163.0200,37.2741,3.03687,0.0
124,0,0,0,-10845.6000,1282.6000,35.1159,6.26711,10.0
124,0,0,0,-10844.9000,1330.6600,35.8844,1.09405,10.0
124,0,0,0,-10820.9000,1328.4000,34.2793,3.66519,0.0
124,0,0,0,-10819.4000,1324.4300,34.3925,2.86234,0.0
124,0,0,0,-10818.5000,1150.5900,41.9775,5.16701,5.0
124,0,0,0,-10545.9000,2001.9400,-7.5125,6.23082,0.0
125,0,0,0,-11215.0000,885.4270,53.5537,5.42797,0.0
125,0,0,0,-11209.7000,794.7850,41.0024,0.29671,0.0
126,0,0,0,-9687.9500,1529.9200,13.8549,5.53269,0.0
126,0,0,0,-9687.6100,1522.0700,14.2513,0.95993,0.0
126,0,0,0,-9682.8300,1546.7800,12.9640,3.78795,10.0
126,0,0,0,-9665.4900,1527.8200,10.6811,2.47558,5.0
126,0,0,0,-9664.4200,1137.0800,7.0664,3.71475,10.0
126,0,0,0,-9659.4200,1153.1200,5.4315,0.94248,10.0
126,0,0,0,-9632.0000,1358.2300,6.4888,0.00000,0.0
126,0,0,0,-9626.6700,1547.8200,0.7488,4.38078,10.0
126,0,0,0,-9623.7100,1047.0300,7.0549,4.99311,10.0
126,0,0,0,-9623.5200,1122.7500,1.8254,0.06547,10.0
126,0,0,0,-9618.8800,1357.3400,3.4901,0.74996,10.0
126,0,0,0,-9615.9800,1197.0800,3.7059,5.01723,10.0
126,0,0,0,-9609.7000,1519.3300,2.3814,2.07611,5.0
126,0,0,0,-9608.7800,1066.6400,3.4833,3.47321,0.0
126,0,0,0,-9607.3700,1441.1300,5.8925,2.22129,10.0
126,0,0,0,-9606.7300,1156.9700,1.7901,0.04429,10.0
126,0,0,0,-9605.5600,1040.3500,7.6650,3.73299,5.0
126,0,0,0,-9604.2800,1460.3700,6.6514,3.80110,5.0
126,0,0,0,-9592.1300,1063.1200,3.4806,3.70854,0.0
126,0,0,0,-9591.5300,1428.6000,3.3233,0.61326,10.0
126,0,0,0,-9590.7900,1445.0400,2.4217,6.04542,5.0
126,0,0,0,-9589.8500,1503.4800,-0.1475,4.11898,0.0
126,0,0,0,-9584.9600,1479.4000,-1.0866,4.55879,5.0
126,0,0,0,-9583.7400,1452.6000,0.4413,3.47321,0.0
126,0,0,0,-9576.7800,1059.7900,5.2887,3.14159,0.0
127,0,0,0,-11414.4000,1821.8400,-1.0856,-2.72210,5.0
127,0,0,0,-11411.0000,1806.4100,4.0704,5.53269,0.0
127,0,0,0,-11392.9000,1790.2700,8.3670,0.92502,0.0
127,0,0,0,-11390.0000,1789.8900,8.3823,1.67552,0.0
127,0,0,0,-11371.4000,1796.9100,8.5064,1.16937,0.0
127,0,0,0,-11367.2000,1806.2700,8.1107,4.27606,10.0
127,0,0,0,-11365.7000,1779.5500,9.8295,6.03528,10.0
127,0,0,0,-11365.1000,1799.6400,8.4100,2.51327,0.0
127,0,0,0,-11165.7000,2037.1700,0.3627,3.68265,0.0
127,0,0,0,-11144.9000,2090.6400,-7.1868,3.71755,10.0
127,0,0,0,-11139.3000,2039.2800,0.2777,4.65180,10.0
127,0,0,0,-11127.7000,2123.9700,-10.9382,5.35312,10.0
127,0,0,0,-11123.0000,2084.7600,-6.8155,0.31416,0.0
127,0,0,0,-11120.2000,2110.2800,-5.8617,3.31613,10.0
127,0,0,0,-11107.2000,2077.0500,-2.1592,5.33135,10.0
127,0,0,0,-11082.8000,2079.7100,11.3781,4.32842,0.0
127,0,0,0,-11079.7000,2085.9600,9.6345,6.12611,0.0
127,0,0,0,-11073.6000,2069.5300,6.3876,1.55908,10.0
127,0,0,0,-11072.9000,2099.1100,1.2763,5.79449,10.0
127,0,0,0,-11041.0000,2021.3000,11.2134,5.06834,5.0
127,0,0,0,-11016.8000,2030.1200,10.7599,0.31416,0.0
127,0,0,0,-11014.4000,2036.9700,10.2512,4.88692,0.0
151,0,0,0,-9465.2900,9.6331,57.1459,1.44862,0.0
152,0,0,0,-8901.5900,-112.7160,82.0314,3.31613,0.0
154,0,0,0,-10898.0000,957.3350,37.7209,1.81891,5.0
154,0,0,0,-10862.7000,937.1590,41.7551,0.79092,5.0
154,0,0,0,-10815.1000,826.9740,33.4187,4.97632,10.0
154,0,0,0,-10809.8000,963.4940,34.1271,1.61121,10.0
154,0,0,0,-10784.4000,949.3730,38.9418,2.61243,10.0
154,0,0,0,-10685.6000,781.4670,48.5546,3.92630,10.0
154,0,0,0,-10679.8000,876.5930,37.6284,5.22935,5.0
154,0,0,0,-10620.8000,937.5000,39.5139,0.41619,5.0
154,0,0,0,-10580.7000,822.6540,49.4535,3.14946,10.0
154,0,0,0,-10549.1000,849.1110,44.8709,1.36632,10.0
154,0,0,0,-10429.1000,2086.5300,5.2895,0.19070,10.0
154,0,0,0,-10393.3000,2092.1900,1.8107,2.01752,5.0
154,0,0,0,-10389.3000,2068.9000,6.8088,3.35814,5.0
157,0,0,0,-11285.2000,1767.7500,38.9165,0.55250,10.0
157,0,0,0,-11252.7000,1801.2600,36.7896,4.68310,10.0
157,0,0,0,-11223.4000,1907.8600,35.1899,5.50884,10.0
157,0,0,0,-11215.5000,1817.7300,36.6214,2.39403,10.0
157,0,0,0,-11169.9000,1906.9000,33.9430,5.38479,10.0
157,0,0,0,-11078.9000,1712.9100,43.5134,1.98889,10.0
157,0,0,0,-11018.1000,1784.1900,43.9677,6.16876,10.0
157,0,0,0,-10947.4000,1682.6900,44.1960,2.88809,10.0
157,0,0,0,-10914.1000,1130.8800,42.5645,2.40083,10.0
157,0,0,0,-10896.7000,1534.4900,48.3628,1.04244,10.0
157,0,0,0,-10887.0000,1053.6300,36.5773,2.93496,10.0
157,0,0,0,-10885.2000,1715.2500,36.3352,1.60073,10.0
157,0,0,0,-10851.1000,1364.8600,37.9532,5.21797,10.0
157,0,0,0,-10850.3000,1486.7700,45.9450,4.51978,10.0
157,0,0,0,-10849.1000,1429.5800,43.6413,2.54574,10.0
157,0,0,0,-10820.8000,1636.2100,40.2313,4.69215,10.0
157,0,0,0,-10814.5000,1217.7700,34.5545,1.01204,5.0
157,0,0,0,-10804.3000,1715.7800,40.0546,1.73161,10.0
157,0,0,0,-10781.3000,1017.4200,32.7895,0.35358,10.0
157,0,0,0,-10778.6000,1456.1500,45.4044,2.87577,5.0
157,0,0,0,-10777.4000,1122.1700,39.0558,4.81389,10.0
157,0,0,0,-10777.3000,1224.5100,40.8045,0.46627,5.0
157,0,0,0,-10752.2000,1778.7500,38.6161,5.58414,10.0
157,0,0,0,-10744.4000,1572.0300,45.0209,5.38089,10.0
157,0,0,0,-10740.5000,1283.4200,43.0943,1.35901,10.0
157,0,0,0,-10739.9000,1421.2800,36.9333,0.99660,10.0
157,0,0,0,-10728.3000,1451.9900,47.6698,3.21994,5.0
157,0,0,0,-10705.9000,1391.7400,39.7334,0.20524,10.0
157,0,0,0,-10693.1000,1421.4400,41.2332,2.29473,10.0
157,0,0,0,-10627.6000,1326.2600,38.0802,5.44400,10.0
157,0,0,0,-10617.1000,1481.2100,47.3366,1.00609,5.0
157,0,0,0,-10608.2000,1395.2700,41.2804,5.20177,10.0
157,0,0,0,-10579.3000,1437.7100,40.9645,4.95529,5.0
157,0,0,0,-10548.3000,1450.0200,48.1918,0.05669,5.0
157,0,0,0,-10542.1000,1513.2600,63.6426,6.03631,5.0
157,0,0,0,-10512.2000,884.8590,40.1483,5.53019,5.0
157,0,0,0,-10461.2000,913.6260,38.8467,2.80233,5.0
157,0,0,0,-10452.1000,1463.8900,47.7510,2.12608,5.0
157,0,0,0,-10448.9000,871.9680,39.9274,4.12564,5.0
157,0,0,0,-10445.9000,1584.9500,54.8848,2.96296,5.0
157,0,0,0,-10439.9000,927.0200,38.7766,1.55022,5.0
157,0,0,0,-10418.4000,948.7470,38.2660,1.90924,5.0
157,0,0,0,-10416.7000,1516.6700,48.5678,3.96640,5.0
157,0,0,0,-10392.8000,1683.2600,38.6156,3.33385,5.0
157,0,0,0,-10392.1000,925.3290,42.4526,6.05899,5.0
157,0,0,0,-10357.1000,1692.5400,36.5974,5.36761,5.0
157,0,0,0,-10328.8000,1589.0500,40.8687,1.82899,5.0
157,0,0,0,-10324.8000,1477.6300,37.9519,3.00439,5.0
157,0,0,0,-10304.6000,1549.3600,42.2111,3.14550,5.0
157,0,0,0,-10283.5000,1839.5100,39.1168,1.57641,10.0
157,0,0,0,-10254.5000,1778.8100,36.6816,4.12603,10.0
157,0,0,0,-10174.2000,1575.4000,45.3646,2.68056,5.0
157,0,0,0,-10123.3000,1835.8700,37.5725,4.88508,10.0
157,0,0,0,-10050.2000,1647.1500,40.9424,4.55157,10.0
167,0,0,0,-5343.6800,-2932.1300,324.4440,4.15388,0.0
171,0,0,0,-10568.2000,2109.9700,0.9913,6.19592,0.0
171,0,0,0,-10561.7000,2133.3600,-5.8456,4.34276,10.0
171,0,0,0,-10555.8000,2101.3300,4.3884,3.34558,10.0
171,0,0,0,-10540.7000,2151.4600,-12.3118,2.77507,0.0
171,0,0,0,-10540.5000,2141.9900,-8.1519,4.13643,10.0
171,0,0,0,-10527.6000,2155.1400,-13.2537,5.54930,10.0
171,0,0,0,-10520.3000,2129.9000,-3.8892,4.50295,10.0
171,0,0,0,-10518.8000,2113.9000,1.3663,4.08407,10.0
171,0,0,0,-10505.9000,2106.2900,4.4923,5.67232,10.0
171,0,0,0,-10346.9000,2088.3300,-0.4533,1.53030,10.0
171,0,0,0,-10311.9000,2047.3600,7.4699,4.91898,10.0
171,0,0,0,-10289.8000,2082.5300,-2.0899,0.10832,10.0
171,0,0,0,-10230.0000,2002.2400,12.1719,1.71042,0.0
171,0,0,0,-10227.7000,2008.7300,12.6365,3.80482,0.0
171,0,0,0,-10194.1000,2000.9600,10.1692,3.20151,10.0
171,0,0,0,-10185.8000,2046.6400,0.7217,3.96670,5.0
171,0,0,0,-10179.6000,2021.8700,5.7505,5.06145,0.0
171,0,0,0,-10174.3000,2029.6200,6.0768,5.84378,0.0
171,0,0,0,-10169.8000,2024.2000,7.6383,4.90438,0.0
171,0,0,0,-10168.6000,1992.4900,11.0159,1.16288,10.0
171,0,0,0,-10166.5000,2021.2800,8.3031,3.22886,0.0
171,0,0,0,-10143.4000,1996.1500,9.6924,3.97671,10.0
171,0,0,0,-10086.5000,2025.1900,-6.0156,3.02522,5.0
171,0,0,0,-10067.9000,1988.0800,-3.4505,4.03755,5.0
171,0,0,0,-10057.7000,2027.4200,-9.6646,3.53498,5.0
171,0,0,0,-10044.9000,2002.0700,-6.4458,1.85252,10.0
171,0,0,0,-10036.3000,1988.8200,-5.9255,0.00000,10.0
171,0,0,0,-10022.0000,1952.1200,-2.1193,3.63044,10.0
171,0,0,0,-10021.8000,1890.4300,11.6347,1.04720,0.0
171,0,0,0,-10009.4000,1905.0400,6.4923,2.49088,5.0
171,0,0,0,-9908.6300,1778.5900,10.2314,0.82030,0.0
171,0,0,0,-9888.1600,1795.3300,5.6988,0.79161,10.0
171,0,0,0,-9884.4500,1769.0400,8.8866,4.76958,10.0
190,0,0,0,-8897.7100,-115.3280,81.9982,3.78736,0.0
196,0,0,0,-8869.2200,-163.2370,80.9719,0.95993,0.0
197,0,0,0,-8902.5900,-162.6060,82.0223,2.04204,0.0
198,0,0,0,-8851.5700,-188.2340,89.4958,2.91470,0.0
199,0,0,0,-10424.1000,1137.9100,39.1297,4.90500,10.0
199,0,0,0,-10385.4000,1218.9100,44.3820,5.96236,5.0
199,0,0,0,-10337.2000,871.4220,41.0713,5.47293,5.0
199,0,0,0,-10332.6000,1321.0000,55.4436,2.99763,5.0
199,0,0,0,-10328.6000,915.1150,40.6276,4.36694,5.0
199,0,0,0,-10328.2000,1120.7600,36.7664,3.20459,10.0
199,0,0,0,-10326.8000,1016.5200,39.4294,6.27635,5.0
199,0,0,0,-10268.8000,1287.4500,40.5918,0.56273,10.0
199,0,0,0,-10236.7000,1304.1600,39.5538,4.78860,10.0
199,0,0,0,-10232.9000,1170.9600,34.7181,0.45404,10.0
199,0,0,0,-10224.0000,852.1770,38.3078,4.57326,10.0
199,0,0,0,-10187.4000,1512.8700,42.9605,0.87318,5.0
199,0,0,0,-10154.2000,922.0380,38.1280,5.44942,10.0
199,0,0,0,-10149.4000,1683.8800,38.2350,5.45499,5.0
199,0,0,0,-10121.2000,1308.8500,40.3543,0.81297,10.0
199,0,0,0,-10104.4000,1322.3000,42.5532,6.27733,10.0
199,0,0,0,-10084.4000,881.5580,34.0505,0.60073,10.0
199,0,0,0,-10077.1000,1406.8900,43.9664,1.34775,5.0
199,0,0,0,-10052.6000,884.1810,34.6681,4.80040,10.0
199,0,0,0,-10049.5000,817.6790,33.4157,2.43018,10.0
199,0,0,0,-10048.1000,1322.7200,44.4317,1.55101,5.0
199,0,0,0,-10047.3000,1182.1400,39.5793,1.21699,10.0
199,0,0,0,-10046.1000,1201.3800,40.6739,4.61855,10.0
199,0,0,0,-10017.6000,1747.7100,34.9165,4.98113,10.0
199,0,0,0,-9986.1300,1513.8900,50.3167,3.91594,5.0
199,0,0,0,-9976.2500,1283.2900,44.1212,4.98523,5.0
199,0,0,0,-9973.9200,1049.3800,38.8119,3.20023,5.0
199,0,0,0,-9964.8900,912.5810,39.8513,3.27176,5.0
199,0,0,0,-9868.7700,1454.1000,67.7401,4.13847,5.0
199,0,0,0,-9864.8500,1680.9500,38.4324,1.10882,5.0
199,0,0,0,-9838.6900,1491.2700,46.3646,3.99889,5.0
199,0,0,0,-9836.8400,1181.7600,40.1257,0.04790,10.0
199,0,0,0,-9825.1300,1343.0700,44.7054,3.12707,5.0
199,0,0,0,-9811.6400,1084.3900,28.9064,4.76923,10.0
199,0,0,0,-9784.1700,1548.4900,42.1891,3.36566,10.0
199,0,0,0,-9780.4700,1246.5000,41.9650,3.25796,10.0
199,0,0,0,-9723.3100,957.7420,33.5586,4.76123,5.0
213,0,0,0,-10918.2000,494.4100,39.1289,3.19517,10.0
213,0,0,0,-10578.0000,544.6170,33.8095,0.38413,10.0
213,0,0,0,-10248.2000,541.0880,28.4343,2.06936,5.0
213,0,0,0,-10238.0000,239.3610,32.3166,0.13914,5.0
213,0,0,0,-10226.7000,47.1410,37.1796,0.47238,10.0
213,0,0,0,-10226.0000,492.2680,26.4498,5.22771,5.0
213,0,0,0,-10220.4000,202.0250,25.0565,1.73245,5.0
213,0,0,0,-10205.4000,-19.1645,29.4086,5.74780,10.0
213,0,0,0,-10198.1000,-72.7319,33.7524,4.92761,5.0
213,0,0,0,-10190.9000,95.4830,27.3885,5.44535,10.0
213,0,0,0,-10186.1000,72.9431,26.5453,3.17186,10.0
213,0,0,0,-10184.4000,147.9600,27.4953,5.93165,10.0
213,0,0,0,-10183.7000,223.5650,23.7474,1.97141,5.0
213,0,0,0,-10177.0000,9.9742,26.5200,5.37193,10.0
213,0,0,0,-10158.1000,-128.6330,30.5407,5.57795,5.0
213,0,0,0,-10157.3000,-74.9967,28.4573,2.15012,10.0
213,0,0,0,-10155.4000,-18.5079,26.8007,0.15708,10.0
213,0,0,0,-10148.8000,312.7750,25.6868,6.20492,10.0
213,0,0,0,-10135.4000,364.5840,30.3683,2.44177,10.0
213,0,0,0,-10129.5000,388.3680,28.8356,3.32214,5.0
213,0,0,0,-10123.8000,-41.6284,25.1670,1.36705,5.0
213,0,0,0,-10104.9000,-158.1680,28.7928,4.84159,5.0
213,0,0,0,-10104.5000,-119.6220,25.8666,5.56968,5.0
213,0,0,0,-10093.6000,-133.7020,27.4990,1.55127,5.0
213,0,0,0,-10085.4000,-280.6540,31.3857,2.25389,5.0
213,0,0,0,-10083.0000,-352.7290,33.9437,5.20058,5.0
213,0,0,0,-10070.2000,-218.4190,29.7628,0.57228,5.0
213,0,0,0,-10062.4000,-185.2040,27.1409,3.23698,5.0
213,0,0,0,-10060.9000,-247.3560,30.3392,5.84750,5.0
213,0,0,0,-10060.3000,-1248.0000,29.6681,6.07171,10.0
213,0,0,0,-10053.6000,-1337.5200,30.8084,3.90051,10.0
213,0,0,0,-10052.5000,-313.0250,29.7317,2.33982,5.0
213,0,0,0,-10049.9000,-381.8460,30.2087,2.69978,10.0
213,0,0,0,-10024.7000,-892.6800,30.0944,4.28780,10.0
213,0,0,0,-10020.9000,-753.3470,35.9447,3.23932,10.0
213,0,0,0,-10018.6000,-423.4180,32.7141,4.28107,0.0
213,0,0,0,-10007.3000,-1494.3000,28.8450,0.14720,5.0
213,0,0,0,-9997.1500,-727.6570,32.0636,3.78275,10.0
217,0,0,0,-11023.9000,409.3610,33.9599,1.28394,10.0
217,0,0,0,-11000.1000,421.5230,37.8095,2.13333,10.0
217,0,0,0,-10942.2000,428.4450,46.0212,2.06567,5.0
217,0,0,0,-10932.7000,367.5290,39.3417,1.06948,10.0
217,0,0,0,-10931.6000,442.4840,47.7584,3.19299,5.0
217,0,0,0,-10919.8000,410.4720,44.6341,2.88288,5.0
217,0,0,0,-10703.2000,530.9510,32.6661,3.89153,10.0
217,0,0,0,-10570.9000,479.2430,36.9225,5.63634,5.0
217,0,0,0,-10556.0000,542.7440,27.0128,5.80471,10.0
217,0,0,0,-10544.7000,506.5670,30.7313,2.46691,5.0
217,0,0,0,-10520.4000,550.5950,26.9447,5.60570,10.0
217,0,0,0,-10436.9000,583.4930,29.0051,6.22259,10.0
217,0,0,0,-10400.2000,543.9600,31.5288,5.80207,5.0
217,0,0,0,-10224.1000,237.0080,28.5147,0.33843,5.0
217,0,0,0,-10208.3000,324.3600,34.2421,1.67811,5.0
217,0,0,0,-10195.1000,-27.7171,28.0490,1.00826,10.0
217,0,0,0,-10181.5000,376.7460,36.5766,2.66048,10.0
217,0,0,0,-10153.2000,-1272.6600,38.8885,3.32214,5.0
217,0,0,0,-10105.2000,-1078.6300,32.9285,2.94688,10.0
217,0,0,0,-10091.6000,-294.9850,32.5223,1.50628,5.0
217,0,0,0,-10090.6000,-967.4680,34.5950,1.93825,5.0
217,0,0,0,-10081.0000,-1019.4600,31.9258,2.66658,10.0
217,0,0,0,-10077.3000,-1158.4800,31.8094,0.00976,10.0
217,0,0,0,-10075.5000,-1219.5800,30.6103,5.28098,5.0
217,0,0,0,-10054.7000,-965.0090,34.4405,5.97831,0.0
217,0,0,0,-10051.8000,-792.4500,36.0026,0.94646,10.0
217,0,0,0,-10050.7000,-718.3860,36.9141,3.39182,10.0
217,0,0,0,-10049.1000,-853.8680,33.3224,0.50258,10.0
217,0,0,0,-10046.3000,-511.4420,47.4410,1.10703,10.0
217,0,0,0,-10042.4000,-954.0540,34.5089,4.80139,0.0
217,0,0,0,-10038.9000,-452.5250,41.3584,1.67785,10.0
217,0,0,0,-10021.4000,-577.2200,43.4487,0.01953,10.0
217,0,0,0,-10016.4000,-628.8510,40.1920,1.59618,10.0
217,0,0,0,-9978.5800,-685.4970,33.0329,3.24146,10.0
222,0,0,0,-4669.4200,-3176.2000,310.3670,3.22886,0.0
233,0,0,0,-10128.7000,1055.2100,36.4333,2.44346,0.0
235,0,0,0,-10112.1000,1042.1000,37.5542,2.42601,0.0
237,0,0,0,-9851.6800,918.2960,30.5143,4.64258,0.0
238,0,0,0,-9853.0500,919.5420,30.4614,4.78220,0.0
239,0,0,0,-11272.6000,1455.0300,89.6325,5.37561,0.0
241,0,0,0,-9496.3200,72.8264,56.5980,6.23082,0.0
244,0,0,0,-9895.0000,332.4240,36.5505,2.11185,0.0
246,0,0,0,-9889.6800,338.4670,36.6486,2.75762,0.0
247,0,0,0,-9923.6800,38.3872,32.5951,3.14159,0.0
248,0,0,0,-9880.6300,322.6190,37.8244,3.14159,0.0
250,0,0,0,-10005.2000,52.8202,34.6539,0.29671,0.0
251,0,0,0,-10014.0000,37.6050,35.2531,0.76794,0.0
252,0,0,0,-9930.0500,499.7340,32.5204,3.14159,0.0
253,0,0,0,-9460.3000,31.9389,57.0494,2.98451,0.0
255,0,0,0,-9918.6000,39.3611,32.6858,3.14159,0.0
257,0,0,0,-8823.4500,-236.7800,82.4202,4.01583,5.0
257,0,0,0,-8819.6000,-252.8600,82.5452,0.51711,5.0
257,0,0,0,-8817.2400,-228.7680,82.9962,6.24274,5.0
257,0,0,0,-8813.2700,-244.1450,82.2872,0.00000,0.0
257,0,0,0,-8811.3000,-257.7240,82.7952,3.19441,5.0
257,0,0,0,-8786.9400,-105.9110,83.4065,0.97649,5.0
257,0,0,0,-8786.8800,-252.2990,82.6610,2.23402,0.0
257,0,0,0,-8781.3900,-274.6440,78.8608,2.40847,5.0
257,0,0,0,-8778.0800,-254.5960,82.1907,1.81161,5.0
257,0,0,0,-8770.1200,-117.7030,83.4954,0.00000,0.0
257,0,0,0,-8769.9000,-138.1150,82.5352,0.36219,5.0
257,0,0,0,-8769.0200,-272.6320,78.2358,2.58601,5.0
257,0,0,0,-8768.6300,-113.1350,83.7794,0.06990,5.0
257,0,0,0,-8767.7100,-111.6470,84.3424,4.15388,0.0
257,0,0,0,-8763.3100,-159.2560,82.9625,5.98151,5.0
257,0,0,0,-8762.3500,-235.2360,85.3167,1.36265,5.0
257,0,0,0,-8756.8100,-171.4340,84.8866,3.52798,5.0
257,0,0,0,-8752.3600,-101.8540,87.9305,1.63139,5.0
257,0,0,0,-8742.2400,-176.2100,85.6366,5.59501,5.0
257,0,0,0,-8741.4300,-193.6060,86.2892,1.22173,5.0
257,0,0,0,-8732.6900,-197.6380,88.1356,5.84854,0.0
257,0,0,0,-8732.0700,-205.7320,89.1581,5.04892,5.0
257,0,0,0,-8727.3500,-133.7970,86.9388,0.01639,5.0
257,0,0,0,-8725.9200,-109.6930,86.2483,0.48152,5.0
257,0,0,0,-8722.6700,-207.8280,89.6581,5.39678,5.0
257,0,0,0,-8721.6900,-155.8050,85.3738,5.30705,5.0
257,0,0,0,-8718.7000,-98.3166,88.3631,5.60389,5.0
257,0,0,0,-8717.4700,-144.5810,86.4988,0.43298,5.0
257,0,0,0,-8713.4200,-90.3020,89.5737,5.24090,5.0
257,0,0,0,-8707.5800,-108.4060,89.1233,2.23404,5.0
257,0,0,0,-8706.2800,-129.8490,86.2483,3.47469,5.0
257,0,0,0,-8705.7800,-201.8210,90.9366,2.87979,0.0
257,0,0,0,-8701.3500,-118.1010,88.8733,0.84393,5.0
257,0,0,0,-8698.7800,-161.7580,89.1669,1.97494,5.0
257,0,0,0,-8698.4400,-70.5609,90.2794,2.97837,5.0
257,0,0,0,-8695.0400,-103.4370,89.6117,3.47724,5.0
257,0,0,0,-8695.0200,-114.3960,89.3617,3.88600,5.0
257,0,0,0,-8691.0200,-80.2893,90.1544,0.10008,5.0
257,0,0,0,-8686.4700,-108.0020,89.3114,3.22886,0.0
257,0,0,0,-8684.7900,-71.4061,91.0294,1.34379,5.0
257,0,0,0,-8680.7900,-120.0710,90.8183,2.58309,0.0
257,0,0,0,-8671.7600,-127.4710,92.0538,3.69248,7.0
257,0,0,0,-8667.2300,-116.4600,92.5587,1.51229,7.0
258,0,0,0,-10008.3000,65.2117,34.8658,0.26180,0.0
278,0,0,0,-9531.7600,-1222.4200,47.8379,5.35816,0.0
285,0,0,0,-9530.4600,-269.4780,59.5826,4.93312,0.0
285,0,0,0,-9505.2600,-403.1650,56.6804,0.59102,5.0
285,0,0,0,-9505.0000,-209.9180,52.3005,2.38488,0.0
285,0,0,0,-9500.7200,-434.3400,56.3074,2.20692,0.0
285,0,0,0,-9496.2300,-442.0000,57.2409,2.80133,5.0
285,0,0,0,-9493.4200,-224.3260,58.5665,2.74017,0.0
285,0,0,0,-9492.4200,-240.2710,56.2970,3.08221,0.0
285,0,0,0,-9487.4000,-358.8830,57.6885,2.96706,0.0
285,0,0,0,-9487.1500,-437.8750,58.9326,4.38078,0.0
285,0,0,0,-9486.4200,-206.0920,57.9227,2.83248,0.0
285,0,0,0,-9485.9800,-350.2000,59.7253,1.39626,0.0
285,0,0,0,-9485.8400,-388.3770,57.0460,2.14675,0.0
285,0,0,0,-9485.4400,-409.7060,59.8060,2.51726,0.0
285,0,0,0,-9485.4000,-354.0800,59.9508,3.56047,0.0
285,0,0,0,-9484.8500,-328.5900,54.8925,0.41888,0.0
285,0,0,0,-9484.4600,-370.0710,55.9428,1.74583,0.0
285,0,0,0,-9484.2100,-423.2170,59.9518,1.26246,0.0
285,0,0,0,-9484.0700,-395.8440,58.4774,0.00000,0.0
285,0,0,0,-9483.9400,-421.0380,60.0809,4.84347,0.0
285,0,0,0,-9482.6000,-357.3140,59.9421,6.10036,5.0
285,0,0,0,-9479.7200,-430.6880,58.7018,5.53269,0.0
285,0,0,0,-9477.3100,-371.8760,56.5900,3.09892,5.0
285,0,0,0,-9476.7400,-194.1360,56.7340,0.99427,0.0
285,0,0,0,-9475.5400,-337.6360,58.5555,2.18166,0.0
285,0,0,0,-9474.9000,-353.1040,60.6382,0.20268,5.0
285,0,0,0,-9474.8700,-386.5170,56.5797,0.98265,5.0
285,0,0,0,-9473.7100,-431.4120,59.8586,4.67748,0.0
285,0,0,0,-9472.1100,-220.7090,56.3165,4.66690,0.0
285,0,0,0,-9471.8600,-213.0850,56.1049,1.75852,0.0
285,0,0,0,-9471.0000,-384.0360,58.2299,2.87979,0.0
285,0,0,0,-9470.4600,-379.3890,59.0321,4.24115,0.0
285,0,0,0,-9465.1400,-432.2180,56.7279,5.98711,5.0
285,0,0,0,-9456.2700,-331.9560,55.4854,2.46553,5.0
285,0,0,0,-9451.1300,-367.2270,55.7305,2.34409,5.0
285,0,0,0,-9449.1800,-294.8430,56.8474,2.59314,5.0
294,0,0,0,-9545.3300,-1401.1000,54.1478,3.14159,0.0
299,0,0,0,-9393.3600,52.5792,59.7772,3.15888,10.0
299,0,0,0,-9380.7200,49.6599,60.4848,4.10521,10.0
299,0,0,0,-9351.2300,56.4407,61.0556,2.97341,10.0
299,0,0,0,-9290.0000,-10.2439,69.5077,5.69506,10.0
299,0,0,0,-9288.7800,93.2141,70.1062,3.68034,10.0
299,0,0,0,-9271.6300,-20.4582,72.0286,6.22852,10.0
299,0,0,0,-9222.1100,-39.7406,73.8181,1.76359,10.0
299,0,0,0,-9221.4100,46.3592,74.7942,6.15518,10.0
299,0,0,0,-9025.2600,-113.8840,88.0811,5.90885,10.0
299,0,0,0,-9023.1100,-141.7860,83.6590,2.96681,10.0
299,0,0,0,-9002.5100,-129.9570,84.2971,2.56219,10.0
299,0,0,0,-8993.8600,-153.8500,81.2608,0.19258,10.0
299,0,0,0,-8987.2500,-179.0000,76.9624,1.85569,10.0
299,0,0,0,-8979.6800,-64.6176,90.5127,4.30211,10.0
299,0,0,0,-8971.1900,-52.8166,91.7821,5.59298,10.0
299,0,0,0,-8970.2200,-87.6545,87.1446,3.96984,10.0
299,0,0,0,-8968.2900,-229.9720,75.8943,1.04737,10.0
299,0,0,0,-8953.6200,-48.5983,92.0780,1.52582,10.0
299,0,0,0,-8952.0800,-83.9177,88.3006,5.93131,10.0
299,0,0,0,-8938.0200,-49.7685,90.7206,2.82973,10.0
299,0,0,0,-8925.8100,-38.3764,92.2095,6.08847,10.0
299,0,0,0,-8919.3500,-52.6967,87.9581,0.30201,10.0
299,0,0,0,-8918.7200,-73.9200,88.3627,5.72065,10.0
299,0,0,0,-8903.4000,-271.7460,78.8336,3.69709,10.0
299,0,0,0,-8886.9600,-85.4681,85.3813,1.99338,10.0
299,0,0,0,-8883.5100,-59.0416,85.9360,5.39762,10.0
299,0,0,0,-8879.2100,-50.3677,86.8110,3.42225,10.0
299,0,0,0,-8876.0700,-114.9090,81.4776,5.51329,10.0
299,0,0,0,-8867.7900,-69.8964,84.7320,2.01698,10.0
299,0,0,0,-8860.7900,-87.9941,82.4953,4.86537,10.0
299,0,0,0,-8856.4800,-131.6070,81.3476,3.83983,10.0
299,0,0,0,-8854.8700,-106.4280,80.9344,5.97907,10.0
299,0,0,0,-8844.2600,-45.0241,86.9295,1.89413,10.0
299,0,0,0,-8838.4900,-133.3950,81.4415,4.58528,10.0
299,0,0,0,-8828.8700,-69.3906,87.0256,0.51298,10.0
299,0,0,0,-8827.2000,-100.0130,84.5956,5.23202,10.0
299,0,0,0,-8826.8500,-159.4730,80.2080,3.99024,10.0
299,0,0,0,-8824.5100,-58.7339,88.6915,3.69501,10.0
299,0,0,0,-8820.3700,-79.6791,86.4006,6.21158,10.0
299,0,0,0,-8820.1000,-91.1454,84.7704,2.26079,10.0
299,0,0,0,-8815.7000,-110.2950,82.4108,1.83140,10.0
299,0,0,0,-8810.2800,-179.3030,82.2459,1.96849,10.0
299,0,0,0,-8808.4800,-91.4317,84.1506,3.60744,10.0
299,0,0,0,-8806.2500,-143.2120,83.7240,1.33151,10.0
299,0,0,0,-8799.3100,-70.4097,88.9475,1.95130,10.0
311,0,0,0,-10329.9000,623.2410,26.8738,5.81832,0.0
325,0,0,0,-10583.5000,-1117.8200,30.0690,0.07181,0.0
327,0,0,0,-9745.8400,87.5670,12.7743,4.89650,0.0
328,0,0,0,-9471.6700,34.4510,63.9038,4.62512,0.0
330,0,0,0,-9785.2400,-880.6100,39.7142,3.75995,0.0
341,0,0,0,-9279.2200,-2268.5300,67.6306,5.25344,0.0
342,0,0,0,-9245.8100,-2045.3300,77.1861,5.23599,0.0
343,0,0,0,-9209.7100,-2063.1400,78.2817,3.54302,0.0
372,0,0,0,-5355.0000,-3017.8100,318.8150,3.21141,0.0
375,0,0,0,-8853.5900,-193.3360,82.1157,2.54818,0.0
377,0,0,0,-9460.7500,33.1338,63.9038,4.36332,0.0
379,0,0,0,-9218.0200,-2148.6200,64.3548,4.47915,0.0
381,0,0,0,-9261.0300,-2172.6600,64.2033,1.27409,0.0
383,0,0,0,-9378.8900,-111.9230,59.0060,3.15905,0.0
384,0,0,0,-9455.3700,-1385.3300,47.2098,1.41372,0.0
385,0,0,0,-9601.7900,-3489.0700,122.0100,3.51012,5.0
385,0,0,0,-9589.5800,-3485.4200,122.0810,4.61424,5.0
385,0,0,0,-9415.8300,-1361.9500,50.6943,0.55851,0.0
390,0,0,0,-9785.4400,-883.4540,39.6473,3.76008,0.0
390,0,0,0,-9781.2200,-881.5560,39.5677,3.76010,0.0
391,0,0,0,-11360.7000,1826.7200,7.7257,3.97765,0.0
395,0,0,0,-9277.3400,345.4640,75.6012,5.62312,0.0
422,0,0,0,-9606.2100,-2606.3800,56.7419,4.35914,5.0
422,0,0,0,-9601.3100,-2663.8200,59.1656,0.76571,5.0
422,0,0,0,-9483.5100,-2873.0700,81.1915,0.99484,0.0
422,0,0,0,-9477.9900,-2873.3500,81.3754,4.44346,0.0
422,0,0,0,-9473.9600,-2877.9700,82.5811,2.28638,0.0
422,0,0,0,-9473.5800,-2823.8100,70.9940,5.54988,0.0
422,0,0,0,-9472.3300,-2819.6400,70.0674,2.47837,0.0
422,0,0,0,-9466.5400,-2893.6300,84.4360,0.00000,0.0
422,0,0,0,-9459.3000,-2860.0500,85.8851,1.22173,0.0
422,0,0,0,-9455.7600,-2827.1500,66.8930,0.64577,0.0
422,0,0,0,-9448.1600,-2785.4900,52.7319,0.91817,10.0
422,0,0,0,-9435.8500,-2841.0100,61.2100,3.94330,5.0
422,0,0,0,-9380.5700,-2455.6200,29.2163,2.00002,10.0
422,0,0,0,-9360.3300,-2523.1900,15.8632,4.39840,10.0
422,0,0,0,-9320.4500,-2582.0900,22.2616,5.07281,10.0
422,0,0,0,-9305.7100,-2494.2800,35.1084,1.69564,10.0
422,0,0,0,-9290.6500,-2479.9500,41.8993,5.05603,10.0
422,0,0,0,-9272.9200,-2441.9200,53.7010,4.52793,10.0
422,0,0,0,-9256.8800,-2420.5200,54.1700,1.58724,10.0
422,0,0,0,-9226.9400,-2442.8800,55.8612,0.15708,0.0
423,0,0,0,-9796.3300,-2209.3200,58.6922,0.83776,0.0
423,0,0,0,-9792.9700,-2219.1300,58.7108,0.61086,0.0
423,0,0,0,-9791.4700,-2244.9300,69.8174,2.18166,0.0
423,0,0,0,-9775.3100,-2318.8700,68.9146,4.50295,0.0
423,0,0,0,-9774.2200,-2275.1500,59.7384,0.95993,0.0
423,0,0,0,-9769.4400,-2266.6800,59.4884,4.08407,0.0
423,0,0,0,-9750.7600,-2229.7000,59.0261,1.26267,10.0
423,0,0,0,-9632.0900,-2441.9700,64.0979,5.48097,0.0
423,0,0,0,-9621.8500,-2534.6100,59.3034,0.75778,0.0
423,0,0,0,-9604.0100,-2517.8400,59.7036,1.25664,0.0
423,0,0,0,-9539.1600,-1908.9300,73.1351,3.23295,0.0
423,0,0,0,-9528.0500,-1885.8100,75.7695,0.74674,5.0
423,0,0,0,-9500.4400,-1903.0700,79.3361,1.99727,0.0
423,0,0,0,-9487.2500,-1934.2000,78.9822,2.44346,0.0
423,0,0,0,-9475.3700,-1934.1300,80.3683,1.26750,0.0
423,0,0,0,-9465.0100,-1893.0300,82.7339,4.11898,0.0
423,0,0,0,-9457.9000,-1897.8000,82.7276,2.56563,0.0
423,0,0,0,-9436.9200,-1910.1200,88.1318,5.58770,5.0
424,0,0,0,-9796.8100,-2201.9100,58.6944,5.84685,0.0
424,0,0,0,-9794.4700,-2241.8800,69.4882,0.05236,0.0
424,0,0,0,-9788.6500,-2338.0900,80.5448,0.82030,0.0
424,0,0,0,-9786.2300,-2206.3300,58.7238,3.35103,0.0
424,0,0,0,-9778.1000,-2323.9300,69.8824,0.92502,0.0
424,0,0,0,-9775.3300,-2267.7200,59.2384,5.88176,0.0
424,0,0,0,-9774.4000,-2323.9200,69.9317,1.97222,0.0
424,0,0,0,-9772.9200,-2265.7500,59.2384,5.28835,0.0
424,0,0,0,-9766.3200,-2271.5900,60.3345,2.67035,0.0
424,0,0,0,-9749.7800,-2250.4000,61.8218,4.83585,10.0
424,0,0,0,-9726.1000,-2243.0600,61.6253,4.53579,10.0
424,0,0,0,-9726.0200,-2274.0400,62.7093,4.96305,10.0
424,0,0,0,-9724.7700,-2186.1400,59.5456,0.95032,5.0
424,0,0,0,-9622.5700,-2470.4800,60.2736,5.49129,0.0
424,0,0,0,-9606.9400,-2511.6000,59.3492,0.00000,0.0
424,0,0,0,-9605.8300,-2504.1000,59.8492,0.74767,0.0
424,0,0,0,-9597.7000,-2508.0900,59.4286,3.70010,0.0
426,0,0,0,-9154.6700,-2023.2300,120.3410,3.02813,5.0
426,0,0,0,-9129.7900,-2061.2600,128.7020,1.56268,0.0
426,0,0,0,-9123.4600,-2211.7600,123.6000,0.18237,5.0
426,0,0,0,-9115.0000,-2092.9400,124.5880,1.78570,10.0
426,0,0,0,-9102.2500,-2031.1600,128.8340,4.67748,0.0
426,0,0,0,-9099.5000,-2037.4400,128.8350,2.05949,0.0
426,0,0,0,-9097.6200,-2031.9000,128.8340,4.06662,0.0
426,0,0,0,-9081.8500,-2446.5700,123.6150,3.01942,0.0
426,0,0,0,-9080.4000,-2091.8600,128.9640,6.18892,10.0
426,0,0,0,-9056.4800,-2008.0500,146.5810,2.96706,0.0
426,0,0,0,-9047.3700,-2094.4700,130.7740,5.70277,5.0
426,0,0,0,-9038.6800,-2453.3300,135.0140,3.67518,5.0
426,0,0,0,-9034.9500,-2415.1500,129.4880,2.21657,0.0
426,0,0,0,-9034.6900,-2407.4700,129.7340,4.29351,0.0
426,0,0,0,-9032.2500,-2413.2600,129.7490,3.07178,0.0
426,0,0,0,-9030.2300,-2429.1000,131.3790,3.85438,5.0
428,0,0,0,-9708.3700,-2890.4800,52.0665,4.76025,10.0
428,0,0,0,-9697.0300,-2568.5200,59.9396,4.25819,10.0
428,0,0,0,-9686.6800,-2770.4200,52.9269,3.27686,10.0
428,0,0,0,-9681.5600,-2906.0100,51.5517,1.53756,10.0
428,0,0,0,-9681.4400,-2962.7200,51.9669,1.57801,5.0
428,0,0,0,-9678.8800,-2809.5300,51.9944,0.58801,10.0
428,0,0,0,-9676.4600,-2868.8800,51.6369,0.98872,10.0
428,0,0,0,-9656.1500,-2670.8600,60.8752,5.98986,10.0
428,0,0,0,-9637.8100,-2770.3400,58.7076,3.39842,10.0
428,0,0,0,-9591.8300,-2340.6700,60.8864,5.30347,10.0
428,0,0,0,-9242.5900,-2768.7200,89.5943,1.08095,10.0
428,0,0,0,-9225.4200,-2814.3800,93.3098,4.48779,0.0
428,0,0,0,-9176.9800,-2810.4700,93.2177,0.23161,10.0
428,0,0,0,-9158.1900,-2750.4600,90.6553,2.32019,10.0
428,0,0,0,-9136.6700,-2708.5600,91.2302,2.14304,10.0
428,0,0,0,-9093.5300,-2564.3500,119.2900,0.27910,10.0
428,0,0,0,-9081.0600,-2626.0300,125.0330,3.30449,10.0
428,0,0,0,-9066.4200,-2657.9900,127.0470,0.31558,5.0
428,0,0,0,-9045.4000,-2597.1600,126.6480,0.02356,10.0
428,0,0,0,-9043.8400,-2485.9800,127.2660,1.57158,10.0
430,0,0,0,-9116.2600,-2354.2900,121.4520,5.39159,5.0
430,0,0,0,-9114.8300,-2092.0200,124.5090,2.30046,10.0
430,0,0,0,-9114.0000,-2156.6200,127.8330,1.35651,5.0
430,0,0,0,-9096.3100,-2380.2600,123.3540,3.48563,5.0
430,0,0,0,-9091.3000,-2153.3300,140.7380,1.73922,0.0
430,0,0,0,-9085.8200,-2041.0600,129.4010,5.11564,0.0
430,0,0,0,-9081.9000,-2433.4000,131.2400,3.19395,0.0
430,0,0,0,-9066.9600,-2478.4300,123.3830,4.04454,5.0
430,0,0,0,-9052.1200,-2010.2300,146.6760,4.08407,0.0
430,0,0,0,-9034.5400,-2108.2300,135.2900,2.58309,0.0
430,0,0,0,-9021.1700,-2421.9900,131.4630,3.80642,3.0
430,0,0,0,-9006.5600,-2089.7800,132.5430,0.38232,5.0
430,0,0,0,-9001.1300,-2267.1100,142.4320,0.17453,0.0
430,0,0,0,-8993.2400,-2179.9300,133.1050,1.74222,5.0
430,0,0,0,-8984.0600,-2191.3000,132.6050,2.63545,0.0
430,0,0,0,-8979.4600,-2188.8600,133.0210,2.09439,0.0
430,0,0,0,-8971.1600,-2077.7100,132.6420,3.50811,0.0
430,0,0,0,-8958.8500,-2062.9500,135.4610,4.81711,0.0
430,0,0,0,-8944.7200,-2289.8700,132.5680,5.19334,5.0
430,0,0,0,-8943.3400,-2318.8200,132.5480,1.15192,0.0
430,0,0,0,-8939.1000,-2319.4500,132.6490,2.75762,0.0
430,0,0,0,-8915.4400,-2246.0800,132.8990,1.06465,0.0
430,0,0,0,-8908.0900,-2158.1000,138.5810,0.50614,0.0
430,0,0,0,-8907.2700,-2127.2200,137.9500,2.51327,0.0
430,0,0,0,-8901.6700,-2299.4500,145.0790,4.70946,0.0
430,0,0,0,-8893.4000,-2208.6000,150.0560,1.81514,0.0
430,0,0,0,-8893.2700,-2171.9700,132.5690,0.29671,0.0
430,0,0,0,-8831.7700,-1937.7200,133.1030,5.13127,0.0
440,0,0,0,-9821.7900,-3254.6600,59.2902,0.55851,0.0
440,0,0,0,-9792.4900,-3201.2800,58.7338,3.26577,5.0
440,0,0,0,-9776.0700,-3212.4100,58.7338,3.69750,5.0
440,0,0,0,-9776.0100,-3229.1500,58.8148,3.40073,5.0
440,0,0,0,-9756.7000,-3196.3700,58.7338,2.55302,0.0
440,0,0,0,-9741.8700,-3232.4100,59.1882,1.22370,5.0
440,0,0,0,-9719.5100,-3167.9600,58.9820,5.32325,0.0
440,0,0,0,-9713.8400,-3106.1500,58.6999,1.74959,0.0
440,0,0,0,-9708.8000,-3174.0600,58.7933,3.57792,0.0
440,0,0,0,-9651.1000,-3235.9800,48.5948,1.37223,10.0
440,0,0,0,-9235.9400,-2928.6100,113.0940,0.00000,0.0
440,0,0,0,-9231.2900,-2925.4200,113.0940,0.71559,0.0
440,0,0,0,-9216.9300,-2861.0300,109.6070,1.76278,0.0
440,0,0,0,-9207.7300,-2852.0300,108.6140,1.50098,0.0
440,0,0,0,-9203.4300,-2898.0800,112.9920,1.57080,0.0
440,0,0,0,-9195.0600,-2894.8200,113.0730,3.63029,0.0
440,0,0,0,-9186.1000,-2864.6000,112.9810,1.39626,0.0
440,0,0,0,-9182.4100,-2868.5500,112.9140,0.47124,0.0
440,0,0,0,-9174.4100,-2926.4300,107.8490,0.69813,0.0
440,0,0,0,-9174.0900,-2452.1300,118.2560,5.56538,0.0
440,0,0,0,-9170.9300,-2400.9500,104.0740,5.65487,0.0
440,0,0,0,-9166.0500,-2418.2900,105.7080,2.03881,0.0
440,0,0,0,-9163.7400,-2416.2600,104.9050,0.98984,5.0
441,0,0,0,-9713.3400,-2902.8200,53.4733,3.65389,5.0
441,0,0,0,-9709.8800,-2822.3800,51.8170,1.61849,10.0
441,0,0,0,-9705.6400,-2658.0100,62.2720,0.32792,10.0
441,0,0,0,-9703.7900,-2515.2900,61.6603,2.39151,10.0
441,0,0,0,-9695.2600,-2620.1600,63.9601,4.75974,10.0
441,0,0,0,-9694.5200,-2827.4400,51.7868,1.44710,10.0
441,0,0,0,-9684.2400,-3023.3800,52.6559,1.35571,10.0
441,0,0,0,-9681.8800,-2307.2500,66.4207,0.32792,10.0
441,0,0,0,-9679.8200,-3002.1900,52.1318,4.50198,0.0
441,0,0,0,-9678.6700,-2739.3200,57.5843,2.11326,5.0
441,0,0,0,-9670.7000,-2238.3400,63.8374,2.60720,10.0
441,0,0,0,-9663.5400,-2885.3100,50.7545,5.94581,10.0
441,0,0,0,-9662.7800,-2922.0400,50.2507,2.83833,10.0
441,0,0,0,-9657.6300,-2843.8600,52.6266,3.81048,10.0
441,0,0,0,-9657.4900,-2265.1600,69.6260,2.16313,10.0
441,0,0,0,-9656.3700,-2694.8500,60.5456,5.11636,10.0
441,0,0,0,-9654.1800,-2165.8100,62.6863,1.36171,5.0
441,0,0,0,-9644.5400,-2351.7200,68.9339,3.02133,10.0
441,0,0,0,-9641.9700,-2756.3300,58.7697,5.42165,5.0
441,0,0,0,-9637.3200,-2314.2600,74.0737,1.33244,10.0
441,0,0,0,-9628.6700,-2390.4100,60.4610,2.25103,10.0
441,0,0,0,-9627.7000,-2360.8600,64.1231,3.38325,10.0
441,0,0,0,-9565.9400,-2327.4300,64.0693,5.77058,10.0
441,0,0,0,-9544.7300,-2292.8400,72.6954,3.49053,10.0
441,0,0,0,-9492.1600,-2348.8700,68.7539,5.08854,5.0
441,0,0,0,-9491.3000,-2173.0300,89.9040,3.22960,5.0
441,0,0,0,-9491.0500,-2290.1100,74.4580,1.16607,10.0
441,0,0,0,-9489.8500,-2089.2200,99.2507,1.93828,10.0
441,0,0,0,-9487.1600,-2374.1100,63.3982,2.13423,3.0
441,0,0,0,-9166.6400,-2518.3500,110.6780,0.09773,5.0
441,0,0,0,-9087.1800,-2575.1700,126.8160,0.63842,10.0
441,0,0,0,-9084.8300,-2087.5200,128.7870,0.97673,10.0
441,0,0,0,-9053.1500,-2491.3200,126.2660,5.66820,10.0
441,0,0,0,-9003.3600,-2496.6700,136.4010,1.09856,5.0
442,0,0,0,-9925.3100,-1818.7100,37.3149,3.45964,3.0
442,0,0,0,-9922.5800,-1860.2500,41.2872,3.31220,3.0
442,0,0,0,-9825.9600,-1788.5500,23.6652,0.92759,5.0
442,0,0,0,-9808.4600,-1849.7900,39.5704,5.71631,5.0
442,0,0,0,-9806.7000,-1765.2300,30.0705,5.76690,5.0
442,0,0,0,-9764.3100,-1869.4900,47.6708,2.22875,10.0
442,0,0,0,-9742.0400,-1803.7700,49.2930,1.03105,5.0
442,0,0,0,-9727.9200,-1813.0500,52.3150,2.76797,5.0
442,0,0,0,-9706.6500,-1844.7400,53.2409,2.67826,5.0
442,0,0,0,-9690.1300,-1761.4600,59.1533,2.92190,5.0
442,0,0,0,-9689.6400,-1840.1600,57.4248,3.65420,5.0
442,0,0,0,-9685.2000,-1784.1300,57.0348,2.70054,5.0
442,0,0,0,-9680.2700,-2065.7200,65.4408,5.91755,5.0
442,0,0,0,-9673.0700,-2147.7300,61.8108,1.59618,5.0
442,0,0,0,-9670.9100,-1877.1500,56.6459,1.92549,10.0
442,0,0,0,-9662.1600,-2331.0900,69.1524,4.35390,10.0
442,0,0,0,-9627.1300,-1824.0300,52.7039,3.00029,10.0
442,0,0,0,-9613.6500,-1964.8100,62.7962,4.40484,0.0
442,0,0,0,-9613.0600,-1994.4300,64.1733,-0.55751,10.0
442,0,0,0,-9548.6700,-2053.1500,69.8158,5.77590,10.0
442,0,0,0,-9535.8000,-2057.8300,73.0253,2.52975,5.0
442,0,0,0,-9522.0100,-2008.1500,77.8270,2.82355,5.0
445,0,0,0,-8913.9800,-2129.0700,135.3050,2.21657,0.0
445,0,0,0,-8909.6400,-2162.1400,138.7990,5.82940,0.0
445,0,0,0,-8889.8800,-2166.3000,132.5690,5.16617,0.0
445,0,0,0,-8887.6900,-2178.1000,132.8190,4.46847,0.0
445,0,0,0,-8884.3200,-2168.8400,132.5690,3.89270,0.0
445,0,0,0,-8882.7300,-2145.1500,133.6860,4.43314,0.0
445,0,0,0,-8833.1200,-1945.1900,133.0580,5.58505,0.0
446,0,0,0,-9030.8700,-2190.5200,131.8590,3.03687,0.0
446,0,0,0,-9026.6200,-2219.2700,137.3910,2.28638,0.0
446,0,0,0,-9016.4600,-2185.5900,136.9160,3.05433,0.0
446,0,0,0,-9011.6400,-2197.9200,135.0140,3.59538,0.0
446,0,0,0,-9008.0200,-2015.3100,135.5980,6.24163,0.0
446,0,0,0,-9001.0800,-2165.2300,132.8090,5.51524,0.0
446,0,0,0,-9000.3600,-2271.8700,145.0620,0.47124,0.0
446,0,0,0,-8997.3900,-2275.1300,146.0150,0.73304,0.0
446,0,0,0,-8996.8300,-2085.8700,132.5690,4.81711,0.0
446,0,0,0,-8986.6800,-2184.2900,132.7140,0.10472,0.0
446,0,0,0,-8980.1500,-2337.8800,132.6310,4.64258,0.0
446,0,0,0,-8977.5400,-2185.3500,133.0290,2.84489,0.0
446,0,0,0,-8971.2300,-2167.7000,134.3120,4.10152,0.0
446,0,0,0,-8962.3200,-2076.5300,132.6360,5.68977,0.0
446,0,0,0,-8954.7300,-2081.2500,132.7240,3.00197,0.0
446,0,0,0,-8949.7800,-1991.4500,137.6700,6.16778,0.0
446,0,0,0,-8947.9900,-2335.4200,132.5690,4.33752,3.0
446,0,0,0,-8946.0400,-2193.8900,138.8860,0.13963,0.0
446,0,0,0,-8942.5200,-2078.4100,136.1300,3.47321,0.0
446,0,0,0,-8940.8100,-2310.8700,132.6300,5.41052,0.0
446,0,0,0,-8940.4200,-2082.3900,135.1150,4.81711,0.0
446,0,0,0,-8936.9300,-2315.4700,132.6490,3.19395,0.0
446,0,0,0,-8934.0600,-2309.8700,132.5480,3.64774,0.0
446,0,0,0,-8924.6200,-2080.2100,144.6880,4.45059,0.0
446,0,0,0,-8922.8400,-2263.5700,132.7820,4.62512,0.0
446,0,0,0,-8921.2800,-1994.3600,139.3850,1.03094,0.0
446,0,0,0,-8909.8500,-1969.1200,136.7050,1.23576,0.0
446,0,0,0,-8904.8800,-2243.3600,133.6270,4.82779,5.0
446,0,0,0,-8892.4300,-1933.4700,136.9480,4.24115,0.0
446,0,0,0,-8888.9400,-1994.8600,135.7330,1.11414,0.0
446,0,0,0,-8862.4100,-1952.1500,122.7680,2.96281,0.0
446,0,0,0,-8856.5800,-1959.4900,122.7200,4.51326,0.0
446,0,0,0,-8839.9000,-2072.4900,128.2460,5.71264,0.0
446,0,0,0,-8837.8100,-1975.2000,123.0280,2.68993,0.0
446,0,0,0,-8796.4300,-2047.0300,128.3370,0.67493,0.0
448,0,0,0,-10107.2000,617.8350,38.0838,5.98131,0.0
449,0,0,0,-11300.1000,1384.4800,95.5298,1.04720,0.0
449,0,0,0,-11273.3000,1747.9800,36.6272,5.62599,10.0
449,0,0,0,-11241.5000,1282.9200,89.6235,1.11701,0.0
449,0,0,0,-11240.8000,1292.4100,90.1562,5.21365,5.0
449,0,0,0,-11237.6000,1249.7200,89.7604,0.26180,0.0
449,0,0,0,-11234.4000,1236.3200,89.6562,2.71868,5.0
449,0,0,0,-11224.2000,1210.9100,89.2226,4.27719,5.0
449,0,0,0,-11169.7000,1723.7000,39.9144,3.27032,5.0
449,0,0,0,-11157.6000,1713.7600,42.2156,4.53786,0.0
449,0,0,0,-11153.5000,1698.4000,44.6863,2.28195,5.0
449,0,0,0,-11140.0000,1742.4700,38.6050,3.05747,10.0
449,0,0,0,-11113.7000,1661.6200,49.2677,2.04191,10.0
449,0,0,0,-11076.1000,1784.6800,38.4917,3.86818,10.0
449,0,0,0,-10782.6000,899.1670,34.0699,4.59022,0.0
449,0,0,0,-10771.5000,893.6200,34.8924,3.28122,0.0
452,0,0,0,-11157.1000,1045.4500,35.6022,0.12590,5.0
452,0,0,0,-11136.0000,937.9570,37.8574,0.13963,0.0
452,0,0,0,-11133.9000,1037.4200,33.6224,1.88496,0.0
452,0,0,0,-11133.6000,933.7480,37.5845,0.99484,0.0
452,0,0,0,-11133.6000,942.2070,37.4156,5.48033,0.0
452,0,0,0,-11131.1000,1047.0900,34.6142,4.60767,0.0
452,0,0,0,-11128.1000,941.0450,36.7315,3.92699,0.0
452,0,0,0,-11123.6000,961.7160,37.9487,5.23528,10.0
452,0,0,0,-11114.7000,1048.0300,34.3642,2.93588,5.0
452,0,0,0,-11104.0000,1014.0200,34.4008,4.24515,10.0
452,0,0,0,-11060.6000,878.2820,37.1468,3.85476,10.0
452,0,0,0,-11056.6000,1048.5700,36.4431,1.76149,10.0
452,0,0,0,-11051.2000,825.7970,37.7813,3.13964,5.0
452,0,0,0,-11049.2000,1014.0400,37.2962,5.42864,10.0
452,0,0,0,-11049.2000,893.7400,36.2070,1.53589,0.0
452,0,0,0,-11045.8000,755.6280,38.8671,6.01891,10.0
452,0,0,0,-11045.1000,896.8940,36.2052,2.79253,0.0
452,0,0,0,-11042.9000,783.6790,38.4771,5.95157,0.0
452,0,0,0,-11041.2000,779.5250,38.6334,0.61086,0.0
452,0,0,0,-11037.2000,1044.4200,36.8946,5.74213,0.0
452,0,0,0,-11035.4000,777.6450,37.9759,2.09439,0.0
452,0,0,0,-11034.1000,783.8080,37.4935,3.61283,0.0
452,0,0,0,-11033.7000,1046.2500,37.1172,5.02655,0.0
452,0,0,0,-11031.8000,917.1920,36.8968,1.78544,10.0
452,0,0,0,-11028.2000,1038.6200,37.4431,2.53073,0.0
452,0,0,0,-11027.8000,1043.6100,37.6940,3.61283,0.0
452,0,0,0,-11027.0000,1063.4900,38.8182,3.27043,10.0
452,0,0,0,-11023.5000,811.2510,37.1062,1.77228,5.0
452,0,0,0,-11016.2000,1038.4100,39.7400,0.32422,10.0
452,0,0,0,-11013.2000,889.1490,36.1101,0.68792,10.0
452,0,0,0,-10878.1000,1146.3300,37.5661,0.72159,10.0
452,0,0,0,-10871.1000,1198.0700,33.3257,4.49950,10.0
452,0,0,0,-10862.8000,1158.1300,38.0620,1.02974,0.0
452,0,0,0,-10856.7000,1346.8500,37.4837,3.72077,10.0
452,0,0,0,-10855.3000,1168.4600,37.1341,3.97935,0.0
452,0,0,0,-10853.2000,1115.3900,46.3243,1.73320,10.0
452,0,0,0,-10829.8000,1322.7600,34.6568,0.61086,0.0
452,0,0,0,-10828.4000,1330.7600,34.2492,5.20108,0.0
452,0,0,0,-10819.0000,1278.9800,33.0545,3.99741,10.0
452,0,0,0,-10808.0000,1262.6400,36.2565,2.97681,5.0
453,0,0,0,-11212.5000,820.8330,43.9706,4.59382,5.0
453,0,0,0,-11210.0000,879.9430,51.2052,2.46091,0.0
453,0,0,0,-11201.9000,791.3360,39.5312,2.21657,0.0
453,0,0,0,-11198.2000,865.4600,44.4329,1.98070,10.0
453,0,0,0,-11189.3000,713.1910,32.9973,3.31704,5.0
453,0,0,0,-11185.3000,809.6350,39.1378,0.28203,10.0
453,0,0,0,-11167.0000,854.8210,39.3149,6.26945,10.0
453,0,0,0,-11160.4000,896.2770,40.7638,0.45643,10.0
453,0,0,0,-11151.8000,738.8990,32.7101,4.04916,0.0
453,0,0,0,-11129.3000,890.0870,39.1656,3.75246,0.0
453,0,0,0,-11107.0000,793.1030,37.4741,5.56760,0.0
453,0,0,0,-11093.7000,887.1620,41.7937,0.33843,5.0
454,0,0,0,-10477.3000,1163.1700,48.3570,1.29384,5.0
454,0,0,0,-10451.1000,1136.7100,39.2304,4.78864,5.0
454,0,0,0,-10447.7000,1186.2600,42.7536,0.67475,10.0
454,0,0,0,-10420.1000,1083.8000,48.8493,0.08898,5.0
454,0,0,0,-10391.3000,1048.8300,37.0721,1.52410,5.0
454,0,0,0,-10385.0000,1283.8000,41.9062,3.16503,5.0
454,0,0,0,-10384.7000,1120.4000,37.9755,5.43352,10.0
454,0,0,0,-10371.0000,1295.7700,40.1368,0.90795,5.0
454,0,0,0,-10360.7000,1193.4900,40.3355,5.49779,5.0
454,0,0,0,-10354.6000,1130.8200,35.5919,1.88637,10.0
454,0,0,0,-10330.1000,1172.2300,39.0594,3.66961,10.0
454,0,0,0,-10315.1000,1019.2000,41.0904,2.00677,5.0
454,0,0,0,-10291.9000,805.7470,52.0068,5.82861,5.0
454,0,0,0,-10257.8000,1270.8500,37.8478,1.50105,10.0
454,0,0,0,-10250.6000,875.6270,37.8229,0.05864,10.0
454,0,0,0,-10215.7000,1750.9000,36.0054,1.39919,5.0
454,0,0,0,-10211.8000,1815.9400,38.1194,1.45141,10.0
454,0,0,0,-10204.0000,1842.7000,36.4561,3.43398,10.0
454,0,0,0,-10188.0000,1637.2100,43.1175,1.71186,5.0
454,0,0,0,-10183.2000,916.8520,38.4371,0.00462,10.0
454,0,0,0,-10153.7000,907.7130,39.3463,4.22915,10.0
454,0,0,0,-10152.2000,1482.0700,41.9955,3.95675,5.0
454,0,0,0,-10115.9000,1709.3800,33.8623,4.91687,5.0
454,0,0,0,-10110.6000,1465.4200,41.9599,0.97208,5.0
454,0,0,0,-10101.2000,1583.8700,42.8513,0.33750,5.0
454,0,0,0,-10100.1000,895.8160,35.9512,2.24828,10.0
454,0,0,0,-10084.9000,1251.9100,39.6124,0.26251,10.0
454,0,0,0,-10058.7000,1519.8800,47.2555,2.62116,5.0
454,0,0,0,-10049.6000,849.5140,33.7985,1.71974,5.0
454,0,0,0,-10023.5000,1121.2600,42.1292,2.07862,10.0
454,0,0,0,-10005.3000,1694.7300,36.1310,1.83970,10.0
454,0,0,0,-9952.6000,1540.5200,45.1966,0.83101,10.0
454,0,0,0,-9950.2200,814.6610,31.8721,0.20225,10.0
454,0,0,0,-9948.7600,1275.5200,41.1345,5.37519,5.0
454,0,0,0,-9942.8600,1219.5000,42.6485,5.44803,10.0
454,0,0,0,-9884.5600,1053.4000,34.3306,1.40688,5.0
454,0,0,0,-9878.8100,1192.8500,41.2376,2.45716,10.0
454,0,0,0,-9872.4600,1225.0100,41.6656,1.27099,5.0
454,0,0,0,-9856.1400,1082.1800,33.6633,1.24939,10.0
454,0,0,0,-9851.2200,1385.0700,51.5061,4.49533,10.0
454,0,0,0,-9846.5200,1311.9300,44.7362,5.51988,5.0
454,0,0,0,-9809.4900,1182.8800,40.7303,3.33261,10.0
454,0,0,0,-9775.6300,1024.4100,32.5054,0.80318,10.0
454,0,0,0,-9718.8100,956.5680,34.0829,5.80119,5.0
454,0,0,0,-9688.9700,974.0150,37.1433,4.92305,10.0
456,0,0,0,-9829.8500,1803.0900,-1.8593,1.31527,5.0
456,0,0,0,-9811.9400,1843.5100,-4.5443,2.87803,0.0
456,0,0,0,-9806.1800,1826.4300,-4.4660,1.69297,3.0
456,0,0,0,-9800.6600,1822.5100,4.0305,3.78690,5.0
456,0,0,0,-9798.5700,1842.7600,-3.2492,0.59004,3.0
456,0,0,0,-9791.4700,1826.9700,5.3723,2.79253,0.0
456,0,0,0,-9790.0400,1830.6400,-10.1980,2.89725,0.0
456,0,0,0,-9781.9000,1830.1900,-11.1869,4.17388,5.0
456,0,0,0,-9776.3500,1812.3100,10.7871,4.69768,3.0
456,0,0,0,-9776.2200,1828.6700,0.2331,4.64258,0.0
456,0,0,0,-9771.1900,1816.8500,1.5701,4.54742,5.0
456,0,0,0,-9770.0400,1818.4300,-4.8215,4.45059,0.0
456,0,0,0,-9766.4600,1813.2800,2.5656,3.03687,5.0
456,0,0,0,-9753.3500,1845.9300,-16.4015,2.75221,10.0
456,0,0,0,-9743.0900,1656.2300,7.6915,3.75443,10.0
456,0,0,0,-9733.4000,1669.2100,3.3916,2.96751,10.0
456,0,0,0,-9672.3400,1513.3900,14.1054,1.44367,5.0
456,0,0,0,-9667.6900,1538.5900,10.7839,4.09138,10.0
456,0,0,0,-9637.8700,1573.4200,0.7485,2.86234,0.0
456,0,0,0,-9615.7000,1493.0200,6.7623,1.60868,10.0
456,0,0,0,-9590.8300,1511.0400,0.0984,2.30383,0.0
456,0,0,0,-9588.1300,1442.7200,2.2435,2.32129,0.0
456,0,0,0,-9578.5800,1449.1700,-0.0869,0.94248,0.0
458,0,0,0,-10807.6000,2086.2800,7.4564,3.33431,5.0
458,0,0,0,-10798.5000,2054.7700,10.7607,5.14872,0.0
458,0,0,0,-10797.9000,2045.5400,10.5618,1.50098,0.0
458,0,0,0,-10767.5000,2046.8300,15.0832,4.12782,10.0
458,0,0,0,-10751.9000,2057.7500,12.6267,3.50910,10.0
458,0,0,0,-10737.5000,2187.6400,17.1083,2.30383,0.0
458,0,0,0,-10719.7000,2133.9400,21.7865,3.94444,0.0
458,0,0,0,-10712.1000,2133.0200,21.8445,5.39307,0.0
458,0,0,0,-10691.1000,2135.1900,20.9380,3.17650,0.0
458,0,0,0,-10684.1000,2134.3900,20.3029,5.74213,0.0
458,0,0,0,-10678.2000,2061.0100,7.8459,3.72860,10.0
458,0,0,0,-10665.5000,2042.4500,7.9764,0.00000,0.0
458,0,0,0,-10659.6000,2042.4800,8.3336,2.96706,0.0
458,0,0,0,-10544.8000,2113.7800,1.5778,3.97935,10.0
458,0,0,0,-10541.1000,2126.6900,-1.7141,4.83456,10.0
458,0,0,0,-10534.9000,2135.0500,-5.0705,0.69813,10.0
458,0,0,0,-10526.2000,2147.4600,-10.7805,0.34907,10.0
458,0,0,0,-10526.1000,2086.5600,7.5223,2.57863,5.0
458,0,0,0,-10496.1000,2122.9600,-0.1181,3.96190,0.0
458,0,0,0,-10493.1000,2118.6400,1.1146,2.43522,5.0
458,0,0,0,-10348.7000,2051.2700,6.1598,0.82473,10.0
458,0,0,0,-10310.1000,2082.6700,-1.6509,0.15064,10.0
458,0,0,0,-10286.3000,2044.3300,9.7083,5.25709,5.0
458,0,0,0,-10251.8000,2085.6400,-3.6775,5.83980,5.0
458,0,0,0,-10219.3000,1938.6400,32.0274,6.21337,0.0
458,0,0,0,-10219.3000,2051.0700,9.5335,2.49182,5.0
458,0,0,0,-10067.3000,1954.6500,4.2257,4.61916,10.0
458,0,0,0,-10047.6000,1980.0600,-4.0746,3.22863,10.0
458,0,0,0,-10042.1000,1959.5900,-0.5718,1.12089,10.0
458,0,0,0,-10039.4000,1999.0300,-6.7069,5.08187,10.0
458,0,0,0,-10034.2000,2011.0400,-8.9225,3.27273,10.0
458,0,0,0,-10016.7000,1992.6600,-7.3787,4.08862,10.0
458,0,0,0,-9992.3300,1957.5900,-3.8899,2.89188,10.0
459,0,0,0,-8926.7400,-195.5890,80.7714,2.79253,0.0
460,0,0,0,-6048.7900,391.0780,399.2020,3.63029,0.0
465,0,0,0,-9459.9800,8.4114,57.1459,1.46608,0.0
467,0,0,0,-10508.4000,1068.0000,55.2111,2.12930,0.0
471,0,0,0,-9051.8300,-621.3210,53.5771,4.24115,0.0
472,0,0,0,-8978.2100,-829.3240,70.1883,3.29867,0.0
472,0,0,0,-8886.0400,-771.9850,69.2205,4.98213,0.0
472,0,0,0,-8855.4800,-822.6220,71.6891,0.59882,0.0
472,0,0,0,-8839.1300,-863.7720,75.7393,4.52817,0.0
473,0,0,0,-9806.2500,-932.1240,39.8574,1.08210,0.0
474,0,0,0,-9866.0800,-222.6410,35.9794,0.62832,0.0
474,0,0,0,-9389.6300,529.3770,61.7326,2.16402,0.0
474,0,0,0,-9378.7400,532.7620,57.4480,3.44836,0.0
474,0,0,0,-9352.1800,503.7650,50.4330,4.97419,0.0
474,0,0,0,-9348.8000,524.3470,53.4461,5.42204,0.0
474,0,0,0,-9321.2400,552.0490,77.1882,3.02490,0.0
474,0,0,0,-9306.2100,-294.3630,70.5100,1.13446,0.0
474,0,0,0,-9245.2400,-980.9310,68.6672,0.46424,0.0
474,0,0,0,-9227.3200,-1031.4000,69.6308,3.28044,0.0
474,0,0,0,-9213.3600,-974.8920,71.5342,1.83999,0.0
474,0,0,0,-9193.1200,-1002.5900,70.4148,1.31267,0.0
474,0,0,0,-9188.3200,-1050.9600,71.4140,4.40869,0.0
474,0,0,0,-9175.0300,-1122.9800,71.3228,2.17653,0.0
474,0,0,0,-9154.2500,-1011.3600,70.6092,1.34232,0.0
474,0,0,0,-9152.2900,-1052.5200,71.3080,4.34520,0.0
474,0,0,0,-9145.1700,-1063.7200,71.4330,2.89713,0.0
474,0,0,0,-9143.8100,-954.4000,70.6154,0.32508,0.0
474,0,0,0,-9138.0700,-1035.4700,71.4330,5.47858,0.0
474,0,0,0,-9135.6700,-1143.1400,70.7410,1.51076,0.0
474,0,0,0,-9123.8300,-1020.2500,72.1897,2.89550,0.0
474,0,0,0,-9118.6300,-1038.4600,71.8080,2.52619,0.0
474,0,0,0,-9091.2500,-1011.0400,73.0624,2.38878,0.0
474,0,0,0,-9090.8900,-951.8870,68.8520,1.86837,0.0
474,0,0,0,-9080.7100,-1048.8700,72.4672,4.47537,0.0
474,0,0,0,-9065.2000,-1131.1200,70.5225,3.19828,0.0
474,0,0,0,-9037.5800,-1103.8000,70.9863,0.90897,0.0
474,0,0,0,-9026.7800,-1048.4200,68.7902,4.41120,0.0
474,0,0,0,-9012.5900,-983.2770,69.4470,5.93294,0.0
475,0,0,0,-9954.5200,222.7970,26.3280,4.94774,5.0
475,0,0,0,-9907.6100,178.8490,31.9818,5.60655,5.0
475,0,0,0,-9903.6800,226.7560,16.4163,0.33661,5.0
475,0,0,0,-9893.8800,206.7490,14.1337,2.27603,5.0
475,0,0,0,-9888.2100,153.5540,32.0522,5.88405,5.0
475,0,0,0,-9884.2500,260.6530,35.3134,2.57944,5.0
475,0,0,0,-9879.4300,190.8120,16.6024,1.79753,5.0
475,0,0,0,-9879.3300,217.3560,14.1337,5.82548,5.0
475,0,0,0,-9871.1400,237.2520,19.5984,4.31734,5.0
475,0,0,0,-9865.2500,170.2900,19.6687,5.36632,5.0
475,0,0,0,-9857.4400,157.6240,6.2010,0.98813,5.0
475,0,0,0,-9853.6800,284.8620,38.1306,1.89787,5.0
475,0,0,0,-9852.1900,179.6200,20.9187,3.22526,5.0
475,0,0,0,-9851.4900,213.1850,14.1337,2.54401,5.0
475,0,0,0,-9849.7000,135.1780,6.0323,6.08721,5.0
475,0,0,0,-9843.6100,198.6270,22.7217,5.28962,5.0
475,0,0,0,-9840.6200,161.1100,4.8926,0.28193,5.0
475,0,0,0,-9833.9600,188.5240,22.6872,5.79556,5.0
475,0,0,0,-9828.8900,215.7720,15.5806,4.06545,5.0
475,0,0,0,-9827.5800,124.7210,4.3947,6.19969,5.0
475,0,0,0,-9826.0700,186.3140,12.4443,1.27340,5.0
475,0,0,0,-9825.3600,199.1210,14.0991,5.39400,5.0
475,0,0,0,-9822.6800,180.4210,23.0711,3.13012,5.0
475,0,0,0,-9821.1200,181.4420,22.8145,3.23508,5.0
475,0,0,0,-9819.4500,129.5440,4.8234,5.83605,5.0
475,0,0,0,-9816.5900,120.3540,45.9586,3.66559,5.0
475,0,0,0,-9806.6100,181.3340,22.5813,0.22628,5.0
475,0,0,0,-9804.7300,240.6620,41.1706,4.86251,5.0
475,0,0,0,-9800.6800,103.6680,24.7890,5.76924,5.0
475,0,0,0,-9799.5800,167.1040,24.1743,2.08218,5.0
475,0,0,0,-9797.9600,109.5750,24.4197,3.88405,5.0
475,0,0,0,-9783.5500,84.9010,42.6198,3.27819,5.0
475,0,0,0,-9772.5400,97.5499,6.6197,6.27415,5.0
475,0,0,0,-9770.8300,279.1660,43.1248,0.11980,5.0
475,0,0,0,-9768.3700,231.5000,46.3995,2.64377,5.0
475,0,0,0,-9758.0400,191.6880,51.2021,3.51339,5.0
475,0,0,0,-9752.6200,121.1970,16.1771,1.30766,5.0
475,0,0,0,-9750.7900,109.9390,25.6415,3.41538,5.0
475,0,0,0,-9734.4000,138.9440,49.0226,0.43305,5.0
476,0,0,0,-9289.5400,-669.5120,65.2942,5.97583,5.0
476,0,0,0,-9256.4600,-711.8380,62.8560,4.05948,0.0
476,0,0,0,-9252.3500,-703.3040,63.5593,6.05629,0.0
476,0,0,0,-9248.5100,-702.8690,63.4745,3.59538,0.0
476,0,0,0,-9247.6000,-580.7570,65.7305,1.95928,5.0
476,0,0,0,-9229.6500,-623.4140,61.8933,1.29756,5.0
476,0,0,0,-9136.1700,-596.7230,57.5405,1.84770,5.0
476,0,0,0,-9088.7300,-573.6840,62.5813,5.08187,0.0
478,0,0,0,-10147.1000,616.1760,27.7535,4.91395,5.0
478,0,0,0,-10127.0000,573.7150,33.3096,4.91898,5.0
478,0,0,0,-10120.1000,653.3270,34.9110,3.04834,5.0
478,0,0,0,-10117.8000,686.2960,31.9033,6.17846,5.0
478,0,0,0,-10117.3000,711.2200,31.6599,5.64410,5.0
478,0,0,0,-10110.2000,692.5730,31.9033,4.55531,5.0
478,0,0,0,-10092.0000,542.7750,26.0956,3.31981,5.0
478,0,0,0,-10089.9000,673.7870,34.4182,4.14820,5.0
478,0,0,0,-10085.0000,633.9680,39.1533,2.38575,5.0
478,0,0,0,-10071.4000,629.0200,39.4488,6.12611,5.0
478,0,0,0,-10071.0000,633.1840,39.4488,6.07375,5.0
478,0,0,0,-10033.9000,645.8850,38.4437,2.35619,5.0
478,0,0,0,-10027.2000,608.8800,38.7172,3.75800,5.0
478,0,0,0,-10010.6000,581.3210,38.8676,6.12969,5.0
478,0,0,0,-10005.1000,662.8830,35.8841,5.49779,5.0
478,0,0,0,-10002.0000,657.1140,36.4221,1.81514,5.0
478,0,0,0,-9990.8700,653.9040,36.4184,2.51737,5.0
478,0,0,0,-9986.7300,571.9130,37.7614,5.98648,5.0
478,0,0,0,-9981.5100,562.6270,37.7605,1.27409,5.0
478,0,0,0,-9981.1400,547.8360,38.0105,3.21327,5.0
478,0,0,0,-9959.7600,544.4440,37.6965,0.74674,5.0
478,0,0,0,-9954.2600,663.2520,34.0295,1.44037,5.0
478,0,0,0,-9949.5800,621.9180,37.2311,5.06145,5.0
478,0,0,0,-9949.5400,615.6130,37.2311,1.16937,5.0
478,0,0,0,-9935.8800,583.8540,37.7703,1.44862,5.0
478,0,0,0,-9931.6200,578.8990,37.2770,2.39110,5.0
478,0,0,0,-9906.7200,623.3550,40.4015,4.03545,5.0
478,0,0,0,-9847.5600,587.7860,40.3110,2.83187,5.0
478,0,0,0,-9824.3000,620.7950,41.6051,5.09522,5.0
478,0,0,0,-9821.0800,562.0990,38.7323,1.59273,5.0
478,0,0,0,-9788.6000,582.6440,38.1564,5.91138,5.0
478,0,0,0,-9207.3900,-846.8180,68.3637,3.85824,5.0
478,0,0,0,-9117.1900,-830.7290,70.2657,2.40939,5.0
478,0,0,0,-9070.9500,-831.3160,69.6163,4.87625,5.0
478,0,0,0,-8996.3800,-817.6910,69.5901,1.35894,5.0
478,0,0,0,-8985.5900,-854.9580,69.1153,0.04793,5.0
478,0,0,0,-8984.1400,-828.1670,70.2784,5.60251,5.0
478,0,0,0,-8979.8300,-818.9410,70.4679,4.48550,5.0
478,0,0,0,-8953.0700,-780.7520,69.0888,1.12163,5.0
478,0,0,0,-8939.9900,-853.2950,68.6805,4.01473,5.0
478,0,0,0,-8918.6100,-814.3890,68.9270,0.37000,5.0
478,0,0,0,-8914.7100,-745.9360,70.4106,4.47358,5.0
478,0,0,0,-8895.9900,-778.2480,69.3756,0.38014,5.0
478,0,0,0,-8888.6300,-756.1450,69.4341,3.14220,5.0
478,0,0,0,-8887.3200,-778.6510,69.7129,0.85521,5.0
478,0,0,0,-8879.5800,-786.5660,70.0006,2.84998,5.0
478,0,0,0,-8874.2300,-862.0470,74.7382,1.85187,5.0
478,0,0,0,-8873.5200,-776.3960,69.3139,3.17650,5.0
478,0,0,0,-8869.9600,-1130.1400,77.1284,2.35896,5.0
478,0,0,0,-8869.7400,-819.3720,71.8887,0.88304,5.0
478,0,0,0,-8859.6700,-824.2840,71.8228,5.84685,5.0
478,0,0,0,-8848.6700,-882.4440,74.6828,4.37717,5.0
478,0,0,0,-8847.8600,-811.5610,70.7121,4.20624,5.0
478,0,0,0,-8838.2100,-854.2560,74.6843,2.74352,5.0
478,0,0,0,-8836.4100,-831.3260,73.7589,6.20071,5.0
478,0,0,0,-8834.4500,-880.6610,74.4284,2.02458,5.0
478,0,0,0,-8827.7400,-867.4540,74.5929,3.22886,5.0
478,0,0,0,-8826.0200,-995.4900,74.6004,3.40650,5.0
480,0,0,0,-9997.0300,1113.0300,43.4740,4.51271,5.0
480,0,0,0,-9996.3400,1148.4500,43.6892,2.86226,5.0
480,0,0,0,-9986.0000,1130.3300,43.5259,4.04127,5.0
480,0,0,0,-9985.1600,1092.4300,40.8958,4.91890,5.0
480,0,0,0,-9983.1600,1146.9400,43.0770,4.34982,5.0
480,0,0,0,-9973.4100,1080.3300,41.8958,2.81627,5.0
480,0,0,0,-9968.5500,1113.7900,39.7240,4.61517,5.0
480,0,0,0,-9894.2600,1017.1400,33.1310,5.42666,5.0
480,0,0,0,-9889.7500,1036.2600,33.7268,2.39705,10.0
480,0,0,0,-9884.9400,1005.7400,33.1310,2.59220,5.0
480,0,0,0,-9868.6400,1018.6400,32.8810,0.37118,10.0
480,0,0,0,-9862.7500,1007.3200,32.2554,3.51236,10.0
480,0,0,0,-9843.6400,979.9160,29.2554,5.84814,10.0
480,0,0,0,-9825.7400,949.5810,29.2542,3.42373,10.0
480,0,0,0,-9823.4400,1005.1600,29.2554,3.70021,10.0
480,0,0,0,-9788.2300,978.0210,29.2029,2.15055,10.0
481,0,0,0,-9861.7200,1030.4200,34.1761,6.00205,0.0
481,0,0,0,-9850.2100,1038.5900,34.0218,1.91723,0.0
481,0,0,0,-9847.3500,1053.1600,33.5892,6.22413,0.0
481,0,0,0,-9846.9500,1027.6900,33.3076,6.05629,0.0
481,0,0,0,-9841.2200,1033.6100,33.0888,4.67748,0.0
485,0,0,0,-9815.7700,-3259.5200,58.9768,1.57080,0.0
485,0,0,0,-9815.5500,-3250.7400,58.9556,4.38078,0.0
485,0,0,0,-9800.3300,-3220.8500,59.1028,0.20944,0.0
485,0,0,0,-9782.1400,-3242.6300,59.0191,1.51844,0.0
485,0,0,0,-9757.4800,-3140.4100,59.0104,0.52360,0.0
485,0,0,0,-9734.4000,-3142.2900,59.0314,1.29154,0.0
485,0,0,0,-9715.4200,-3185.4300,58.7338,1.69297,0.0
485,0,0,0,-9709.6000,-3067.4000,58.5783,0.12217,0.0
485,0,0,0,-9686.1700,-3088.9800,54.0409,2.01969,0.0
485,0,0,0,-9658.4300,-3122.6900,50.6427,4.40298,5.0
485,0,0,0,-9655.7600,-3152.7900,48.9073,1.81288,5.0
485,0,0,0,-9650.8400,-3201.1500,48.4217,1.76540,10.0
485,0,0,0,-9635.6200,-3261.4300,48.9526,5.06145,0.0
485,0,0,0,-9625.6900,-3206.5800,49.3529,2.63545,0.0
485,0,0,0,-9580.2300,-3257.6200,49.4698,0.00000,0.0
485,0,0,0,-9551.2700,-3264.8400,49.3943,1.85005,0.0
485,0,0,0,-9549.8300,-3257.3000,49.0535,3.99680,0.0
485,0,0,0,-9547.4400,-3246.4100,49.8140,3.36429,10.0
485,0,0,0,-9496.4200,-3213.1400,62.7444,4.34587,0.0
485,0,0,0,-9493.1200,-2938.5500,115.4520,5.33656,0.0
485,0,0,0,-9473.4900,-2972.0300,126.7620,5.46473,0.0
485,0,0,0,-9237.3700,-2378.6300,92.3221,0.31416,0.0
485,0,0,0,-9235.0000,-2376.0500,92.1701,5.95157,0.0
485,0,0,0,-9234.3900,-2932.0100,113.0940,5.53269,0.0
485,0,0,0,-9229.9000,-2375.2400,91.9176,5.06145,0.0
485,0,0,0,-9198.2100,-2887.2900,113.0730,4.67748,0.0
485,0,0,0,-9185.0700,-2878.3400,112.9480,1.95800,5.0
485,0,0,0,-9175.1500,-2930.8100,107.9840,5.61996,0.0
485,0,0,0,-9172.2500,-2402.4700,104.4330,0.00000,0.0
485,0,0,0,-9164.0300,-2442.9400,110.9320,4.96921,0.0
485,0,0,0,-9138.1500,-2556.1500,116.6490,1.56103,5.0
485,0,0,0,-8856.2300,-2537.5700,138.3710,4.11632,0.0
485,0,0,0,-8834.8500,-2494.0800,132.9810,0.65757,5.0
491,0,0,0,-10500.6000,1021.5900,60.6106,1.83260,0.0
500,0,0,0,-10151.5000,1613.3600,41.8154,2.84194,5.0
500,0,0,0,-10145.6000,1652.0600,38.2140,1.23918,0.0
500,0,0,0,-10144.2000,1735.2800,32.0098,4.79965,0.0
500,0,0,0,-10139.7000,1740.4500,31.7987,4.18879,0.0
500,0,0,0,-10081.2000,1826.5700,34.9028,2.86911,10.0
500,0,0,0,-10060.7000,1683.2500,34.7190,4.66003,0.0
500,0,0,0,-10059.4000,1673.4000,36.1322,0.00287,10.0
500,0,0,0,-10059.2000,1836.5300,35.7428,1.60156,5.0
500,0,0,0,-9887.5600,1548.3900,44.3756,0.92502,0.0
500,0,0,0,-9882.6900,1555.0000,44.0723,3.92699,0.0
500,0,0,0,-9880.3000,1540.4300,44.9256,2.62696,10.0
500,0,0,0,-9877.1400,1553.1300,44.4818,2.96706,0.0
500,0,0,0,-9786.7100,1481.2700,44.4093,3.96594,5.0
500,0,0,0,-9754.6800,1191.7200,41.1630,5.88176,0.0
500,0,0,0,-9752.6300,1392.2300,43.7283,1.73152,10.0
500,0,0,0,-9747.3900,1514.8900,44.2356,6.16084,10.0
500,0,0,0,-9746.8600,1189.2500,41.1622,3.71755,0.0
500,0,0,0,-9730.3400,1451.4600,44.7221,1.97851,5.0
500,0,0,0,-9727.6100,1443.4500,45.0189,5.88176,0.0
500,0,0,0,-9719.4600,1440.9900,45.0733,2.60054,0.0
500,0,0,0,-9717.0100,1046.1300,35.5496,5.98648,0.0
500,0,0,0,-9694.5400,1440.0000,48.7878,0.24435,0.0
500,0,0,0,-9693.6500,1039.1800,36.5322,2.68781,0.0
501,0,0,0,-11120.1000,1880.2800,37.5749,3.01814,10.0
501,0,0,0,-11112.3000,1905.2700,36.7000,1.36012,10.0
501,0,0,0,-11086.2000,1912.3300,33.5449,1.23918,0.0
501,0,0,0,-11085.3000,1886.0500,36.1845,1.20658,10.0
501,0,0,0,-11048.0000,1922.2700,36.0711,4.66940,10.0
501,0,0,0,-11024.8000,1930.2000,35.3572,4.86710,5.0
501,0,0,0,-10996.4000,1870.3700,41.5086,1.57080,0.0
501,0,0,0,-10986.2000,1868.6800,43.5143,3.91366,10.0
501,0,0,0,-10929.1000,1996.2100,34.1005,5.25344,0.0
501,0,0,0,-10923.2000,1997.3700,35.1273,4.38078,0.0
501,0,0,0,-10826.5000,1765.2900,36.8491,4.04916,0.0
501,0,0,0,-10754.3000,1947.1400,37.4602,0.99484,0.0
501,0,0,0,-10741.8000,1957.9200,38.1532,5.74213,10.0
501,0,0,0,-10652.7000,1952.8900,34.9043,2.10524,5.0
501,0,0,0,-10620.8000,1909.5000,43.7343,4.51166,5.0
501,0,0,0,-10619.6000,1979.4200,38.2408,4.66854,5.0
501,0,0,0,-10615.6000,1943.4400,37.8717,0.92502,0.0
501,0,0,0,-10607.4000,1948.8600,37.8717,3.43830,0.0
501,0,0,0,-10586.4000,1914.4200,39.4557,1.81710,5.0
501,0,0,0,-10585.7000,1981.6600,37.4979,2.34169,5.0
501,0,0,0,-10556.9000,1954.3500,36.2894,1.58825,0.0
501,0,0,0,-10542.3000,1921.0800,37.4216,5.98756,5.0
502,0,0,0,-9843.2000,1285.3200,42.2991,2.93215,0.0
504,0,0,0,-10625.2000,1382.1300,42.1773,1.39626,0.0
504,0,0,0,-10513.0000,1316.9400,46.1071,4.32572,5.0
504,0,0,0,-10501.7000,1243.1700,69.5800,2.62484,5.0
504,0,0,0,-10491.7000,1217.6900,67.4184,2.16764,5.0
504,0,0,0,-10490.1000,1330.6900,42.6935,4.72984,0.0
504,0,0,0,-10477.5000,1366.4000,51.2746,0.40156,0.0
504,0,0,0,-10469.8000,1345.1500,45.7896,4.59022,0.0
504,0,0,0,-10455.7000,1318.1000,45.0161,1.61784,5.0
504,0,0,0,-10411.8000,1346.2200,55.3489,5.57445,0.0
504,0,0,0,-10357.9000,1562.5200,42.0098,5.93412,0.0
504,0,0,0,-10322.8000,1589.5500,41.1589,1.47984,5.0
504,0,0,0,-10319.7000,1229.1000,37.8693,5.39307,0.0
504,0,0,0,-10317.5000,1244.2300,39.3501,0.00000,0.0
504,0,0,0,-10311.5000,1402.8900,41.4070,0.01745,0.0
504,0,0,0,-10291.0000,1407.0700,40.1771,4.69494,0.0
504,0,0,0,-10272.4000,1389.1600,39.8143,1.09613,5.0
504,0,0,0,-10261.4000,1392.5000,39.5841,0.00000,0.0
504,0,0,0,-10247.4000,1358.1800,41.7648,0.75065,5.0
504,0,0,0,-10207.9000,1888.3800,36.2056,4.00779,5.0
504,0,0,0,-10206.8000,1908.3200,37.0127,1.84446,0.0
504,0,0,0,-10196.2000,1933.5900,34.3548,0.24356,5.0
504,0,0,0,-10190.7000,1895.7400,35.9227,2.19120,0.0
504,0,0,0,-10189.1000,1917.4700,37.5200,6.03884,0.0
504,0,0,0,-10186.8000,1920.1400,37.4566,1.11701,0.0
504,0,0,0,-10184.5000,1920.4700,37.3642,2.14675,0.0
504,0,0,0,-10179.3000,1877.7600,33.6748,5.42797,10.0
504,0,0,0,-10172.2000,1934.1700,37.3743,2.71352,5.0
504,0,0,0,-10168.3000,1906.9300,35.1377,5.76076,5.0
504,0,0,0,-10037.7000,1384.1600,42.9747,5.71699,10.0
504,0,0,0,-9987.6500,1478.7100,43.5477,2.67035,0.0
504,0,0,0,-9973.8000,1458.3800,45.0564,0.20317,0.0
504,0,0,0,-9959.9200,1452.9400,43.3409,5.33184,0.0
504,0,0,0,-9922.5700,1448.0100,39.5639,5.77704,0.0
504,0,0,0,-9914.2200,1448.9600,40.6289,4.69494,0.0
504,0,0,0,-9886.7100,1311.4300,42.4926,3.97935,0.0
504,0,0,0,-9882.4600,1307.6700,42.5123,3.61283,0.0
504,0,0,0,-9875.1400,1308.6500,43.1871,2.40855,0.0
504,0,0,0,-9865.9100,1282.2200,41.0750,1.45052,5.0
504,0,0,0,-9861.0800,1272.6400,40.8237,4.19504,5.0
505,0,0,0,-9683.5500,-3029.7900,52.6831,1.55396,10.0
505,0,0,0,-9250.1300,-2810.9900,93.3725,5.91573,10.0
505,0,0,0,-9206.2700,-2739.0300,89.1640,3.10450,10.0
505,0,0,0,-9202.8800,-2784.6900,91.3231,4.83338,10.0
505,0,0,0,-9200.2800,-2740.5500,88.9286,3.04979,10.0
505,0,0,0,-9199.7700,-2767.5100,90.0616,3.88781,10.0
505,0,0,0,-9184.4300,-2708.4300,89.3150,2.08371,10.0
505,0,0,0,-9171.9300,-2696.6000,90.2813,1.54931,10.0
505,0,0,0,-9162.7900,-2669.1300,93.6677,1.28406,10.0
505,0,0,0,-9139.3700,-2719.1400,93.0765,0.82681,10.0
505,0,0,0,-9131.8900,-2609.0400,112.1680,6.14405,10.0
505,0,0,0,-9130.9400,-2713.3600,92.0353,4.89714,10.0
505,0,0,0,-9127.5700,-2738.8200,94.4860,3.48619,10.0
505,0,0,0,-9101.7000,-2736.8900,93.9311,5.19703,5.0
506,0,0,0,-10143.2000,1725.8400,32.8832,1.79769,0.0
513,0,0,0,-10021.4000,1881.9200,12.7970,3.35103,0.0
513,0,0,0,-10012.6000,1879.2600,12.8010,0.00000,0.0
513,0,0,0,-9992.7400,1887.8000,11.3672,2.66741,5.0
513,0,0,0,-9928.7000,1807.5700,9.7108,1.49786,10.0
513,0,0,0,-9915.6900,1772.7000,10.6439,0.00000,0.0
513,0,0,0,-9914.5900,1752.3500,12.8358,2.50359,5.0
513,0,0,0,-9913.1600,1806.2500,8.4120,4.09218,10.0
513,0,0,0,-9903.3000,1763.7200,10.3332,0.00000,0.0
513,0,0,0,-9876.7500,1797.5600,3.4767,2.27391,10.0
513,0,0,0,-9836.8600,1828.9800,-6.1608,3.48381,5.0
513,0,0,0,-9818.3100,1842.6500,1.8108,0.00000,3.0
513,0,0,0,-9809.1700,1864.3300,-16.7733,3.44019,5.0
513,0,0,0,-9807.2800,1838.8500,-8.1311,2.12705,0.0
513,0,0,0,-9802.3700,1846.3500,-14.8858,2.34933,5.0
513,0,0,0,-9798.4700,1844.6900,4.5774,4.51365,3.0
513,0,0,0,-9795.2100,1790.5300,-4.0721,5.38692,5.0
513,0,0,0,-9790.0200,1836.2000,-2.0685,2.63750,5.0
513,0,0,0,-9789.8100,1816.3300,7.8840,0.00000,3.0
513,0,0,0,-9788.9900,1823.1700,-8.0637,0.63227,0.0
513,0,0,0,-9783.9500,1708.1200,8.2700,5.87923,10.0
513,0,0,0,-9783.8400,1836.7100,-1.2648,3.45575,0.0
513,0,0,0,-9780.5700,1684.7400,7.6007,5.81254,10.0
513,0,0,0,-9777.8800,1658.8800,10.8996,4.15871,10.0
513,0,0,0,-9777.5600,1822.7700,10.1445,4.17703,3.0
513,0,0,0,-9770.6900,1807.2400,1.9429,1.81514,0.0
513,0,0,0,-9768.3700,1714.8900,3.4552,3.26533,10.0
513,0,0,0,-9765.1000,1808.3300,-4.1625,4.86476,0.0
513,0,0,0,-9759.5000,1650.8000,9.7658,0.00000,10.0
513,0,0,0,-9756.8000,1675.2500,6.2666,5.44003,10.0
513,0,0,0,-9755.7400,1697.1600,1.8916,5.27340,10.0
515,0,0,0,-9663.7600,1162.7100,6.6451,5.67232,0.0
515,0,0,0,-9647.5500,1155.9200,5.1408,2.44989,10.0
515,0,0,0,-9639.4000,1190.6600,7.1471,0.40778,10.0
515,0,0,0,-9635.7500,1082.3900,5.2476,3.01097,5.0
515,0,0,0,-9624.7600,1130.5200,2.7006,5.07290,5.0
515,0,0,0,-9623.6900,1172.3500,4.5809,5.29361,10.0
515,0,0,0,-9622.4000,1081.3300,2.7283,3.61305,5.0
515,0,0,0,-9601.3500,1066.6200,2.8609,4.78220,0.0
515,0,0,0,-9587.0500,1070.6300,0.9444,1.85005,0.0
515,0,0,0,-9570.4800,1066.8000,3.5995,4.22370,0.0
517,0,0,0,-11405.3000,1807.9300,4.9819,5.72468,0.0
517,0,0,0,-11390.7000,1805.5600,7.7382,3.93290,10.0
517,0,0,0,-11379.6000,1829.0800,2.5493,0.98949,10.0
517,0,0,0,-11368.4000,1838.6300,2.7008,0.14107,10.0
517,0,0,0,-11340.9000,1835.3200,8.9616,3.19625,10.0
517,0,0,0,-11162.7000,2061.8500,-3.5664,5.26506,10.0
517,0,0,0,-11137.0000,2102.6100,-6.9999,2.53837,10.0
517,0,0,0,-11135.5000,2065.5000,-4.7072,3.99680,10.0
517,0,0,0,-11118.6000,2103.7700,-6.1525,5.09636,10.0
517,0,0,0,-11104.8000,2035.6300,0.8097,1.06958,10.0
517,0,0,0,-11097.3000,2067.7700,1.1099,5.79449,0.0
517,0,0,0,-11085.8000,2106.8000,-1.1961,5.84485,10.0
517,0,0,0,-11038.3000,2079.9300,1.8770,0.37792,5.0
517,0,0,0,-11033.9000,2047.5600,9.5260,4.16563,10.0
517,0,0,0,-11009.9000,2030.8500,11.0509,3.03687,0.0
517,0,0,0,-11004.6000,2046.4300,10.9429,1.63759,10.0
517,0,0,0,-10799.8000,2038.9600,11.2187,0.57596,0.0
517,0,0,0,-10787.3000,2078.2000,8.8097,6.25157,10.0
517,0,0,0,-10776.5000,2103.3700,1.8032,1.05163,10.0
517,0,0,0,-10770.8000,2062.4400,10.7035,1.05815,10.0
517,0,0,0,-10757.5000,2082.6300,5.4149,2.36822,10.0
517,0,0,0,-10732.2000,2188.6500,16.5070,1.09956,0.0
517,0,0,0,-10691.3000,2072.8100,6.1776,4.21772,10.0
517,0,0,0,-10664.9000,2074.5800,7.2225,0.00000,10.0
517,0,0,0,-10651.7000,2053.2600,7.7690,3.94444,10.0
517,0,0,0,-10647.0000,2074.4000,7.8586,1.93206,10.0
517,0,0,0,-10634.2000,2045.9400,11.2488,5.18695,10.0
517,0,0,0,-10624.3000,2057.9100,12.6655,0.94500,10.0
518,0,0,0,-8884.5900,-2171.1200,132.5690,2.96706,0.0
519,0,0,0,-10005.5000,1912.1900,5.0926,5.65101,0.0
520,0,0,0,-10439.3000,2062.3600,9.2760,5.89430,0.0
524,0,0,0,-10013.0000,-25.3530,35.9787,1.46704,0.0
524,0,0,0,-9976.0900,-47.0791,35.2465,4.86533,0.0
524,0,0,0,-9958.8700,-11.0404,34.5669,2.44376,0.0
524,0,0,0,-9926.9100,-371.0350,27.4309,2.56640,0.0
524,0,0,0,-9915.5200,-323.9470,32.4250,1.89701,0.0
524,0,0,0,-9909.7000,-80.2755,28.8326,0.82953,0.0
524,0,0,0,-9892.3900,-292.2690,34.2425,3.54293,5.0
524,0,0,0,-9882.0900,-423.7630,33.2074,3.32303,0.0
524,0,0,0,-9878.1900,-9.1500,26.8841,3.88048,5.0
524,0,0,0,-9876.1300,-351.7130,34.1669,1.56782,0.0
524,0,0,0,-9874.7300,-941.8750,33.7494,3.96766,0.0
524,0,0,0,-9857.3700,-56.8469,25.2664,1.00317,5.0
524,0,0,0,-9852.8600,-993.5950,36.7696,4.63674,0.0
524,0,0,0,-9851.5500,-919.8640,39.3363,5.62621,5.0
524,0,0,0,-9848.4100,-787.6780,34.9964,1.10128,0.0
524,0,0,0,-9847.4700,-448.3410,34.0142,5.83775,5.0
524,0,0,0,-9846.0800,-311.5840,40.1341,2.91318,5.0
524,0,0,0,-9837.7400,44.6516,32.7111,0.56958,5.0
524,0,0,0,-9835.6300,-1048.3200,34.6165,5.98123,0.0
524,0,0,0,-9825.1000,-291.8940,40.2645,3.77999,5.0
524,0,0,0,-9823.0000,-565.9190,27.2956,1.95566,5.0
524,0,0,0,-9820.4800,-743.4470,34.9121,2.31400,0.0
524,0,0,0,-9814.7100,-83.1168,26.1369,4.98532,5.0
524,0,0,0,-9813.2900,7.8338,27.7642,4.62049,5.0
524,0,0,0,-9812.6200,-142.2590,30.5675,0.22651,5.0
524,0,0,0,-9811.9800,-361.9790,54.2460,0.34868,5.0
524,0,0,0,-9810.4100,-1016.9600,38.1802,1.62944,0.0
524,0,0,0,-9808.9400,-477.4470,33.4883,3.69274,0.0
524,0,0,0,-9805.3300,-684.2670,33.6216,0.09923,0.0
524,0,0,0,-9796.3200,-75.3252,25.9161,1.87681,0.0
524,0,0,0,-9794.3200,-1047.8100,37.4403,6.21730,5.0
524,0,0,0,-9788.6500,-318.5010,48.8338,4.16397,5.0
524,0,0,0,-9788.0900,-368.4430,54.2493,1.69098,5.0
524,0,0,0,-9788.0900,-787.5060,42.0749,4.89777,0.0
524,0,0,0,-9787.2400,-648.9180,36.1254,1.70107,5.0
524,0,0,0,-9785.2600,-568.3950,33.5413,1.97565,0.0
524,0,0,0,-9783.7900,-204.9690,39.7677,2.99666,0.0
524,0,0,0,-9783.6100,-580.7900,35.0487,2.58879,0.0
524,0,0,0,-9782.8800,-707.1190,38.1831,0.88839,0.0
524,0,0,0,-9782.1500,-986.9370,40.3275,5.04128,0.0
524,0,0,0,-9778.1600,-102.6210,29.8269,4.64206,5.0
524,0,0,0,-9775.0000,4.9402,31.6528,4.71239,5.0
524,0,0,0,-9773.4100,-8.6288,30.0164,2.94820,5.0
524,0,0,0,-9762.3400,-203.0660,40.2936,4.59253,0.0
524,0,0,0,-9759.1900,-125.4790,32.7509,0.62903,5.0
524,0,0,0,-9758.4500,-81.6962,30.8459,5.63773,5.0
524,0,0,0,-9756.2100,-1025.7000,39.7242,4.99305,5.0
524,0,0,0,-9753.7900,-687.9750,39.3901,3.97812,5.0
524,0,0,0,-9752.0300,-605.7570,39.8925,4.58126,0.0
524,0,0,0,-9751.7200,-603.9030,39.7345,4.76923,0.0
524,0,0,0,-9749.6100,-558.0770,38.6037,3.26692,0.0
524,0,0,0,-9748.3300,-554.4300,38.2072,0.34582,0.0
524,0,0,0,-9744.7900,-274.0960,48.2849,3.63570,5.0
524,0,0,0,-9743.4600,-345.2290,54.3924,0.90406,5.0
524,0,0,0,-9741.9000,31.8874,38.2523,3.73848,5.0
524,0,0,0,-9738.9200,-747.5590,41.8718,2.62882,5.0
524,0,0,0,-9725.5300,-581.5430,45.5966,2.66477,0.0
524,0,0,0,-9719.7900,-799.4790,42.1394,3.14159,5.0
524,0,0,0,-9715.8000,-718.9960,45.3635,4.70500,0.0
524,0,0,0,-9713.5800,-391.6150,51.1133,2.21899,5.0
524,0,0,0,-9710.8700,-515.8400,53.4383,4.07676,0.0
524,0,0,0,-9710.7000,-998.1790,42.3644,4.23435,5.0
524,0,0,0,-9709.1100,-318.3760,54.2561,3.54495,5.0
524,0,0,0,-9707.4200,-448.7620,51.6561,2.77370,0.0
524,0,0,0,-9705.1600,-647.0110,47.3032,3.97460,0.0
524,0,0,0,-9700.2300,-164.4230,42.6536,5.68110,0.0
524,0,0,0,-9698.3700,-129.9360,39.6250,3.47384,5.0
524,0,0,0,-9693.8700,-682.2220,46.6974,2.16265,5.0
524,0,0,0,-9693.8100,-287.4470,59.1046,6.06152,5.0
524,0,0,0,-9693.3300,-105.2080,38.7951,0.00000,5.0
524,0,0,0,-9691.2600,-182.5070,45.7818,2.48415,0.0
524,0,0,0,-9689.5800,-739.5840,45.3518,1.97325,5.0
524,0,0,0,-9687.2200,-877.8150,44.5940,2.74612,0.0
524,0,0,0,-9685.4200,-618.7500,49.6767,3.58739,0.0
524,0,0,0,-9684.5200,-550.1470,49.0968,1.22744,0.0
524,0,0,0,-9681.2300,-358.8830,56.0801,4.69881,5.0
524,0,0,0,-9681.1200,-956.0870,42.0195,4.93730,5.0
524,0,0,0,-9681.0100,-423.1610,54.1289,3.22999,0.0
524,0,0,0,-9670.0500,-496.8880,51.6273,0.16524,0.0
524,0,0,0,-9668.7200,-495.7100,52.1218,6.12963,0.0
524,0,0,0,-9668.3600,-264.5830,63.7393,0.00000,0.0
524,0,0,0,-9664.9400,-522.6400,51.4993,3.76278,0.0
524,0,0,0,-9659.8600,-516.5090,51.7834,0.26484,0.0
524,0,0,0,-9652.0800,-306.2500,58.7088,1.55131,5.0
524,0,0,0,-9647.3300,-393.7390,59.6299,2.92458,0.0
524,0,0,0,-9646.8900,-447.7980,56.8402,3.78507,0.0
524,0,0,0,-9644.6700,-921.3470,47.6622,2.27679,5.0
524,0,0,0,-9623.7600,-490.8770,58.2497,4.21573,0.0
524,0,0,0,-9619.7500,-884.3750,48.6002,3.14159,0.0
524,0,0,0,-9616.5000,-489.4370,59.2103,6.28123,5.0
525,0,0,0,-9722.1900,717.8640,29.3523,1.61183,10.0
525,0,0,0,-9716.0400,411.3490,40.3702,2.52700,10.0
525,0,0,0,-9707.6400,782.0410,31.7447,5.35258,10.0
525,0,0,0,-9701.6800,373.5650,41.9979,3.41465,10.0
525,0,0,0,-9691.1200,387.6990,42.0108,5.83700,10.0
525,0,0,0,-9687.8700,539.1430,38.7160,4.69286,10.0
525,0,0,0,-9687.8300,754.7020,31.6077,3.94633,10.0
525,0,0,0,-9686.9100,764.2030,32.9384,2.13017,10.0
525,0,0,0,-9686.5900,330.4670,45.9163,1.25255,10.0
525,0,0,0,-9682.6500,620.5460,39.6929,4.14272,10.0
525,0,0,0,-9671.3400,546.9170,40.0999,3.99928,10.0
525,0,0,0,-9659.2200,792.2740,34.7735,2.78882,10.0
525,0,0,0,-9659.0600,523.6910,41.0109,2.79198,10.0
525,0,0,0,-9658.0700,577.1660,43.5167,3.46328,10.0
525,0,0,0,-9643.3000,298.3330,47.5885,6.05360,10.0
525,0,0,0,-9643.3000,360.2500,42.9048,2.41120,10.0
525,0,0,0,-9637.9100,368.9440,42.7618,1.46233,10.0
525,0,0,0,-9626.3300,520.9530,42.7630,2.79898,10.0
525,0,0,0,-9625.8100,506.4370,42.0067,0.89990,10.0
525,0,0,0,-9615.1500,316.5530,45.7038,5.38439,10.0
525,0,0,0,-9611.6300,509.3180,41.8522,3.49066,10.0
525,0,0,0,-9611.1300,537.0790,44.8933,1.56298,10.0
525,0,0,0,-9610.7500,518.4360,42.0201,2.80998,10.0
525,0,0,0,-9609.2200,484.5720,41.6016,5.37737,10.0
525,0,0,0,-9604.4300,481.7100,41.1670,1.04289,10.0
525,0,0,0,-9589.7200,573.5050,49.3531,3.39805,10.0
525,0,0,0,-9589.6700,456.3280,40.9777,2.36630,10.0
525,0,0,0,-9587.0400,-347.3990,61.7206,0.36498,10.0
525,0,0,0,-9586.7700,-282.3950,62.0079,0.00000,10.0
525,0,0,0,-9585.8200,-411.1120,63.8551,2.12572,10.0
525,0,0,0,-9584.7500,-279.3870,62.2110,5.06255,10.0
525,0,0,0,-9575.7300,306.5450,54.6368,2.46270,10.0
525,0,0,0,-9572.4000,-230.6810,60.6784,2.19925,10.0
525,0,0,0,-9560.1000,319.6270,53.0128,3.78705,10.0
525,0,0,0,-9559.3900,-382.3750,63.1188,3.81577,10.0
525,0,0,0,-9555.3900,-452.7310,62.1993,4.42545,10.0
525,0,0,0,-9553.3900,-445.9320,61.0743,3.30387,10.0
525,0,0,0,-9552.9700,-308.5070,62.2519,1.46203,10.0
525,0,0,0,-9552.6100,-247.9750,61.8630,1.56820,10.0
525,0,0,0,-9551.2400,525.0830,50.0121,1.74558,10.0
525,0,0,0,-9544.9000,-189.8860,61.6624,0.94658,10.0
525,0,0,0,-9542.4500,282.3700,53.2060,2.62729,10.0
525,0,0,0,-9538.8300,471.8850,52.8312,1.89255,10.0
525,0,0,0,-9526.0400,-57.6862,59.0187,1.44787,10.0
525,0,0,0,-9525.9100,-60.7891,59.2813,6.07277,10.0
525,0,0,0,-9519.1700,-113.9740,60.8714,2.97458,10.0
525,0,0,0,-9517.0100,-114.2660,60.9928,2.31950,10.0
525,0,0,0,-9515.8200,474.0360,53.1485,0.31742,10.0
525,0,0,0,-9513.9600,-115.4430,60.4964,5.92116,10.0
525,0,0,0,-9506.8500,406.1310,52.3176,3.51163,10.0
525,0,0,0,-9502.9300,324.2910,52.3470,0.97304,10.0
525,0,0,0,-9500.2300,554.5850,51.7785,0.27343,10.0
525,0,0,0,-9484.3800,321.8750,52.4917,6.19262,10.0
525,0,0,0,-9448.6000,341.0450,54.4686,5.63527,10.0
525,0,0,0,-9441.3700,233.0040,59.9603,0.43076,10.0
525,0,0,0,-9416.5400,200.7790,60.2635,0.63386,10.0
525,0,0,0,-9415.4200,-271.1100,65.9614,2.76785,10.0
525,0,0,0,-9413.5600,-271.5530,66.1763,3.94092,10.0
525,0,0,0,-9405.9100,310.5950,59.4580,2.20649,10.0
525,0,0,0,-9401.2900,254.3060,61.8017,5.73640,10.0
525,0,0,0,-9396.8500,-272.5290,61.7762,5.46288,10.0
525,0,0,0,-9390.1500,-282.1680,62.8373,4.84043,10.0
525,0,0,0,-9388.3900,290.2870,63.0339,1.95877,10.0
525,0,0,0,-9386.4100,59.6187,60.1280,2.74345,10.0
525,0,0,0,-9383.5900,331.0370,58.9527,3.91228,10.0
525,0,0,0,-9379.0100,205.9330,61.7403,4.94317,10.0
525,0,0,0,-9375.0800,-281.9410,65.1798,5.55154,10.0
525,0,0,0,-9367.9300,-214.9260,65.1561,5.77753,10.0
525,0,0,0,-9367.1700,-212.0410,64.8336,2.51820,10.0
525,0,0,0,-9362.8700,-381.7430,63.8044,4.55324,10.0
525,0,0,0,-9362.3100,-425.3690,64.1048,5.87368,10.0
525,0,0,0,-9356.3300,306.6290,65.9791,2.01959,10.0
525,0,0,0,-9352.6800,39.7086,61.6442,4.33008,10.0
525,0,0,0,-9350.4600,-186.4990,65.0208,4.24482,10.0
525,0,0,0,-9347.5300,258.8430,65.4293,0.36563,10.0
525,0,0,0,-9341.4800,-490.6210,69.2226,5.61361,10.0
525,0,0,0,-9337.2600,-330.8130,67.8484,4.41076,10.0
525,0,0,0,-9336.7600,-436.0520,67.8668,0.23646,10.0
525,0,0,0,-9323.2100,-447.9440,68.0573,2.38608,10.0
525,0,0,0,-9313.8700,-374.8650,68.3875,6.09652,10.0
525,0,0,0,-9312.8500,349.2910,68.9001,0.75502,10.0
525,0,0,0,-9304.7100,-423.7680,69.6146,3.45100,10.0
525,0,0,0,-9289.0900,-182.7520,68.5669,0.09639,10.0
525,0,0,0,-9285.9500,377.0830,76.1121,0.55549,10.0
525,0,0,0,-9281.8500,93.0241,70.4579,2.90704,10.0
525,0,0,0,-9277.9100,-11.2201,70.6536,0.12118,10.0
525,0,0,0,-9239.9100,421.3500,87.1991,0.12532,10.0
525,0,0,0,-9224.2300,418.6130,88.1135,0.04761,10.0
525,0,0,0,-9222.7800,-53.9854,73.6102,5.97606,10.0
525,0,0,0,-9211.8600,49.6484,75.6888,1.71380,10.0
539,0,0,0,-10982.8000,477.4930,37.7624,5.75483,5.0
539,0,0,0,-10957.0000,511.0320,36.4292,3.79632,5.0
539,0,0,0,-10906.8000,559.4500,33.5428,0.60307,10.0
539,0,0,0,-10844.5000,519.3540,30.2698,2.18789,10.0
539,0,0,0,-10811.4000,584.0700,26.2958,4.54949,5.0
539,0,0,0,-10782.0000,510.0130,35.2679,3.32302,5.0
539,0,0,0,-10779.7000,552.5470,34.0093,1.68426,10.0
539,0,0,0,-10746.0000,578.9980,28.4273,0.21701,5.0
539,0,0,0,-10713.7000,543.1970,34.2410,2.87190,10.0
539,0,0,0,-10684.5000,575.9090,27.8105,2.33686,5.0
539,0,0,0,-10670.7000,542.1290,29.2946,3.30256,5.0
539,0,0,0,-10639.0000,509.3690,31.9473,1.98939,10.0
539,0,0,0,-10610.4000,576.0310,29.9522,5.92251,5.0
539,0,0,0,-10547.9000,590.5340,31.7948,0.51102,10.0
539,0,0,0,-10523.2000,619.7210,24.7277,2.63028,5.0
539,0,0,0,-10487.6000,580.6120,28.4964,3.54495,10.0
539,0,0,0,-10451.3000,621.1560,24.2208,3.79694,5.0
539,0,0,0,-10234.9000,497.1360,26.3223,2.00953,10.0
539,0,0,0,-10217.1000,189.4720,26.8599,6.02766,5.0
539,0,0,0,-10213.8000,56.0146,32.5514,0.31892,10.0
539,0,0,0,-10159.5000,-83.5617,28.3063,1.51126,10.0
539,0,0,0,-10108.3000,-250.4340,31.1385,4.35293,5.0
539,0,0,0,-10099.5000,-169.7040,28.5794,5.07957,5.0
539,0,0,0,-10058.6000,-1112.9300,29.1197,2.67544,10.0
539,0,0,0,-10052.0000,-1046.1400,28.6437,6.09875,10.0
539,0,0,0,-10047.2000,-1453.3700,29.0274,2.66073,5.0
539,0,0,0,-10040.0000,-958.9250,33.9372,0.53260,0.0
539,0,0,0,-10039.2000,-967.1660,32.9021,3.53443,10.0
539,0,0,0,-10032.1000,-1185.1600,28.8299,5.82390,10.0
539,0,0,0,-10023.6000,-955.8060,30.0997,1.00122,10.0
539,0,0,0,-10017.3000,-422.8850,32.4414,1.17360,10.0
539,0,0,0,-10015.7000,-808.9160,33.1370,1.09842,10.0
539,0,0,0,-10003.6000,-1009.5100,27.5947,0.31504,10.0
539,0,0,0,-10002.4000,-453.1030,30.4168,4.09350,10.0
539,0,0,0,-9972.9700,-639.0800,34.0573,1.24310,10.0
539,0,0,0,-9956.3100,-621.1040,32.3463,4.76081,10.0
545,0,0,0,-9465.8600,-3324.8000,3.1026,2.14675,0.0
545,0,0,0,-9461.0900,-3335.5900,6.4976,5.86431,0.0
545,0,0,0,-9460.5800,-3349.7500,6.6097,1.15192,0.0
545,0,0,0,-9449.8000,-3334.1300,5.9687,1.30900,0.0
545,0,0,0,-9434.1200,-3332.0600,5.1319,0.61086,0.0
545,0,0,0,-9381.0000,-2751.8700,54.7918,2.18471,5.0
545,0,0,0,-9355.5400,-2778.5800,55.1189,2.43568,5.0
545,0,0,0,-9355.4900,-2801.3600,54.9687,3.62271,5.0
545,0,0,0,-9338.8600,-2744.9900,65.0039,4.15388,0.0
545,0,0,0,-9325.4900,-2834.4300,68.8340,3.71851,0.0
545,0,0,0,-9323.2900,-2827.9700,68.8947,2.05949,0.0
545,0,0,0,-9314.8700,-2806.9600,73.6326,3.03687,0.0
547,0,0,0,-11054.6000,652.8990,34.3589,3.06137,10.0
547,0,0,0,-11003.5000,1278.4000,43.1867,3.69882,10.0
547,0,0,0,-10993.6000,1105.9800,39.0421,1.53640,5.0
547,0,0,0,-10989.2000,682.3180,34.6875,0.00158,10.0
547,0,0,0,-10988.6000,1108.8500,39.8227,5.57535,5.0
547,0,0,0,-10987.0000,965.9550,35.0471,4.52065,10.0
547,0,0,0,-10978.9000,1019.4100,37.3854,2.98575,10.0
547,0,0,0,-10977.0000,1207.5900,43.4901,5.12189,10.0
547,0,0,0,-10976.4000,887.5000,36.1314,2.70993,5.0
547,0,0,0,-10955.7000,767.4090,41.0726,4.43141,10.0
547,0,0,0,-10854.7000,982.6440,33.8116,3.19292,5.0
547,0,0,0,-10776.3000,959.5160,43.0739,2.88571,10.0
547,0,0,0,-10728.1000,952.8950,47.0933,4.45072,5.0
547,0,0,0,-10685.0000,778.7170,48.6476,6.13825,10.0
547,0,0,0,-10602.0000,831.6240,49.6781,0.82339,5.0
547,0,0,0,-10578.1000,908.0860,39.1221,5.18259,5.0
547,0,0,0,-10545.4000,953.4130,43.8703,0.15391,5.0
547,0,0,0,-9724.1000,-2153.2400,59.8127,4.17990,10.0
547,0,0,0,-9723.7900,-2185.7000,59.5904,1.07659,5.0
547,0,0,0,-9710.8900,-2107.7200,60.6661,0.90581,5.0
547,0,0,0,-9708.8800,-2227.8600,58.3406,3.71957,10.0
547,0,0,0,-9666.2200,-2172.8400,60.6417,2.78709,5.0
547,0,0,0,-9636.7900,-2200.5900,69.9214,1.73412,5.0
547,0,0,0,-9636.2100,-2404.2400,62.0477,0.62177,10.0
547,0,0,0,-9628.7000,-1992.8100,61.6545,0.68573,10.0
547,0,0,0,-9620.7400,-2252.3100,85.1398,3.37291,10.0
547,0,0,0,-9606.7800,-2306.5700,70.7103,5.44983,10.0
547,0,0,0,-9604.3000,-2267.1300,85.4317,0.53539,5.0
547,0,0,0,-9604.0700,-1959.5900,64.5037,0.62592,5.0
547,0,0,0,-9557.8300,-2247.1700,85.3810,6.06057,10.0
547,0,0,0,-9527.5000,-2294.1200,73.2672,0.71095,10.0
547,0,0,0,-9459.2200,-2307.5800,69.7841,0.39381,5.0
547,0,0,0,-9451.3900,-2122.7100,69.8800,1.42458,5.0
547,0,0,0,-9375.1700,-1954.5500,59.1294,4.46788,10.0
547,0,0,0,-9356.5500,-1968.4600,58.7977,3.12311,5.0
547,0,0,0,-9356.5200,-1909.1600,66.1403,5.31015,5.0
547,0,0,0,-9332.2900,-1935.7600,58.4154,3.69920,5.0
547,0,0,0,-9296.0700,-1887.1700,78.4780,4.59657,5.0
547,0,0,0,-9254.5400,-1944.6700,78.7819,0.14419,10.0
547,0,0,0,-9206.7700,-1972.6300,110.8670,1.70412,5.0
547,0,0,0,-9153.6900,-2001.3500,121.7910,5.33400,5.0
547,0,0,0,-8940.8600,-2624.5100,132.5220,6.13825,5.0
547,0,0,0,-8871.6100,-2551.5500,130.7480,3.29852,5.0
547,0,0,0,-8822.7900,-2574.1600,131.6180,3.65856,5.0
547,0,0,0,-8811.4300,-2488.3600,132.9780,0.02515,5.0
547,0,0,0,-8781.5800,-2587.9500,130.8870,6.09005,5.0
547,0,0,0,-8725.9700,-2577.4900,132.6570,2.98679,5.0
548,0,0,0,-9620.4200,-2630.8800,58.3792,2.13711,5.0
548,0,0,0,-9620.4200,-2623.7500,58.6292,5.63980,5.0
548,0,0,0,-9597.9200,-2597.9200,59.2067,3.25283,5.0
548,0,0,0,-9580.4700,-2628.2500,54.3792,4.45043,5.0
548,0,0,0,-9567.3600,-2661.0100,54.2981,4.84979,10.0
548,0,0,0,-9550.6000,-2618.5600,53.6192,5.40032,10.0
548,0,0,0,-9521.1900,-2823.8600,79.7058,2.87958,0.0
548,0,0,0,-9477.9600,-2878.6400,82.4428,1.76278,0.0
548,0,0,0,-9469.6400,-2818.1100,69.6798,1.13446,0.0
548,0,0,0,-9468.8900,-2771.1400,52.0017,0.55984,10.0
548,0,0,0,-9464.8300,-2870.5400,85.2708,3.61283,0.0
548,0,0,0,-9452.0500,-2827.8900,66.1556,3.18387,0.0
548,0,0,0,-9449.1400,-2831.6500,65.9558,2.52134,0.0
548,0,0,0,-9448.3300,-2843.2000,65.6741,0.08727,0.0
548,0,0,0,-9444.5500,-2785.0300,52.9860,0.99776,10.0
550,0,0,0,-11025.1000,1459.7400,43.0861,5.28786,0.0
565,0,0,0,-10961.5000,484.0000,39.6578,0.87965,10.0
565,0,0,0,-10813.9000,546.7550,32.1653,3.83708,10.0
565,0,0,0,-10747.4000,521.3990,35.0375,6.27733,10.0
565,0,0,0,-10645.0000,544.1110,28.2801,2.36448,10.0
565,0,0,0,-10552.3000,562.2170,28.5259,2.48944,10.0
565,0,0,0,-10446.1000,572.7880,26.0642,6.23821,10.0
565,0,0,0,-10320.8000,521.0750,39.1113,4.13143,10.0
565,0,0,0,-10297.5000,535.8780,42.0498,5.73908,10.0
565,0,0,0,-10265.9000,478.1210,38.2019,4.03918,10.0
565,0,0,0,-10264.9000,252.2520,34.6248,5.39537,5.0
565,0,0,0,-10251.0000,397.5490,56.2163,4.59893,0.0
565,0,0,0,-10245.0000,-61.3525,38.8538,6.11643,10.0
565,0,0,0,-10237.7000,286.4510,38.3589,2.51998,5.0
565,0,0,0,-10222.8000,-85.6472,35.2971,3.15526,10.0
565,0,0,0,-10222.2000,282.8230,33.3391,3.55546,5.0
565,0,0,0,-10221.6000,311.5620,38.0475,0.94663,5.0
565,0,0,0,-10213.6000,459.7690,34.7191,5.14597,10.0
565,0,0,0,-10207.0000,448.0640,35.8234,0.32792,10.0
565,0,0,0,-10207.0000,392.1680,43.4146,4.49203,10.0
565,0,0,0,-10185.8000,413.0050,36.8115,3.18272,10.0
565,0,0,0,-10184.9000,-113.7090,28.6633,1.14585,10.0
565,0,0,0,-10179.5000,-182.8070,32.0593,0.29538,5.0
565,0,0,0,-10177.6000,222.2010,23.1674,2.62509,5.0
565,0,0,0,-10173.2000,281.1990,23.6320,6.26366,10.0
565,0,0,0,-10171.8000,322.5920,29.0844,1.45889,10.0
565,0,0,0,-10145.5000,-219.2340,31.8486,0.04148,5.0
565,0,0,0,-10123.7000,-977.0530,31.7925,1.17796,0.0
565,0,0,0,-10113.7000,-249.4760,31.1844,0.12339,5.0
565,0,0,0,-10078.4000,-984.3010,32.8389,4.44751,0.0
565,0,0,0,-10069.9000,-683.9350,35.7575,2.71257,10.0
565,0,0,0,-10067.0000,-826.6140,36.5321,0.95463,10.0
565,0,0,0,-10048.2000,-647.1930,42.2363,0.95061,10.0
565,0,0,0,-10041.3000,-949.8320,34.1310,5.43287,10.0
572,0,0,0,-11277.3000,1021.9300,94.7337,5.18302,0.0
572,0,0,0,-10084.6000,1557.2700,40.8480,3.92665,0.0
573,0,0,0,-11016.0000,1248.5600,42.0771,0.19045,5.0
573,0,0,0,-11008.3000,1348.1400,39.4820,6.01339,5.0
573,0,0,0,-10995.5000,1218.4600,43.4924,5.43141,5.0
573,0,0,0,-10965.9000,1263.4200,42.7962,5.68588,5.0
573,0,0,0,-10964.3000,1361.6500,47.4174,0.97899,5.0
573,0,0,0,-10941.0000,1392.8300,42.0917,5.16831,5.0
573,0,0,0,-10922.3000,1240.1100,37.7313,5.94194,5.0
573,0,0,0,-10875.5000,1399.3100,43.7585,2.50031,5.0
573,0,0,0,-10871.5000,1128.6500,43.2576,1.47145,5.0
573,0,0,0,-10855.5000,842.3210,33.1620,3.39334,5.0
573,0,0,0,-10847.1000,798.2280,33.3781,1.03871,5.0
573,0,0,0,-10830.8000,743.3500,32.9580,3.72635,5.0
573,0,0,0,-10803.3000,872.9870,32.8531,4.49604,5.0
573,0,0,0,-10789.4000,784.5370,32.8060,3.04541,5.0
573,0,0,0,-10754.2000,832.2410,33.2806,3.36663,5.0
573,0,0,0,-10666.8000,1672.8800,42.2522,6.24039,5.0
573,0,0,0,-10634.0000,1853.2900,32.3197,4.74499,5.0
573,0,0,0,-10613.4000,1690.3100,41.0121,0.31534,5.0
573,0,0,0,-10611.7000,1613.6800,43.7162,1.63167,5.0
573,0,0,0,-10598.0000,1755.6100,40.6152,4.87066,5.0
573,0,0,0,-10596.9000,1815.2100,32.0343,3.15221,5.0
573,0,0,0,-10556.3000,1595.2300,46.9838,0.00119,5.0
573,0,0,0,-10552.7000,1685.7200,41.8626,5.72124,5.0
573,0,0,0,-10462.2000,1460.3800,47.3673,5.91681,5.0
573,0,0,0,-10308.2000,1452.9400,39.3629,6.11394,5.0
573,0,0,0,-10256.5000,1479.5200,40.3133,0.46379,5.0
573,0,0,0,-10229.1000,1373.6800,39.3823,1.02300,5.0
573,0,0,0,-10228.1000,1526.8300,39.6196,4.70965,5.0
573,0,0,0,-10225.6000,1448.0900,40.8255,4.23996,5.0
573,0,0,0,-10178.3000,1394.6300,38.8321,4.39078,5.0
573,0,0,0,-10162.1000,1452.0500,40.8169,4.29339,5.0
573,0,0,0,-10102.3000,1316.1500,42.4793,6.16971,5.0
573,0,0,0,-10043.1000,1143.5200,41.7283,4.95628,5.0
573,0,0,0,-10040.0000,1293.2200,43.2384,2.61971,5.0
573,0,0,0,-10021.0000,1250.6900,43.2976,4.13082,5.0
573,0,0,0,-10001.6000,1116.2500,43.4615,3.23626,5.0
573,0,0,0,-9993.0200,1218.1300,41.3384,5.75345,5.0
573,0,0,0,-9933.9900,1180.5600,42.3838,2.46656,5.0
573,0,0,0,-9918.0300,1228.3900,42.2928,0.81016,5.0
573,0,0,0,-9911.8400,1287.1000,42.2443,3.37527,5.0
573,0,0,0,-9850.2800,1243.4800,41.4316,3.61639,5.0
578,0,0,0,-9405.7600,-2831.3200,36.9438,1.60806,5.0
578,0,0,0,-9377.0700,-2792.0600,54.2270,4.14551,5.0
578,0,0,0,-9365.6000,-2811.0700,44.3920,3.33136,5.0
578,0,0,0,-9355.6200,-2416.3200,40.8724,2.94156,10.0
578,0,0,0,-9348.5400,-2835.5700,60.8664,2.42601,0.0
578,0,0,0,-9339.6000,-2806.3000,55.9974,3.45575,0.0
578,0,0,0,-9333.2800,-2835.8100,66.3270,3.33358,0.0
578,0,0,0,-9328.3600,-2829.1100,69.4442,2.32129,0.0
578,0,0,0,-9322.4600,-2419.8700,51.9804,6.13934,10.0
578,0,0,0,-9315.6400,-2810.9700,73.5125,1.04720,0.0
578,0,0,0,-9312.7600,-2555.8400,19.2555,2.19090,10.0
578,0,0,0,-9312.3400,-2808.6900,74.1375,3.47321,0.0
578,0,0,0,-9312.1500,-2810.8800,73.8875,0.63031,0.0
578,0,0,0,-9286.4200,-2422.2600,54.0042,0.55984,10.0
578,0,0,0,-9285.8900,-2451.0500,51.6323,5.84485,10.0
578,0,0,0,-9277.7700,-2513.4200,35.0234,0.59233,10.0
578,0,0,0,-9273.2100,-2442.0200,54.6760,4.92605,10.0
578,0,0,0,-9255.6100,-2489.6500,48.1957,0.77850,10.0
578,0,0,0,-9246.5900,-2457.7400,55.5778,2.30383,10.0
578,0,0,0,-9243.7900,-2461.5300,55.5547,3.50811,10.0
578,0,0,0,-9221.9700,-2448.3600,57.1582,0.40143,0.0
580,0,0,0,-8972.8900,-2004.0400,135.5700,3.61283,0.0
580,0,0,0,-8926.9100,-1979.3600,140.0280,0.48869,0.0
580,0,0,0,-8917.2100,-2040.4400,129.4150,3.48608,0.0
580,0,0,0,-8881.4700,-1915.7200,133.7260,5.35102,0.0
580,0,0,0,-8879.7300,-2011.2400,124.5500,1.70791,0.0
580,0,0,0,-8872.4900,-2056.0900,126.5500,3.22705,0.0
580,0,0,0,-8848.1700,-1917.2400,126.0240,3.12162,0.0
580,0,0,0,-8834.4400,-1940.7600,132.9510,5.41052,0.0
580,0,0,0,-8826.4600,-2032.7400,129.6480,0.06815,0.0
580,0,0,0,-8823.0000,-1919.7700,124.4400,2.91731,0.0
580,0,0,0,-8814.6700,-2053.9600,128.9050,5.35062,0.0
580,0,0,0,-8796.4700,-1977.4200,125.8100,4.09946,0.0
580,0,0,0,-8795.3100,-1973.3900,126.8620,1.88472,0.0
580,0,0,0,-8766.6100,-2009.2800,130.2540,0.00000,0.0
582,0,0,0,-9853.1900,924.8840,31.0435,5.42797,0.0
589,0,0,0,-11062.2000,1563.6900,45.2017,1.58828,5.0
589,0,0,0,-11052.4000,1511.6800,43.1816,1.57669,5.0
589,0,0,0,-11052.1000,1495.5000,44.3616,0.94248,0.0
589,0,0,0,-11041.4000,1427.7000,44.4443,6.16101,0.0
589,0,0,0,-11036.1000,1508.3300,43.2850,3.01942,0.0
589,0,0,0,-11024.2000,1660.1400,42.8221,4.10152,0.0
589,0,0,0,-11023.6000,1500.9400,43.2850,4.27606,0.0
589,0,0,0,-11023.1000,1547.4800,44.4936,4.57276,0.0
589,0,0,0,-11021.7000,1552.0200,49.1041,4.36332,0.0
589,0,0,0,-11020.9000,1537.1800,49.1152,4.14119,0.0
589,0,0,0,-11013.9000,1526.3400,43.5456,0.87267,0.0
589,0,0,0,-11006.0000,1497.9300,44.0323,2.53073,0.0
589,0,0,0,-11003.8000,1447.3800,43.6113,5.06677,5.0
589,0,0,0,-11001.2000,1466.0500,43.2363,3.56047,0.0
589,0,0,0,-10995.0000,1480.0900,50.6914,0.13963,0.0
589,0,0,0,-10992.4000,1491.2300,50.6914,0.26180,0.0
589,0,0,0,-10990.4000,1470.5700,43.2027,6.26153,5.0
589,0,0,0,-10989.6000,1512.5200,43.6183,5.11844,5.0
589,0,0,0,-10989.1000,1490.6500,43.8370,4.72984,0.0
589,0,0,0,-10971.5000,1461.6600,43.4908,2.89725,0.0
589,0,0,0,-10971.4000,1397.4000,45.1017,4.25722,5.0
589,0,0,0,-10949.5000,1485.7700,36.6659,2.11185,0.0
589,0,0,0,-10767.0000,1853.7400,34.7544,0.00000,0.0
589,0,0,0,-10747.4000,1658.4100,45.2267,2.09439,0.0
589,0,0,0,-10746.6000,1893.8000,41.8806,5.68439,5.0
589,0,0,0,-10726.8000,1836.8100,37.1433,1.06958,5.0
589,0,0,0,-10726.4000,1659.1200,44.0017,5.94060,5.0
589,0,0,0,-10722.1000,1869.4400,32.3280,4.90438,0.0
589,0,0,0,-10721.7000,1856.2000,33.4464,1.50098,0.0
589,0,0,0,-10705.3000,1717.9500,43.3392,5.42101,5.0
589,0,0,0,-10655.0000,1733.0300,39.5890,6.09120,0.0
589,0,0,0,-10654.8000,1787.9900,35.6386,0.54105,0.0
589,0,0,0,-10654.6000,1791.6700,35.6386,5.21853,0.0
589,0,0,0,-10640.1000,1761.1700,37.8420,0.36652,0.0
589,0,0,0,-10638.7000,1755.3700,38.3279,5.44543,0.0
589,0,0,0,-10591.0000,1993.2200,-4.8464,5.29912,0.0
589,0,0,0,-10562.2000,1975.0900,-4.7741,3.47642,3.0
589,0,0,0,-10555.7000,2007.6500,-6.5812,4.89812,3.0
589,0,0,0,-10502.6000,1979.3500,10.8127,0.42001,0.0
589,0,0,0,-10473.2000,1952.7400,10.5862,2.31881,0.0
589,0,0,0,-10447.0000,1910.9400,9.4886,0.31416,0.0
589,0,0,0,-10426.1000,1893.5500,7.0751,5.16608,5.0
589,0,0,0,-10424.3000,1905.8000,7.1789,5.26966,5.0
589,0,0,0,-10404.3000,1934.9800,10.0287,3.00433,5.0
590,0,0,0,-11059.4000,1406.4100,46.6659,0.73128,10.0
590,0,0,0,-11048.5000,1406.8300,44.8628,4.51084,10.0
590,0,0,0,-11045.5000,1538.3900,43.5363,4.18879,0.0
590,0,0,0,-11042.0000,1424.2100,44.4411,0.59341,0.0
590,0,0,0,-11029.5000,1563.9800,45.0767,1.19866,5.0
590,0,0,0,-11024.7000,1548.4500,49.1068,5.11381,0.0
590,0,0,0,-11020.7000,1542.3300,44.3337,2.63545,0.0
590,0,0,0,-11016.8000,1413.8200,44.1946,5.77704,0.0
590,0,0,0,-11016.0000,1487.0400,43.5332,3.71755,0.0
590,0,0,0,-11015.7000,1475.3000,44.0428,4.29351,0.0
590,0,0,0,-10988.4000,1479.1600,50.6914,2.93215,0.0
590,0,0,0,-10988.2000,1496.6700,50.6914,4.41568,0.0
590,0,0,0,-10980.8000,1483.2900,43.2850,2.49582,0.0
590,0,0,0,-10980.0000,1463.5900,43.3850,5.82940,0.0
590,0,0,0,-10976.0000,1488.0900,43.8335,3.26377,0.0
590,0,0,0,-10973.7000,1442.2500,45.3329,3.44821,10.0
590,0,0,0,-10960.8000,1494.9300,36.6650,6.03884,0.0
590,0,0,0,-10933.8000,1460.4700,48.9154,1.89286,5.0
590,0,0,0,-10755.9000,1663.9900,45.3004,5.51524,0.0
590,0,0,0,-10753.9000,1718.4400,42.1873,1.23934,5.0
590,0,0,0,-10752.9000,1658.4200,45.2544,1.20428,0.0
590,0,0,0,-10744.7000,1668.0500,45.1801,3.08528,5.0
590,0,0,0,-10738.3000,1688.4800,46.0647,1.45606,5.0
590,0,0,0,-10726.7000,1663.8100,44.0017,1.90754,5.0
590,0,0,0,-10694.1000,1744.9100,41.6433,2.66775,5.0
590,0,0,0,-10676.6000,1755.4200,39.3004,0.41888,0.0
590,0,0,0,-10674.6000,1757.2400,39.1768,4.11898,0.0
590,0,0,0,-10672.3000,1714.3600,41.7563,5.02033,5.0
590,0,0,0,-10661.7000,1737.6200,39.6819,4.81711,0.0
590,0,0,0,-10659.9000,1731.1500,39.6012,1.18682,0.0
590,0,0,0,-10653.5000,1765.5700,37.1809,5.96148,5.0
590,0,0,0,-10571.1000,1980.0300,-5.5978,2.13814,3.0
590,0,0,0,-10570.0000,2004.2700,-6.4623,4.29351,3.0
590,0,0,0,-10559.6000,1963.2400,-4.0593,2.22827,3.0
590,0,0,0,-10530.2000,1940.1200,3.9463,0.83776,0.0
590,0,0,0,-10498.5000,1977.4800,11.0272,3.45094,0.0
590,0,0,0,-10476.7000,1971.5100,9.7846,6.17846,0.0
590,0,0,0,-10470.3000,1968.8400,9.6046,5.52403,0.0
590,0,0,0,-10441.6000,1923.8600,11.0590,5.27090,0.0
590,0,0,0,-10404.0000,1906.2800,10.5301,2.73800,5.0
594,0,0,0,-11230.1000,1552.4700,34.8252,4.01685,3.0
594,0,0,0,-11197.1000,1483.1300,14.9168,5.35683,5.0
594,0,0,0,-11138.1000,1539.6100,19.8672,1.03873,3.0
594,0,0,0,-11115.3000,1478.6900,32.7343,0.66322,0.0
594,0,0,0,-11094.0000,1515.6800,29.7737,1.54702,3.0
596,0,0,0,-11227.8000,1477.5400,18.7152,0.41511,0.0
599,0,0,0,-11264.2000,1539.5200,28.0596,1.52972,0.0
619,0,0,0,-11225.8000,1599.5000,32.5048,4.57128,3.0
619,0,0,0,-11175.1000,1557.3500,20.8878,4.47539,3.0
619,0,0,0,-11134.2000,1487.2900,34.5429,4.76952,3.0
620,0,0,0,-11031.6000,1436.6900,43.8064,0.63279,10.0
620,0,0,0,-11023.9000,1426.9100,43.8726,6.20120,10.0
620,0,0,0,-11023.7000,1429.7600,43.6226,3.60857,10.0
620,0,0,0,-10997.5000,1451.0600,43.3267,3.21287,5.0
620,0,0,0,-10988.5000,1451.0400,43.3267,1.11714,5.0
620,0,0,0,-10731.8000,1678.6100,45.4163,3.35598,10.0
620,0,0,0,-10730.6000,-1211.4400,27.7717,1.63981,10.0
620,0,0,0,-10729.9000,1657.2800,44.3767,4.40374,5.0
620,0,0,0,-10722.7000,1653.8900,43.7517,1.04550,10.0
620,0,0,0,-10722.2000,1669.9000,44.0413,1.18820,10.0
620,0,0,0,-10716.4000,-1250.0400,29.5194,2.82924,10.0
620,0,0,0,-10694.7000,-1130.3800,25.7120,3.55496,5.0
620,0,0,0,-10683.7000,-1233.1500,28.7227,5.27282,10.0
620,0,0,0,-10672.2000,-1153.1300,25.8330,1.41593,10.0
620,0,0,0,-10581.3000,-1272.9200,36.0592,1.37753,10.0
620,0,0,0,-10561.6000,-1320.5200,47.1949,2.26275,5.0
620,0,0,0,-10513.2000,-1269.2700,41.0241,3.36179,10.0
620,0,0,0,-10324.0000,1419.2400,39.9909,1.01209,5.0
620,0,0,0,-10314.4000,1417.7200,40.3659,1.51624,5.0
620,0,0,0,-10303.4000,1414.6600,40.7905,0.56604,5.0
620,0,0,0,-10145.4000,1059.4000,36.4085,3.94727,5.0
620,0,0,0,-10142.5000,1048.4200,37.1050,2.92152,5.0
620,0,0,0,-10137.3000,1213.8400,36.7591,4.26919,5.0
620,0,0,0,-10134.1000,1068.6900,36.4085,5.22293,5.0
620,0,0,0,-10129.8000,1213.5300,36.1332,2.53744,5.0
620,0,0,0,-10128.8000,1206.6500,35.7672,5.28986,5.0
620,0,0,0,-10119.9000,1069.4000,36.5335,0.12486,5.0
620,0,0,0,-10101.1000,1053.3100,36.5544,1.38766,5.0
620,0,0,0,-10093.3000,1053.2600,37.1329,5.03173,5.0
620,0,0,0,-10090.8000,1049.4700,38.0079,2.01546,5.0
620,0,0,0,-9946.9600,-144.2140,24.7581,5.41590,0.0
620,0,0,0,-9944.6400,-150.4100,25.0081,1.68865,0.0
620,0,0,0,-9942.3000,-147.5470,25.0081,0.58132,0.0
620,0,0,0,-9897.5300,1311.0600,42.2721,2.52486,5.0
620,0,0,0,-9885.4400,1302.9300,42.1283,6.12205,5.0
620,0,0,0,-9877.5900,1295.1000,42.1903,3.43758,5.0
620,0,0,0,-9861.1000,1290.8300,41.8237,1.62479,5.0
620,0,0,0,-9854.8500,1275.5000,40.9487,3.80680,5.0
620,0,0,0,-9842.7300,1269.9200,41.3237,0.83449,5.0
620,0,0,0,-9507.4000,-1209.3900,47.8715,3.73257,10.0
620,0,0,0,-9504.6500,-1217.9400,47.3471,1.73711,10.0
620,0,0,0,-9478.5500,-1166.2200,50.4518,4.10283,0.0
620,0,0,0,-9475.5200,-1161.9800,50.9518,4.90971,0.0
620,0,0,0,-9472.7500,-1179.3000,49.3829,3.86421,10.0
620,0,0,0,-9472.6200,47.3926,56.7775,5.34535,0.0
620,0,0,0,-9471.6100,-1157.8800,51.5768,5.19697,0.0
620,0,0,0,-9470.2200,54.0639,57.2775,2.38564,10.0
620,0,0,0,-9457.0600,-1277.8800,42.5021,5.48294,10.0
620,0,0,0,-9456.5400,-1160.6800,53.0890,4.11778,0.0
620,0,0,0,-9429.7000,129.0860,59.3006,5.70503,10.0
620,0,0,0,-9427.1500,129.1760,59.4742,2.84226,10.0
620,0,0,0,-9340.9500,285.3490,67.4902,0.60221,10.0
620,0,0,0,-9332.2200,272.5050,68.1097,1.01197,10.0
620,0,0,0,-9331.2500,285.4160,68.7347,5.96252,10.0
620,0,0,0,-9325.2100,269.7970,67.9678,5.27587,10.0
620,0,0,0,-9323.5200,275.1410,68.6325,3.57932,10.0
620,0,0,0,-9256.6400,-2011.8300,77.1152,6.15256,5.0
620,0,0,0,-9246.3200,-2010.2100,77.1152,3.59324,5.0
620,0,0,0,-9238.7500,-2055.1900,77.0990,4.86356,5.0
620,0,0,0,-4137.2900,-1102.3300,168.9160,3.74399,7.0
620,0,0,0,-4126.4100,-1091.5800,168.9160,4.29377,7.0
620,0,0,0,-4117.2300,-1101.1000,168.9530,3.54764,7.0
620,0,0,0,-4091.9400,-1279.5700,146.2810,3.76912,7.0
620,0,0,0,-4080.9600,-1256.6900,146.6840,3.85709,7.0
620,0,0,0,-4074.1300,-1268.0100,146.2580,4.99592,7.0
620,0,0,0,-4039.9000,-1446.4300,166.2000,4.68177,7.0
620,0,0,0,-4022.1100,-1449.5200,165.7080,5.71378,7.0
620,0,0,0,-4017.8500,-1460.5500,168.3430,4.69512,7.0
620,0,0,0,-4001.1500,-1502.5300,169.7030,5.06818,7.0
620,0,0,0,-3964.1800,-1526.3800,169.1630,5.06818,7.0
620,0,0,0,-908.8000,-959.1700,30.4945,0.76309,5.0
620,0,0,0,-903.7570,-999.3860,30.4715,1.60168,10.0
620,0,267,271,-829.1330,-534.4990,14.1158,0.11761,5.0
620,0,267,271,-816.1610,-616.0400,13.8808,0.99431,5.0
620,0,267,271,-814.3440,-583.0800,15.2348,0.84757,3.0
620,0,267,271,-752.3130,-550.3320,19.0613,3.91331,5.0
620,0,0,0,-605.5290,-52.7843,46.0306,2.89662,5.0
620,0,0,0,-548.0250,-1473.8200,53.7935,1.41287,5.0
620,0,0,0,-526.0070,18.1682,49.4492,3.12987,5.0
620,0,0,0,-506.0710,-1459.1200,51.0499,5.32325,0.0
620,0,0,0,-479.5890,4.7584,55.8605,4.72252,5.0
620,0,0,0,-463.5800,-86.7091,54.5478,6.03821,5.0
620,0,0,0,-463.2370,110.9160,57.4473,3.35750,5.0
620,0,0,0,2141.2300,640.7160,34.2212,5.15441,5.0
620,0,0,0,2143.5300,676.1020,35.4279,1.15347,5.0
620,0,0,0,2222.9800,282.6970,35.2775,5.41645,5.0
620,0,0,0,2279.8400,1312.7700,32.5179,6.04756,5.0
620,0,0,0,2293.0800,310.2790,35.6110,3.29253,0.0
620,0,0,0,2326.6300,1351.7200,33.4583,5.00745,5.0
620,0,0,0,2364.2100,1314.5700,33.4123,1.35871,10.0
623,0,0,0,-11341.5000,1573.8200,33.4517,2.72048,3.0
623,0,0,0,-11341.2000,1568.6900,32.4888,3.85718,3.0
623,0,0,0,-11320.1000,1592.4600,35.8517,2.57781,3.0
623,0,0,0,-11308.8000,1591.9700,36.3650,5.61331,3.0
623,0,0,0,-11305.7000,1560.3600,36.5171,0.61196,3.0
623,0,0,0,-11298.4000,1541.3400,36.3312,2.48481,3.0
623,0,0,0,-11298.1000,1563.5800,35.8481,3.68829,3.0
623,0,0,0,-11294.7000,1590.6400,34.3271,4.99164,3.0
623,0,0,0,-11285.5000,1586.7000,36.6121,3.68821,3.0
624,0,0,0,-11336.1000,1541.7700,29.2354,3.43240,3.0
624,0,0,0,-11326.8000,1588.6000,35.1702,4.13746,3.0
624,0,0,0,-11324.6000,1545.3100,28.7448,4.65358,3.0
624,0,0,0,-11300.9000,1586.1200,34.9946,0.22689,3.0
624,0,0,0,-11287.9000,1596.9600,36.2807,1.01229,0.0
625,0,0,0,-11343.8000,1531.2600,28.6780,2.57697,3.0
625,0,0,0,-11342.7000,1555.7200,30.7678,0.01211,3.0
625,0,0,0,-11330.7000,1581.6600,34.6927,0.56017,3.0
625,0,0,0,-11325.9000,1562.3900,26.4165,5.30071,3.0
625,0,0,0,-11300.3000,1551.8900,35.2044,4.68193,3.0
625,0,0,0,-11289.0000,1579.0300,36.3718,4.26374,3.0
626,0,0,0,-11327.6000,1539.1200,28.4979,2.95187,0.0
633,0,0,0,-10593.1000,-1200.6000,28.4989,6.11116,0.0
656,0,0,0,-8469.0000,501.2800,99.9120,1.80100,0.0
658,0,0,0,-6236.7400,331.1130,382.9110,3.00197,0.0
663,0,0,0,-10572.9000,-1211.9800,26.2189,6.03826,0.0
664,0,0,0,-10591.2000,-1191.5100,33.4530,1.85005,0.0
704,0,0,0,-6495.3600,619.6540,388.1230,5.93399,5.0
704,0,0,0,-6487.7800,546.1990,387.5710,5.37015,5.0
704,0,0,0,-6462.5200,656.4030,387.2280,1.55778,5.0
704,0,0,0,-6445.3900,578.8520,386.2180,2.30782,5.0
704,0,0,0,-6440.4300,418.3790,390.1670,5.46189,5.0
704,0,0,0,-6438.8000,477.5060,383.8240,5.38052,5.0
704,0,0,0,-6427.9500,658.4490,387.2170,3.10255,5.0
704,0,0,0,-6406.1400,439.9230,380.6260,5.46004,5.0
704,0,0,0,-6402.7700,385.8430,383.1180,3.29440,5.0
704,0,0,0,-6379.7200,478.0350,379.3870,4.21818,5.0
704,0,0,0,-6375.0000,425.0000,376.6340,2.54573,5.0
704,0,0,0,-6352.2800,452.2760,377.0990,0.54410,5.0
704,0,0,0,-6349.5300,523.5660,386.6110,2.31079,5.0
704,0,0,0,-6342.1400,482.2960,381.8590,2.51997,5.0
704,0,0,0,-6332.9900,341.3160,378.1720,5.60295,0.0
704,0,0,0,-6331.1900,334.2800,378.1380,5.74213,5.0
705,0,0,0,-6445.7800,690.2700,387.7340,0.16386,5.0
705,0,0,0,-6440.4900,542.0280,385.6910,2.99170,5.0
705,0,0,0,-6437.5300,362.4140,396.9900,3.15136,5.0
705,0,0,0,-6433.6400,626.2540,386.7140,3.94805,5.0
705,0,0,0,-6410.0200,349.4910,389.7410,0.59666,5.0
705,0,0,0,-6369.3600,335.9170,385.5040,2.10787,5.0
705,0,0,0,-6368.8000,362.5860,382.4220,1.43966,5.0
705,0,0,0,-6367.4600,396.6250,377.2490,3.02104,5.0
705,0,0,0,-6366.6100,280.3540,384.2060,2.96097,0.0
705,0,0,0,-6356.1000,412.3800,375.9560,0.66344,5.0
705,0,0,0,-6341.6800,399.3970,378.1110,1.59262,5.0
705,0,0,0,-6340.7700,308.9160,380.0400,5.47466,5.0
705,0,0,0,-6338.6600,420.6000,378.3510,3.52539,5.0
705,0,0,0,-6331.2100,502.4350,386.2040,1.95718,5.0
705,0,0,0,-6329.8700,358.1470,377.4790,3.73627,0.0
705,0,0,0,-6328.1200,372.3740,377.8720,4.72170,5.0
705,0,0,0,-6326.0600,287.1130,379.9300,4.54002,5.0
705,0,0,0,-6323.5200,374.5810,378.1220,1.49371,0.0
705,0,0,0,-6322.9800,330.8100,377.4450,4.60055,5.0
705,0,0,0,-6318.3200,402.9510,380.6340,5.15062,5.0
705,0,0,0,-6315.5900,341.1140,376.6610,3.12391,0.0
705,0,0,0,-6313.0900,442.3020,383.7550,5.04897,5.0
705,0,0,0,-6312.6000,309.1040,378.5430,3.57297,0.0
705,0,0,0,-6312.1600,384.1270,380.0730,0.16091,0.0
705,0,0,0,-6305.7900,260.4520,381.8680,3.72226,0.0
705,0,0,0,-6304.2400,361.9360,378.3130,0.17613,5.0
705,0,0,0,-6303.2500,403.0960,381.8850,3.16371,5.0
705,0,0,0,-6302.4700,257.0430,382.8750,3.29647,5.0
705,0,0,0,-6300.6000,381.5030,380.3280,0.01522,5.0
705,0,0,0,-6298.1300,301.9620,376.7150,4.04741,5.0
705,0,0,0,-6297.0100,323.4880,376.8540,5.80160,5.0
705,0,0,0,-6294.7000,382.9600,381.0260,2.08345,5.0
705,0,0,0,-6287.5100,361.4610,379.3780,0.21655,5.0
705,0,0,0,-6287.2500,328.1270,376.7220,2.40855,0.0
705,0,0,0,-6281.9700,424.7860,384.2820,0.54577,0.0
705,0,0,0,-6281.0200,430.6060,384.3530,4.54342,5.0
705,0,0,0,-6279.5300,279.6430,382.5290,4.64011,0.0
705,0,0,0,-6272.1500,285.5590,382.6470,0.87019,5.0
705,0,0,0,-6263.2300,389.4820,382.7020,0.27493,5.0
705,0,0,0,-6252.8700,442.8610,385.2550,0.12905,5.0
705,0,0,0,-6252.8400,387.1260,383.2780,6.26170,0.0
705,0,0,0,-6245.8700,395.6450,386.2320,1.13578,0.0
705,0,0,0,-6233.0000,408.0560,387.6240,3.12402,5.0
705,0,0,0,-6211.5600,454.9660,388.1630,2.96711,5.0
705,0,0,0,-6205.0400,522.9140,387.0660,0.88185,5.0
705,0,0,0,-6202.0800,497.9160,387.3640,1.94240,5.0
705,0,0,0,-6201.7400,212.1130,398.7990,3.24573,5.0
705,0,0,0,-6176.9700,254.6910,386.8530,1.16437,5.0
705,0,0,0,-6170.5300,487.9480,387.9790,3.53623,5.0
705,0,0,0,-6148.8200,519.0660,388.4650,5.80939,5.0
705,0,0,0,-6144.0600,268.3870,393.6340,1.97594,5.0
706,0,0,0,-6602.7500,387.3740,390.0520,3.71317,0.0
706,0,0,0,-6601.7200,389.4110,389.1340,2.46914,0.0
706,0,0,0,-6574.3200,409.0300,387.5160,0.00585,5.0
706,0,0,0,-6568.0700,365.8260,391.1520,2.51327,0.0
706,0,0,0,-6566.2800,295.3610,387.9550,1.55334,0.0
706,0,0,0,-6546.1900,298.6890,384.0810,5.78063,0.0
706,0,0,0,-6539.1900,473.2220,386.0990,4.62916,5.0
706,0,0,0,-6538.6700,424.1740,385.9340,1.65253,5.0
706,0,0,0,-6537.8500,389.4600,381.7490,5.70587,0.0
706,0,0,0,-6533.3800,375.8650,382.6460,0.72174,0.0
706,0,0,0,-6532.2100,441.4610,385.1350,1.31105,5.0
706,0,0,0,-6529.9500,681.2620,396.7880,1.18125,0.0
706,0,0,0,-6528.9300,401.9600,382.5210,0.94925,5.0
706,0,0,0,-6528.6300,399.6900,382.1430,0.67975,5.0
706,0,0,0,-6527.0400,302.0870,382.5050,0.14639,5.0
706,0,0,0,-6526.9600,361.0900,388.0720,4.13482,0.0
706,0,0,0,-6522.7900,383.4910,383.1470,6.02372,0.0
706,0,0,0,-6522.1700,422.6800,386.2350,3.76193,5.0
706,0,0,0,-6518.7100,466.0180,387.6210,5.07879,5.0
706,0,0,0,-6518.0200,332.0520,373.2260,4.04840,5.0
706,0,0,0,-6515.7400,345.6660,372.0410,5.08914,5.0
706,0,0,0,-6514.5700,631.5290,398.9110,4.85335,5.0
706,0,0,0,-6511.8600,418.9360,386.5210,4.53320,5.0
706,0,0,0,-6510.0800,685.5650,387.4570,5.44543,0.0
706,0,0,0,-6508.0700,676.8760,387.4760,0.47124,0.0
706,0,0,0,-6506.6900,385.5060,385.4630,3.34341,5.0
706,0,0,0,-6504.5000,295.5690,370.0500,0.85521,0.0
706,0,0,0,-6503.4100,349.7550,373.8720,4.05633,5.0
706,0,0,0,-6502.7800,514.7750,391.6000,5.56968,5.0
706,0,0,0,-6502.6700,685.9020,387.4630,1.41372,0.0
706,0,0,0,-6502.5800,652.8260,391.8490,2.35343,5.0
706,0,0,0,-6502.5600,676.6460,387.4570,5.09636,0.0
706,0,0,0,-6499.0500,335.0430,368.0680,4.63547,5.0
706,0,0,0,-6497.8900,320.4000,368.7480,1.57414,5.0
706,0,0,0,-6496.0700,398.3160,386.6920,3.45881,5.0
706,0,0,0,-6495.4700,482.6830,388.7150,1.76890,5.0
706,0,0,0,-6482.9800,501.0950,386.1450,3.30962,5.0
706,0,0,0,-6482.3200,669.6690,386.6900,0.07339,5.0
706,0,0,0,-6481.5100,702.7980,391.8940,1.11130,5.0
706,0,0,0,-6481.4500,319.6650,375.0060,5.14384,5.0
706,0,0,0,-6479.8300,532.7830,387.3320,5.65844,5.0
706,0,0,0,-6477.3000,389.7220,383.1300,2.87478,5.0
706,0,0,0,-6474.7700,345.8380,377.5690,4.53927,5.0
706,0,0,0,-6472.6800,358.0900,377.5060,3.48280,5.0
706,0,0,0,-6469.6800,480.8080,387.9490,3.71985,5.0
706,0,0,0,-6469.1000,688.3830,387.4400,3.21184,5.0
706,0,0,0,-6465.6600,714.0690,394.0080,0.45259,0.0
706,0,0,0,-6464.9600,437.6600,415.7740,2.28154,5.0
706,0,0,0,-6452.4700,464.6860,392.3180,2.86700,5.0
706,0,0,0,-6449.1200,502.6170,385.7560,0.14715,5.0
706,0,0,0,-6446.5600,528.5050,385.7270,5.20051,5.0
706,0,0,0,-6441.9000,703.4990,392.1840,1.72181,5.0
706,0,0,0,-6436.9200,748.8410,389.9900,4.32173,0.0
706,0,0,0,-6410.7300,798.0960,391.4630,5.87893,0.0
706,0,0,0,-6404.1100,747.1030,390.8740,1.95675,0.0
706,0,0,0,-6393.0500,776.0320,386.3960,5.89921,0.0
706,0,0,0,-6386.7300,766.3950,386.3960,0.87267,0.0
706,0,0,0,-6381.0100,775.8670,386.3960,0.69813,0.0
706,0,0,0,-6373.4800,753.7630,386.5810,2.63772,0.0
706,0,0,0,-6370.0900,778.6130,387.3680,4.59100,5.0
706,0,0,0,-6368.9300,806.5600,391.2940,5.08483,0.0
706,0,0,0,-6350.5100,767.6430,386.5120,2.33019,5.0
707,0,0,0,-6450.9500,659.1300,387.5770,1.47783,5.0
707,0,0,0,-6436.7300,329.4110,399.4580,5.16277,5.0
707,0,0,0,-6427.0800,335.4160,393.9920,3.67343,5.0
707,0,0,0,-6426.2500,380.8590,388.4580,4.92280,5.0
707,0,0,0,-6424.5700,242.5350,410.6750,3.77455,0.0
707,0,0,0,-6423.9700,307.3890,402.8700,3.96115,5.0
707,0,0,0,-6414.7600,614.1310,388.1070,4.15357,5.0
707,0,0,0,-6408.8100,375.6050,385.0250,3.03411,5.0
707,0,0,0,-6405.9500,289.2750,397.3890,3.63143,5.0
707,0,0,0,-6393.2300,322.4230,387.0270,5.86185,5.0
707,0,0,0,-6392.5500,258.8390,391.3450,3.64464,0.0
707,0,0,0,-6387.9200,381.8370,381.2790,4.09350,5.0
707,0,0,0,-6384.7800,227.3130,405.5860,2.38851,0.0
707,0,0,0,-6381.1600,681.8920,386.1890,5.82978,5.0
707,0,0,0,-6381.1000,342.2580,386.2070,5.70762,5.0
707,0,0,0,-6377.9000,247.7270,390.1660,1.30215,5.0
707,0,0,0,-6371.4000,262.9840,386.5410,2.91333,0.0
707,0,0,0,-6367.7900,213.7070,399.9190,3.79743,0.0
707,0,0,0,-6364.1700,235.6560,393.6260,1.61813,5.0
707,0,0,0,-6362.9100,290.9580,382.1930,5.48813,5.0
707,0,0,0,-6355.9600,361.2620,378.4360,0.08349,5.0
707,0,0,0,-6353.7000,159.9990,399.3100,5.79323,5.0
707,0,0,0,-6346.3800,184.9120,395.6700,5.48559,5.0
707,0,0,0,-6343.2800,220.5530,389.2240,2.13411,5.0
707,0,0,0,-6340.0000,328.6820,379.2380,2.02335,5.0
707,0,0,0,-6336.7800,301.4070,380.0400,4.92484,5.0
707,0,0,0,-6332.2200,269.6960,380.7930,3.98341,5.0
707,0,0,0,-6331.1400,268.7680,380.6220,2.68239,0.0
707,0,0,0,-6327.2100,235.4960,384.1160,1.15393,5.0
707,0,0,0,-6324.9800,294.2690,379.9370,0.24164,0.0
707,0,0,0,-6322.9000,320.9290,378.4450,2.58792,5.0
707,0,0,0,-6322.0700,208.8850,395.8790,1.19899,5.0
707,0,0,0,-6321.7000,287.6770,380.0750,2.02341,5.0
707,0,0,0,-6321.2300,845.7680,415.4790,0.77272,5.0
707,0,0,0,-6305.1500,272.6560,380.2520,5.06975,5.0
707,0,0,0,-6297.3600,667.3850,385.1430,1.05383,5.0
707,0,0,0,-6289.8100,628.3780,387.7170,1.83560,0.0
707,0,0,0,-6285.9100,728.4320,385.0920,0.58602,5.0
707,0,0,0,-6281.5500,811.3100,396.4730,3.64983,5.0
707,0,0,0,-6254.7300,727.2390,386.8490,0.91284,5.0
707,0,0,0,-6208.3400,605.0620,393.2140,6.11804,5.0
708,0,0,0,-6479.9900,586.3180,391.1670,4.65180,0.0
708,0,0,0,-6464.8800,619.1420,387.3060,6.11995,5.0
708,0,0,0,-6463.4100,646.7060,386.9860,3.09145,5.0
708,0,0,0,-6438.8400,745.3750,390.1380,6.21188,0.0
708,0,0,0,-6387.5000,620.8340,387.2800,3.31946,5.0
708,0,0,0,-6386.2100,829.5670,394.9830,5.87893,0.0
708,0,0,0,-6348.9100,780.2190,387.2990,4.97517,5.0
708,0,0,0,-6344.5600,842.9540,408.5630,2.87768,5.0
708,0,0,0,-6323.6500,806.9610,395.2930,4.05297,5.0
708,0,0,0,-6314.6900,798.5870,391.6090,1.18626,0.0
708,0,0,0,-6310.8400,781.1220,389.6480,4.66003,5.0
708,0,0,0,-6287.7400,823.9780,403.6840,5.46256,0.0
708,0,0,0,-6287.0200,779.7630,387.4730,1.02183,0.0
708,0,0,0,-6284.5600,814.0250,397.8980,0.73304,5.0
708,0,0,0,-6283.6600,784.6280,387.9170,5.72468,5.0
708,0,0,0,-6276.2500,422.8110,384.7660,4.77347,5.0
708,0,0,0,-6275.3600,412.5480,383.8710,1.79540,0.0
708,0,0,0,-6257.6200,618.6140,388.0340,4.89814,5.0
708,0,0,0,-6256.9800,678.1060,386.4390,0.61099,0.0
708,0,0,0,-6254.8100,681.9340,386.4390,4.02974,5.0
708,0,0,0,-6251.4500,717.4680,386.6720,2.07583,5.0
708,0,0,0,-6250.4500,821.9480,399.5510,0.16125,5.0
708,0,0,0,-6248.1600,751.0810,388.1950,1.48353,5.0
708,0,0,0,-6247.7700,713.1200,387.0380,5.61820,5.0
708,0,0,0,-6230.6900,212.3200,395.6260,4.70236,5.0
708,0,0,0,-6228.6800,451.3030,386.7380,4.88148,5.0
708,0,0,0,-6228.2700,701.3320,385.6040,3.90886,0.0
708,0,0,0,-6222.8500,727.8660,386.9190,5.69171,5.0
708,0,0,0,-6220.4200,810.1590,413.1800,4.47168,0.0
708,0,0,0,-6217.2000,746.8220,388.8170,0.27925,0.0
708,0,0,0,-6216.6400,721.2820,386.7500,2.04511,5.0
708,0,0,0,-6214.6200,512.7890,387.6230,2.05862,5.0
708,0,0,0,-6211.0100,812.8880,418.3120,5.08815,0.0
708,0,0,0,-6205.0800,587.1410,388.3050,4.33873,5.0
708,0,0,0,-6184.7700,782.4180,391.4340,2.82743,0.0
708,0,0,0,-6183.0500,550.8640,384.7710,4.85416,5.0
708,0,0,0,-6182.8100,748.5470,387.1850,4.90438,5.0
708,0,0,0,-6181.8100,684.0080,386.3960,4.47283,0.0
708,0,0,0,-6180.2800,688.3970,386.2710,1.73894,5.0
708,0,0,0,-6179.4700,722.6600,386.2360,2.98566,5.0
708,0,0,0,-6164.2500,493.2120,388.3980,5.14312,5.0
708,0,0,0,-6161.0000,683.6380,389.8980,0.58800,0.0
708,0,0,0,-6157.4900,708.5630,387.2580,3.85859,0.0
708,0,0,0,-6153.2800,689.2620,391.3800,3.85932,5.0
708,0,0,0,-6152.5700,719.3950,392.1050,2.57734,5.0
708,0,0,0,-6150.3600,264.5270,391.2140,1.23907,5.0
708,0,0,0,-6148.5000,783.2810,393.5150,3.45575,0.0
708,0,0,0,-6148.2500,522.2940,388.4080,0.02734,5.0
708,0,0,0,-6147.9700,589.7080,386.7710,6.10329,5.0
708,0,0,0,-6147.4300,649.3090,388.4170,5.51988,5.0
708,0,0,0,-6147.2100,755.5070,392.2560,1.62206,0.0
708,0,0,0,-6147.0000,753.0350,392.0220,6.18223,0.0
708,0,0,0,-6146.3900,782.1020,394.0460,0.10181,0.0
708,0,0,0,-6128.4800,492.5540,398.1760,1.48534,5.0
708,0,0,0,-6127.9600,640.6850,392.6370,1.13771,5.0
708,0,0,0,-6121.8800,546.3680,405.9320,2.40396,5.0
708,0,0,0,-6113.4300,600.6650,399.9930,1.89682,5.0
712,0,0,0,-9751.0000,-2197.4100,58.7863,5.38349,10.0
712,0,0,0,-9741.4600,-2162.6000,58.7255,4.40214,10.0
712,0,0,0,-9556.2000,-1866.1700,71.2841,2.48671,10.0
712,0,0,0,-9551.5100,-1917.0400,70.0710,5.95093,10.0
712,0,0,0,-9547.8800,-1897.9400,71.8418,1.50241,10.0
712,0,0,0,-9534.8200,-1906.5200,73.8987,1.61694,10.0
712,0,0,0,-9526.2600,-1937.3400,74.2911,3.86061,10.0
712,0,0,0,-9495.0400,-1929.0400,78.7979,5.84685,0.0
712,0,0,0,-9494.8700,-1933.5700,78.7322,0.94248,0.0
712,0,0,0,-9470.1100,-1897.3900,82.9099,0.18637,0.0
712,0,0,0,-9468.7500,-1895.4400,82.8588,0.18663,0.0
712,0,0,0,-9463.0500,-1899.3400,82.5449,1.60570,0.0
713,0,0,0,-6216.5300,339.0020,383.4540,3.90954,0.0
714,0,0,0,-6222.4700,688.9730,385.0020,4.97419,0.0
721,0,0,0,-10094.6000,606.0460,39.2172,1.23808,10.0
721,0,0,0,-10051.2000,614.9860,40.0766,2.85444,10.0
721,0,0,0,-10029.9000,150.6900,31.7446,3.79408,10.0
721,0,0,0,-9969.0300,98.3201,33.5495,5.32623,10.0
721,0,0,0,-9958.5300,406.2890,35.2716,2.98672,10.0
721,0,0,0,-9935.7800,606.0820,39.8682,3.81372,10.0
721,0,0,0,-9930.9200,285.1150,37.6102,0.96070,10.0
721,0,0,0,-9930.4800,66.5221,33.1230,2.66850,10.0
721,0,0,0,-9894.1400,-129.7650,31.3224,4.75338,10.0
721,0,0,0,-9890.7200,422.3710,35.1451,0.55795,10.0
721,0,0,0,-9852.1700,617.7670,39.8341,1.14144,10.0
721,0,0,0,-9834.4600,-842.2230,40.4512,2.14202,10.0
721,0,0,0,-9822.5800,434.0570,36.8552,4.45111,10.0
721,0,0,0,-9795.3100,-979.5650,40.1775,3.04053,10.0
721,0,0,0,-9787.4400,-1514.4800,43.8762,2.65784,10.0
721,0,0,0,-9778.8400,-356.8320,53.0160,6.24414,10.0
721,0,0,0,-9777.8000,-1848.0400,42.9162,6.25841,3.0
721,0,0,0,-9774.1700,-544.4810,34.4139,2.44885,10.0
721,0,0,0,-9771.5300,770.5240,26.8020,2.94002,10.0
721,0,0,0,-9767.2100,-549.3900,35.6084,5.43012,10.0
721,0,0,0,-9763.2900,-3236.5800,58.7338,4.72915,5.0
721,0,0,0,-9755.8900,-883.8070,39.6100,3.89861,10.0
721,0,0,0,-9753.6000,-650.2830,41.7763,1.42828,10.0
721,0,0,0,-9750.9100,-336.0920,52.2179,0.77745,10.0
721,0,0,0,-9736.4800,-1805.4100,50.2891,2.68977,5.0
721,0,0,0,-9734.6700,-2286.6600,65.1827,5.00331,5.0
721,0,0,0,-9731.2100,606.5040,32.0780,1.26139,10.0
721,0,0,0,-9730.2300,-3238.6600,58.9906,0.84853,0.0
721,0,0,0,-9726.5100,-814.1710,42.4707,3.29741,10.0
721,0,0,0,-9726.1100,-2153.4600,59.4309,0.75566,10.0
721,0,0,0,-9716.6200,-2500.0400,60.7618,1.55931,3.0
721,0,0,0,-9716.2100,-2573.7100,60.4024,6.03763,10.0
721,0,0,0,-9708.3400,-2615.0000,62.1283,4.65457,10.0
721,0,0,0,-9705.9600,-2777.1000,52.0657,5.52324,10.0
721,0,0,0,-9695.4000,-2514.2600,61.3341,5.28154,10.0
721,0,0,0,-9688.7100,697.8750,33.6506,4.68112,10.0
721,0,0,0,-9681.8000,-2985.6600,52.3182,2.00448,5.0
721,0,0,0,-9679.0800,-436.5520,52.7534,4.54949,10.0
721,0,0,0,-9677.6300,-392.8640,53.1638,1.29131,10.0
721,0,0,0,-9668.5800,-2620.3700,63.3236,2.05800,10.0
721,0,0,0,-9667.9900,609.9680,39.8405,1.11368,10.0
721,0,0,0,-9664.3800,-2409.0400,61.2977,2.97324,10.0
721,0,0,0,-9663.1200,-2086.9000,58.1338,5.45578,5.0
721,0,0,0,-9660.2500,-2372.7600,63.2419,1.29917,10.0
721,0,0,0,-9660.0800,-2673.8300,61.6833,4.37926,5.0
721,0,0,0,-9645.9900,-1821.4000,52.5443,2.88023,5.0
721,0,0,0,-9642.2600,-2925.8900,49.7281,3.24515,5.0
721,0,0,0,-9638.0200,-3164.0600,49.1948,3.11049,5.0
721,0,0,0,-9636.0700,-3237.8300,48.5948,1.15041,10.0
721,0,0,0,-9635.5400,-2915.9100,50.3531,3.78187,5.0
721,0,0,0,-9634.0500,-347.0550,58.7759,5.31037,10.0
721,0,0,0,-9625.3200,-2916.4100,52.3696,0.66823,5.0
721,0,0,0,-9613.2200,-2141.7900,70.5096,3.37397,5.0
721,0,0,0,-9612.9400,-2252.2300,85.0148,1.00015,10.0
721,0,0,0,-9603.8700,-249.3680,57.6059,1.65476,10.0
721,0,0,0,-9594.4400,-1419.2800,57.8930,2.98910,10.0
721,0,0,0,-9589.3200,-257.6930,59.0979,5.96761,10.0
721,0,0,0,-9581.1200,18.7787,60.4250,1.52829,10.0
721,0,0,0,-9563.4900,64.6003,59.9930,2.83936,10.0
721,0,0,0,-9554.6300,-1893.6100,70.6377,0.97522,10.0
721,0,0,0,-9552.0200,-2109.9000,80.5300,3.93276,5.0
721,0,0,0,-9551.5500,-1338.6400,48.5237,1.41608,10.0
721,0,0,0,-9546.0600,-2860.4600,87.1434,0.53780,5.0
721,0,0,0,-9536.9600,180.4290,57.4556,0.01559,10.0
721,0,0,0,-9535.3300,89.8609,59.0065,5.15616,10.0
721,0,0,0,-9528.0000,-2165.0300,98.1932,6.17005,5.0
721,0,0,0,-9521.6900,-3276.1400,49.0673,5.27993,5.0
721,0,0,0,-9508.8000,-1387.4300,52.2712,1.68259,10.0
721,0,0,0,-9499.3600,-2126.3800,101.6710,0.25335,5.0
721,0,0,0,-9479.1800,-2311.7600,70.5857,3.10598,5.0
721,0,0,0,-9463.4600,-1994.9400,97.0145,4.98646,5.0
721,0,0,0,-9455.0200,-29.2894,59.5110,3.34436,10.0
721,0,0,0,-9449.6600,-2232.9000,70.7507,3.68725,5.0
721,0,0,0,-9445.4700,-2315.1400,66.8164,4.71825,5.0
721,0,0,0,-9439.2600,-26.7026,60.6086,4.11630,10.0
721,0,0,0,-9399.4200,-1988.0400,58.5099,1.82779,10.0
721,0,0,0,-9376.7400,-3438.3100,92.5444,4.26259,5.0
721,0,0,0,-9348.2300,121.8020,63.3490,5.73038,10.0
721,0,0,0,-9347.9200,127.0840,64.2189,1.74998,10.0
721,0,0,0,-9339.6700,-3339.9500,91.1765,3.09612,5.0
721,0,0,0,-9320.0700,269.9610,68.1097,0.02196,10.0
721,0,0,0,-9307.7700,323.4920,70.8742,2.95222,10.0
721,0,0,0,-9302.5200,-1893.6200,74.3531,1.00089,5.0
721,0,0,0,-9298.4700,228.5790,67.8860,1.22931,10.0
721,0,0,0,-9272.8900,-3165.6100,111.4300,1.63779,10.0
721,0,0,0,-9261.1100,-1970.2400,77.0614,1.95498,10.0
721,0,0,0,-9254.8700,-3144.4600,107.9690,0.15870,10.0
721,0,0,0,-9243.0700,-2259.9000,64.0584,0.72862,5.0
721,0,0,0,-9242.6500,-3397.9900,104.5590,2.99544,5.0
721,0,0,0,-9240.6600,-2124.4900,64.2043,4.18082,5.0
721,0,0,0,-9235.8000,-3146.6400,109.4690,1.00546,10.0
721,0,0,0,-9234.8500,-3097.3800,107.2990,0.72511,5.0
721,0,0,0,-9233.0000,-2057.4400,77.5281,3.19405,5.0
721,0,0,0,-9230.2500,-3365.9200,100.9960,1.42593,5.0
721,0,0,0,-9229.2700,-3050.2400,100.8630,2.09310,10.0
721,0,0,0,-9221.0100,106.7260,73.9549,4.82008,10.0
721,0,0,0,-9215.6300,192.9990,69.4072,2.10084,10.0
721,0,0,0,-9214.4300,344.5210,73.7192,2.74268,10.0
721,0,0,0,-9213.9100,273.6810,74.8131,4.57673,10.0
721,0,0,0,-9202.0000,-2279.9600,89.9499,0.05930,10.0
721,0,0,0,-9189.6300,-2302.4700,90.2007,5.77696,5.0
721,0,0,0,-9182.6400,-2097.7900,87.8603,2.16280,5.0
721,0,0,0,-9174.1600,-3005.3700,93.5232,5.22918,10.0
721,0,0,0,-9172.3400,469.5660,104.3150,0.50569,10.0
721,0,0,0,-9164.7500,-3131.9500,100.5560,2.78914,5.0
721,0,0,0,-9152.4200,-371.2400,71.9054,5.00839,10.0
721,0,0,0,-9145.9900,417.8290,93.9833,1.57080,10.0
721,0,0,0,-9139.1800,355.3570,91.7032,4.10822,10.0
721,0,0,0,-9133.8600,-302.6990,73.6015,1.65986,10.0
721,0,0,0,-9118.8100,-295.8690,73.1261,2.62033,10.0
721,0,0,0,-9109.6600,-2734.6000,93.8307,2.57083,5.0
721,0,0,0,-9105.5800,-286.0430,72.2814,2.96090,10.0
721,0,0,0,-9104.7600,-222.0750,74.0504,0.21250,10.0
721,0,0,0,-9097.1800,-3334.1000,100.4010,0.25569,10.0
721,0,0,0,-9095.7300,-2453.3600,120.8650,5.35317,5.0
721,0,0,0,-9086.0300,-256.3650,73.7064,3.90171,10.0
721,0,0,0,-9076.5700,-417.0900,75.1228,4.13040,10.0
721,0,0,0,-9076.2400,380.1840,92.6135,1.75777,10.0
721,0,0,0,-9074.2400,-344.4550,73.5757,6.20538,10.0
721,0,0,0,-9063.6900,-455.1390,72.4971,4.60924,10.0
721,0,0,0,-9062.8200,-445.8590,72.3721,2.75623,10.0
721,0,0,0,-9058.1400,-245.8240,72.6166,3.96170,10.0
721,0,0,0,-9054.3600,-2623.2700,126.5300,5.32357,10.0
721,0,0,0,-9038.3900,-330.8080,73.5767,6.08521,10.0
721,0,0,0,-9028.7100,-387.0840,74.5318,3.36358,10.0
721,0,0,0,-9027.8700,-86.8298,87.9876,4.52992,10.0
721,0,0,0,-9014.2500,-337.8650,74.9040,4.34468,10.0
721,0,0,0,-9009.9600,-0.0490,89.1085,0.00000,10.0
721,0,0,0,-9005.5900,-384.6890,73.5455,5.41013,10.0
721,0,0,0,-8954.5300,-161.2890,81.7223,4.62946,10.0
721,0,0,0,-8938.2800,-391.8420,70.0480,0.86838,10.0
721,0,0,0,-8936.7800,-418.3750,65.8772,3.73739,10.0
721,0,0,0,-8931.6300,-137.1050,82.9448,1.21334,10.0
721,0,0,0,-8911.1600,-418.5040,66.6302,5.18603,10.0
721,0,0,0,-8893.9400,-387.5000,68.8146,4.92776,10.0
721,0,0,0,-8890.0200,-214.1790,80.9554,5.95170,10.0
721,0,0,0,-8885.4300,-450.3120,65.3791,4.33639,10.0
721,0,0,0,-8875.7100,-389.8250,68.1029,4.35911,10.0
721,0,0,0,-8863.4300,12.5133,93.6489,5.15324,10.0
721,0,0,0,-8840.9800,-250.7060,82.8280,2.85951,10.0
721,0,0,0,-8836.2400,-248.5460,82.9530,5.87392,10.0
721,0,0,0,-8835.4200,-10.7878,90.3409,4.89691,10.0
721,0,0,0,-8829.6800,-213.4860,83.9962,1.54931,10.0
721,0,0,0,-8812.3100,4.6801,92.2564,1.22803,10.0
721,0,0,0,-8795.5200,-296.7630,76.1108,5.20217,10.0
721,0,0,0,-8753.9100,2.8096,92.7651,3.43452,10.0
721,0,0,0,-8753.2100,-215.5440,87.1719,5.40769,10.0
721,0,0,0,-8752.2000,-197.9500,86.1366,3.12472,10.0
721,0,0,0,-8718.0200,-112.6880,87.4250,0.00000,10.0
721,0,0,0,-8707.0500,-204.7280,90.7831,0.74278,10.0
721,0,0,0,-8693.1700,-293.1640,86.9480,1.53297,10.0
721,0,0,0,-8680.2800,-83.5984,91.8310,5.55718,10.0
721,0,0,0,-8673.7800,-189.2670,91.3290,0.56324,10.0
721,0,0,0,-6389.1000,570.1980,387.1960,2.59607,10.0
721,0,0,0,-6388.4100,590.1820,387.1060,2.67532,10.0
721,0,0,0,-6366.1000,406.4260,376.1070,2.38381,10.0
721,0,0,0,-6355.8000,308.0050,380.6420,1.09154,10.0
721,0,0,0,-6348.4500,437.0510,376.2120,3.78799,10.0
721,0,0,0,-6318.2700,272.2830,380.0020,0.75297,10.0
721,0,0,0,-6313.4300,351.9420,377.1310,5.22346,10.0
721,0,0,0,-6307.8700,509.5540,387.4540,1.55387,10.0
721,0,0,0,-6294.6800,561.4040,387.5460,6.15205,10.0
721,0,0,0,-6292.6500,319.8520,376.6610,4.53782,10.0
721,0,0,0,-6269.7100,365.4580,382.1950,1.20951,10.0
721,0,0,0,-6269.4800,430.9990,385.6810,0.16179,10.0
721,0,0,0,-6260.9200,638.0540,386.6890,2.99341,10.0
721,0,0,0,-6247.9700,307.1320,383.5030,5.39698,10.0
721,0,0,0,-6247.1500,694.2440,386.2110,5.95896,10.0
721,0,0,0,-6242.1400,290.5600,385.0420,5.28374,10.0
721,0,0,0,-6235.4400,304.2210,385.7020,0.71350,10.0
721,0,0,0,-6229.1700,362.5000,386.0220,2.80390,10.0
721,0,0,0,-6225.6800,741.2840,387.2850,4.11734,10.0
721,0,0,0,-6212.8300,370.6650,387.0670,3.04286,10.0
721,0,0,0,-6206.4500,542.2820,387.2910,4.47200,10.0
721,0,0,0,-6198.7900,410.6150,391.0150,2.21798,10.0
721,0,0,0,-6179.6200,395.8070,396.3310,0.27258,10.0
721,0,0,0,-6178.3000,430.2120,393.6880,3.65590,10.0
721,0,0,0,-6070.5800,-333.5410,431.8430,2.87431,10.0
721,0,0,0,-6030.7800,-210.3030,413.4230,2.28705,10.0
721,0,0,0,-6019.9300,-201.6390,408.5090,3.41199,10.0
721,0,0,0,-5951.0000,-570.0000,405.1640,5.76300,10.0
721,0,0,0,-5911.5700,-108.8070,373.3430,0.39284,10.0
721,0,0,0,-5898.9300,-102.2480,371.9810,5.48674,10.0
721,0,0,0,-5880.9300,-114.0850,364.7760,1.28631,10.0
721,0,0,0,-5878.0200,-13.7152,361.0470,5.01189,10.0
721,0,0,0,-5868.5200,-997.3040,399.7920,1.81720,10.0
721,0,0,0,-5857.9900,-422.5370,408.2070,0.08606,10.0
721,0,0,0,-5845.9700,86.6038,369.3560,0.68848,10.0
721,0,0,0,-5842.3100,-558.5830,398.2160,2.21853,10.0
721,0,0,0,-5825.8200,-567.0820,399.8650,5.67838,10.0
721,0,0,0,-5816.3900,-691.5820,397.5250,1.54604,10.0
721,0,0,0,-5811.1400,-182.3880,352.5160,0.04294,10.0
721,0,0,0,-5797.9500,-1186.4600,376.9380,3.38031,10.0
721,0,0,0,-5797.7600,253.1490,383.1080,4.39055,10.0
721,0,0,0,-5778.4400,-563.2540,400.8710,2.40365,10.0
721,0,0,0,-5771.7600,-570.9150,399.1810,2.80934,10.0
721,0,0,0,-5748.8300,-389.4600,365.8190,1.44502,10.0
721,0,0,0,-5737.0400,-969.1410,397.3950,3.94080,10.0
721,0,0,0,-5722.1100,222.7140,371.8420,1.21230,10.0
721,0,0,0,-5721.4300,-225.0570,354.4320,1.03808,10.0
721,0,0,0,-5716.0100,-1504.0900,400.9370,3.66079,10.0
721,0,0,0,-5704.0100,-2155.4300,414.8660,3.88730,10.0
721,0,0,0,-5703.7900,114.3660,385.5820,1.85178,10.0
721,0,0,0,-5695.1800,-538.3800,399.0510,3.18232,10.0
721,0,0,0,-5682.0400,-2214.6500,425.2530,0.47506,10.0
721,0,0,0,-5672.2900,269.7470,385.4030,5.18914,10.0
721,0,0,0,-5663.1800,404.8660,386.4300,6.12194,10.0
721,0,0,0,-5657.2200,-630.8510,403.3330,3.29080,10.0
721,0,0,0,-5640.7400,-1437.5300,399.3820,5.64693,10.0
721,0,0,0,-5635.5800,-1235.5500,390.2400,6.16779,10.0
721,0,0,0,-5614.6000,-2210.9700,422.1930,1.25904,10.0
721,0,0,0,-5612.1900,215.9090,394.8440,4.13031,10.0
721,0,0,0,-5612.0700,-1692.5800,398.8390,5.44517,10.0
721,0,0,0,-5607.1600,309.3480,392.8290,3.51345,10.0
721,0,0,0,-5604.4600,428.9670,381.8200,5.07169,10.0
721,0,0,0,-5600.2400,-359.7230,402.4110,2.39485,10.0
721,0,0,0,-5595.9300,-1637.2600,398.3410,1.62775,10.0
721,0,0,0,-5588.7700,-46.6101,419.7930,3.44693,10.0
721,0,0,0,-5576.1000,-2143.6000,400.9090,1.78353,10.0
721,0,0,0,-5573.0300,464.9590,384.0130,4.42837,10.0
721,0,0,0,-5570.2400,-999.4790,393.5850,2.96488,10.0
721,0,0,0,-5561.6100,-1518.2800,400.0090,1.70193,10.0
721,0,0,0,-5543.2300,-1636.3800,392.1140,0.62161,10.0
721,0,0,0,-5531.4600,-2362.0100,400.8880,5.92394,10.0
721,0,0,0,-5529.0000,-2482.0000,409.2680,3.32000,10.0
721,0,0,0,-5512.9400,-1914.8900,400.1020,5.46832,10.0
721,0,0,0,-5510.2900,-2082.1600,400.5000,3.32857,10.0
721,0,0,0,-5509.6000,-1828.1900,397.2270,0.77464,10.0
721,0,0,0,-5492.7800,-705.6190,408.8940,0.29520,10.0
721,0,0,0,-5488.2600,211.6580,397.7390,4.37214,10.0
721,0,0,0,-5484.9200,335.3280,397.0170,3.46952,10.0
721,0,0,0,-5456.2000,490.1820,385.7250,1.60536,10.0
721,0,0,0,-5440.5200,-677.3720,395.4930,2.80750,10.0
721,0,0,0,-5440.5100,-511.8810,396.6060,1.55712,10.0
721,0,0,0,-5433.4500,-491.9500,396.8620,6.14936,10.0
721,0,0,0,-5431.2400,-2390.2800,402.7070,2.59314,10.0
721,0,0,0,-5427.2800,-214.1230,404.8430,1.65673,10.0
721,0,0,0,-5425.1700,-2149.7100,401.1110,0.24558,10.0
721,0,0,0,-5416.1700,-265.0800,404.9420,3.42062,10.0
721,0,0,0,-5415.5700,-104.9900,396.5520,3.50652,10.0
721,0,0,0,-5408.8400,106.3710,394.9070,0.37978,10.0
721,0,0,0,-5389.2600,-1052.2200,392.0950,0.32560,10.0
721,0,0,0,-5387.4700,-613.3740,391.8230,1.23724,10.0
721,0,0,0,-5377.4600,-607.3770,392.0530,3.25893,10.0
721,0,0,0,-5364.7300,-23.4610,397.1160,3.65590,10.0
721,0,0,0,-5361.9600,316.6580,394.2010,2.20719,10.0
721,0,0,0,-5358.3400,443.8140,386.1170,3.16295,10.0
721,0,0,0,-5341.2800,-524.7200,391.6130,2.80499,10.0
721,0,0,0,-5331.8700,-525.9000,392.4000,2.83405,10.0
721,0,0,0,-5317.2800,-42.4254,395.9510,4.86899,10.0
721,0,0,0,-5310.5100,-2197.9500,424.6220,6.24939,10.0
721,0,0,0,-5288.7200,-2137.8000,425.3520,0.61185,10.0
721,0,0,0,-5270.1600,-177.5620,440.9940,2.16210,10.0
721,0,0,0,-5256.4900,-761.6130,392.1480,2.88904,10.0
721,0,0,0,-5226.0800,426.8090,389.2880,4.55873,10.0
721,0,0,0,-5218.7500,-185.1730,439.6990,1.57080,10.0
721,0,0,0,-5184.3100,-539.1300,397.1540,5.69550,10.0
721,0,0,0,-5170.9800,-541.0890,398.3720,0.01953,10.0
721,0,0,0,-5160.4900,-667.8720,408.0490,2.75927,10.0
721,0,0,0,-5150.6300,-667.7360,407.4230,5.32423,10.0
721,0,0,0,-5127.4800,-100.4690,392.5620,0.28528,10.0
721,0,0,0,-5122.6200,-357.4730,394.2390,5.27327,10.0
721,0,0,0,-5076.1200,42.9078,397.5700,4.97391,10.0
721,0,0,0,-5068.5700,411.2300,422.4930,5.87804,10.0
721,0,0,0,-5043.8900,293.1380,394.4140,6.03693,10.0
721,0,0,0,-4987.1500,-368.3100,392.1260,0.96297,10.0
721,0,0,0,-4955.1200,-138.0560,376.1910,3.65590,10.0
721,0,0,0,-4941.6300,-15.9251,388.3490,5.83264,10.0
721,0,0,0,-4919.9900,178.8970,399.8380,5.82652,10.0
721,0,0,0,-4911.8100,-382.4680,394.5400,1.27747,10.0
721,0,0,0,-4886.2800,-232.1160,388.8600,1.81209,10.0
721,0,0,0,-4883.1400,104.9400,389.1300,3.71298,10.0
721,0,0,0,-4841.4400,-1702.2500,505.4500,4.41719,10.0
721,0,0,0,-4511.0800,-1645.9700,504.8920,4.43660,10.0
721,0,0,0,-4432.9200,-1556.5500,482.7750,6.02258,10.0
721,0,0,0,-4413.0000,-1527.0000,481.3400,6.19500,10.0
721,0,0,0,-4405.9000,-1521.2600,479.1140,0.05084,10.0
721,0,0,0,-4310.6200,-1453.5200,402.8140,0.83291,10.0
721,0,0,0,-4296.8800,-1435.2500,392.2670,6.27347,10.0
721,0,0,0,-4096.4300,-1088.2300,170.3010,1.84097,15.0
721,0,0,0,-4026.0600,-1270.8900,146.9020,1.82841,15.0
721,0,0,0,-3994.4200,-1376.7000,150.2240,1.10741,15.0
721,0,0,0,-3971.9800,-1494.1800,169.9310,2.12686,15.0
721,0,0,0,-952.6870,-278.0760,61.2686,5.59873,10.0
721,0,0,0,-885.8650,-612.6920,7.7010,1.92957,10.0
721,0,0,0,-868.4870,-281.6270,40.5882,4.79297,10.0
721,0,0,0,-831.1900,-90.1351,25.3228,3.99190,10.0
721,0,0,0,-811.9290,-656.8690,11.9221,2.40774,10.0
721,0,0,0,-761.7590,-624.8010,16.9561,1.12047,10.0
721,0,0,0,-755.9130,-445.6530,28.1146,0.87589,10.0
721,0,0,0,-631.2370,-360.3870,40.6537,4.27916,10.0
721,0,0,0,-570.4860,-126.0330,50.7478,0.99814,10.0
721,0,0,0,-484.7000,1281.4700,46.8949,2.33092,10.0
721,0,0,0,126.3760,1156.3900,74.3161,4.39911,10.0
721,0,0,0,770.8220,1459.2000,58.3441,0.90046,10.0
721,0,0,0,1900.9600,1640.3300,92.1830,4.87294,10.0
721,0,0,0,1915.5500,1364.7700,68.8814,4.15472,5.0
721,0,0,0,2080.2700,470.8360,53.2531,6.20740,5.0
721,0,0,0,2083.1000,225.9800,53.0987,0.48280,5.0
721,0,0,0,2088.3300,955.7140,38.3537,3.78353,5.0
721,0,0,0,2090.8000,947.1660,37.7826,0.01710,5.0
721,0,0,0,2185.8400,-123.0330,34.1016,0.56471,5.0
721,0,0,0,2213.0000,717.3820,37.3861,5.47845,10.0
721,0,0,0,2336.7700,1641.6400,37.3049,1.22528,10.0
721,0,0,0,2672.4100,250.5650,32.5797,3.71334,5.0
721,0,0,0,2732.2300,462.8840,22.5416,1.15783,10.0
721,0,0,0,2748.2900,368.2290,25.7244,1.46510,10.0
721,0,0,0,2796.7500,-78.4389,33.5406,4.60748,5.0
721,0,0,0,2817.3400,118.5440,26.1918,4.00691,5.0
721,0,0,0,2858.1800,274.8180,29.5139,4.63734,10.0
724,0,0,0,-6490.6700,621.9980,386.8730,0.32812,5.0
724,0,0,0,-6445.5600,720.4020,396.7630,1.82326,0.0
724,0,0,0,-6438.8700,395.0940,391.5840,3.66923,5.0
724,0,0,0,-6429.5000,362.9230,392.9710,2.31532,5.0
724,0,0,0,-6423.4200,676.1790,386.6410,3.58777,5.0
724,0,0,0,-6422.2700,816.4290,406.8640,4.81410,0.0
724,0,0,0,-6419.0200,326.4170,393.5270,2.16114,5.0
724,0,0,0,-6415.3200,752.2540,388.8740,3.96876,0.0
724,0,0,0,-6397.4400,240.0610,399.2910,0.18621,0.0
724,0,0,0,-6394.9000,652.9470,386.8610,4.47132,5.0
724,0,0,0,-6389.1600,438.1660,379.2650,0.94559,5.0
724,0,0,0,-6381.3400,310.3430,385.7170,1.35817,5.0
724,0,0,0,-6380.5500,723.2990,388.5640,6.21112,0.0
724,0,0,0,-6379.8800,280.9750,388.7640,5.00095,0.0
724,0,0,0,-6371.7600,242.2440,392.4200,3.44314,5.0
724,0,0,0,-6367.6600,207.2630,403.3660,2.74741,0.0
724,0,0,0,-6360.3700,318.9760,381.0400,2.08526,5.0
724,0,0,0,-6353.0200,817.7340,396.9940,4.33628,5.0
724,0,0,0,-6352.4400,673.2510,386.5470,1.06787,5.0
724,0,0,0,-6351.6700,749.9410,388.6250,2.10987,5.0
724,0,0,0,-6351.1500,262.9550,384.0140,6.21515,5.0
724,0,0,0,-6346.4100,624.5110,385.8390,3.03396,5.0
724,0,0,0,-6343.9400,290.7870,380.5110,0.74389,5.0
724,0,0,0,-6339.6200,361.6000,378.3110,1.02303,5.0
724,0,0,0,-6329.1000,746.3260,387.3140,5.92397,5.0
724,0,0,0,-6323.7900,308.7560,379.0200,2.70825,5.0
724,0,0,0,-6321.5300,674.1320,385.3970,2.89664,5.0
724,0,0,0,-6316.6800,777.0840,389.4390,0.85730,5.0
724,0,0,0,-6314.6700,610.5420,386.9560,5.53487,5.0
724,0,0,0,-6314.2600,522.0720,387.4160,3.68445,5.0
724,0,0,0,-6312.5300,579.1390,387.4610,3.92544,0.0
724,0,0,0,-6311.8500,662.6510,385.8250,1.27129,5.0
724,0,0,0,-6296.6300,244.4710,390.9690,1.83944,5.0
724,0,0,0,-6292.3000,670.2660,385.2450,4.64790,0.0
724,0,0,0,-6287.5100,451.7890,386.0430,4.37634,5.0
724,0,0,0,-6287.1000,489.9770,386.2480,6.25888,5.0
724,0,0,0,-6284.2800,745.4300,387.0580,0.80285,5.0
724,0,0,0,-6279.3000,506.9350,386.9100,3.30369,5.0
724,0,0,0,-6279.1300,683.8930,385.6890,0.61759,5.0
724,0,0,0,-6278.6500,478.9800,386.2480,3.51120,5.0
724,0,0,0,-6277.2000,552.3830,387.6340,4.26797,5.0
724,0,0,0,-6275.3300,625.7450,386.8810,0.15295,5.0
724,0,0,0,-6274.5700,462.1600,386.1680,4.13748,5.0
724,0,0,0,-6272.3800,476.4430,386.3730,5.92463,5.0
724,0,0,0,-6263.5500,516.5730,386.2360,1.25046,5.0
724,0,0,0,-6262.6200,726.3270,386.3440,4.38447,5.0
724,0,0,0,-6261.8800,471.1670,386.0790,5.67875,5.0
724,0,0,0,-6259.8700,494.0380,386.7040,4.38358,0.0
724,0,0,0,-6259.6100,624.4840,386.8610,4.25020,5.0
724,0,0,0,-6256.1900,538.5890,386.2360,2.16669,5.0
724,0,0,0,-6253.4400,580.5060,388.9390,0.88081,5.0
724,0,0,0,-6249.1000,845.6190,417.6310,0.87377,5.0
724,0,0,0,-6248.3700,513.5570,386.4860,1.78673,0.0
724,0,0,0,-6245.6600,512.3810,386.2360,5.63226,5.0
724,0,0,0,-6245.5900,461.4500,386.1910,4.02375,5.0
724,0,0,0,-6244.8700,778.5020,387.1000,1.94260,5.0
724,0,0,0,-6238.1800,492.6890,386.5190,4.57905,5.0
724,0,0,0,-6237.8600,512.0210,386.2360,3.55947,5.0
724,0,0,0,-6234.0100,758.7010,387.0650,6.18546,5.0
724,0,0,0,-6225.0500,805.3820,408.7880,4.48779,0.0
724,0,0,0,-6190.2400,786.8460,396.0640,3.97536,0.0
732,0,0,0,-9958.8100,-1342.6000,25.6964,3.94633,5.0
732,0,0,0,-9950.5600,-1278.8400,26.5787,0.12920,5.0
732,0,0,0,-9944.7500,-1407.4600,25.5433,4.84663,5.0
732,0,0,0,-9940.0300,-1134.1100,21.2883,3.56047,0.0
732,0,0,0,-9930.9800,-1100.8100,23.8810,2.77507,0.0
732,0,0,0,-9928.2500,-1163.1000,21.2383,5.27090,0.0
732,0,0,0,-9926.5000,-1141.0900,23.2793,6.08998,5.0
732,0,0,0,-9918.1400,-1240.0200,25.0181,5.31991,5.0
732,0,0,0,-9913.9600,-1223.6200,24.9420,4.76920,5.0
732,0,0,0,-9907.1100,-1144.8500,24.0525,5.00910,0.0
732,0,0,0,-9892.9400,-1112.7900,28.9077,3.19841,5.0
732,0,0,0,-9888.6200,-1138.0000,26.8876,1.42128,5.0
732,0,0,0,-9887.5000,-1537.5000,22.7810,2.81629,0.0
732,0,0,0,-9883.6800,-1188.6100,28.5517,2.86490,5.0
732,0,0,0,-9876.3000,-1097.2400,27.5205,0.85521,0.0
732,0,0,0,-9852.8600,-1133.8400,27.7583,0.13963,0.0
732,0,0,0,-9847.1700,-1585.4200,26.1943,3.73906,0.0
732,0,0,0,-9845.0100,-1645.1200,23.6099,1.05864,0.0
732,0,0,0,-9839.4800,-1191.0600,34.0365,5.19787,5.0
732,0,0,0,-9836.9100,-1118.4200,26.6061,0.26180,0.0
732,0,0,0,-9813.2600,-1156.0800,33.5750,4.80817,5.0
732,0,0,0,-9784.0200,-1120.6600,35.9243,4.80892,5.0
732,0,0,0,-9332.9300,-1189.9000,68.0493,3.49480,5.0
732,0,0,0,-9303.9200,-1121.9900,69.0745,2.38673,0.0
732,0,0,0,-9283.0000,-1165.4000,69.5297,1.57080,0.0
732,0,0,0,-9278.7800,-1180.1200,70.9629,0.47780,5.0
732,0,0,0,-9274.1000,-1174.4100,70.2011,0.00966,5.0
732,0,0,0,-9269.8900,-1181.1100,70.6150,1.97222,0.0
732,0,0,0,-9255.9800,-1161.2800,65.3492,1.58825,0.0
732,0,0,0,-9254.7000,-1232.8400,73.6074,1.33570,5.0
732,0,0,0,-9244.1800,-1211.9900,72.5092,0.89012,0.0
732,0,0,0,-9242.2500,-1160.9300,63.4762,1.69297,0.0
732,0,0,0,-9231.1400,-1188.2700,65.2443,3.47321,0.0
732,0,0,0,-9219.0700,-1220.0500,70.9714,4.83965,5.0
732,0,0,0,-9212.0700,-1229.3300,72.9972,1.46608,0.0
732,0,0,0,-9173.4700,-1255.9200,75.3774,5.46812,5.0
732,0,0,0,-9009.9800,-1218.8300,72.4910,2.96706,0.0
732,0,0,0,-9002.0200,-1195.3400,68.4495,1.93731,0.0
732,0,0,0,-8988.9900,-1174.4900,65.3495,1.62316,0.0
732,0,0,0,-8982.7900,-1197.2700,71.6175,4.25486,5.0
732,0,0,0,-8969.8500,-1196.3600,71.5524,2.12930,0.0
732,0,0,0,-8960.2900,-1159.6500,68.0321,2.05949,5.0
735,0,0,0,-9560.8100,-309.0600,62.9801,3.00175,5.0
735,0,0,0,-9547.1400,-449.5780,60.4493,2.82642,5.0
735,0,0,0,-9547.1200,-250.4170,61.5035,2.42862,5.0
735,0,0,0,-9545.6500,-381.2590,61.4751,3.19474,5.0
735,0,0,0,-9528.9500,-268.7610,59.1591,4.95118,0.0
735,0,0,0,-9511.8500,-302.8820,55.0908,5.76622,5.0
735,0,0,0,-9511.8500,-302.8820,55.0908,5.39536,5.0
735,0,0,0,-9511.5500,-487.0740,61.5950,5.30582,0.0
735,0,0,0,-9472.8900,-268.6730,58.3486,5.62523,5.0
735,0,0,0,-9449.8200,-488.6900,62.6602,4.30263,5.0
735,0,0,0,-9448.4500,-297.2420,56.6352,2.59307,5.0
735,0,0,0,-9446.5200,-253.9300,62.2610,0.80506,5.0
735,0,0,0,-9445.9000,-287.9400,58.0796,3.96317,0.0
735,0,0,0,-9431.3800,-268.3290,61.7787,0.86489,5.0
735,0,0,0,-9413.7100,-452.0060,60.3769,2.96314,5.0
735,0,0,0,-9411.4600,-324.3220,58.9587,4.71239,0.0
735,0,0,0,-9410.0800,-313.2160,60.8708,1.47159,5.0
735,0,0,0,-9403.5100,-390.7500,60.6673,0.67749,5.0
735,0,0,0,-9391.5300,-345.1670,59.0443,5.62124,5.0
735,0,0,0,-9382.0200,-215.7570,63.1149,1.36160,0.0
735,0,0,0,-9381.3700,-447.6460,63.3056,2.91583,5.0
777,0,0,0,-9260.2100,-2203.0900,64.0584,3.33358,0.0
786,0,0,0,-6363.0000,567.0850,385.8510,2.47837,0.0
789,0,0,0,-9234.4900,-2158.7500,64.4407,2.11185,0.0
791,0,0,0,-9260.2500,-2195.3700,64.0168,3.45575,0.0
794,0,0,0,-9387.1300,-117.8590,58.9627,2.81800,0.0
795,0,0,0,-9424.8800,128.8520,59.6881,2.28574,0.0
796,0,0,0,-9422.2900,129.0960,59.7126,2.22594,0.0
797,0,0,0,-9426.1500,129.8290,59.5506,3.12876,0.0
798,0,0,0,-9497.0000,-1274.0000,43.4560,0.70300,8.0
799,0,0,0,-9511.3100,-1285.6400,44.1448,3.93122,8.0
800,0,0,0,-9504.0000,-1286.0000,43.1846,4.47200,8.0
801,0,0,0,-9511.9900,-1272.5300,43.6690,5.56961,8.0
802,0,0,0,-9507.0300,-1275.8500,44.2569,5.16513,8.0
804,0,0,0,-9371.5000,-63.8449,69.2032,1.07202,0.0
805,0,0,0,-9373.0000,-66.3365,69.3026,1.03083,0.0
806,0,0,0,-9375.0100,-64.1496,69.3030,1.07403,0.0
807,0,0,0,-9375.8000,-67.6207,69.3021,0.96554,0.0
808,0,0,0,-6508.8200,300.7580,370.4460,0.00000,0.0
810,0,0,0,-9372.7800,-69.4064,69.2021,0.92218,0.0
811,0,0,0,-9370.0700,-67.0083,69.2028,1.29179,0.0
812,0,0,0,-9237.7800,-2041.6500,78.1678,4.64889,0.0
822,0,0,0,-10038.9000,649.5520,38.2594,3.27767,5.0
822,0,0,0,-10008.2000,207.0070,30.6557,3.99613,5.0
822,0,0,0,-10003.1000,274.0840,32.5540,4.38447,5.0
822,0,0,0,-9908.2500,-58.8789,30.0393,2.70414,5.0
822,0,0,0,-9901.0300,-320.1860,34.0545,0.28098,5.0
822,0,0,0,-9900.5600,-1364.3300,33.5030,2.47112,5.0
822,0,0,0,-9869.3900,684.5500,36.0992,1.20226,5.0
822,0,0,0,-9866.8300,-1233.1400,31.9040,0.00000,5.0
822,0,0,0,-9855.7500,-173.0820,34.7587,2.90225,5.0
822,0,0,0,-9828.5900,537.3010,34.6537,3.79252,5.0
822,0,0,0,-9819.9600,29.1408,31.6467,3.48657,5.0
822,0,0,0,-9816.8800,-1512.3100,41.9932,5.67533,5.0
822,0,0,0,-9811.7900,-993.2960,39.8986,3.91870,5.0
822,0,0,0,-9783.6800,-96.5355,28.4609,2.67620,5.0
822,0,0,0,-9780.5800,-553.3000,33.6325,1.88916,5.0
822,0,0,0,-9772.1800,-658.2190,38.8135,2.12290,5.0
822,0,0,0,-9771.9500,-1174.3500,37.7895,5.67134,5.0
822,0,0,0,-9770.4200,-575.7610,36.7657,1.52618,5.0
822,0,0,0,-9763.5400,-758.9770,41.1705,3.71551,5.0
822,0,0,0,-9755.4700,-1462.5900,48.1375,3.45706,5.0
822,0,0,0,-9748.0200,-25.2635,35.4068,3.96682,5.0
822,0,0,0,-9734.3000,-1548.6800,51.0290,1.06249,5.0
822,0,0,0,-9727.5300,-1280.6200,52.2194,2.89709,5.0
822,0,0,0,-9722.8700,-660.4400,45.6752,1.43747,5.0
822,0,0,0,-9716.0700,-140.2460,37.9383,4.09800,5.0
822,0,0,0,-9714.6700,-1144.1400,40.0113,5.20734,5.0
822,0,0,0,-9696.7900,-439.0300,51.6461,0.82405,5.0
822,0,0,0,-9696.7300,-173.0510,43.8265,3.51835,5.0
822,0,0,0,-9694.7900,-72.2588,39.4080,4.71239,5.0
822,0,0,0,-9693.2700,756.9030,31.5184,1.15872,5.0
822,0,0,0,-9688.0700,-337.0240,57.7277,4.71044,5.0
822,0,0,0,-9673.1200,-916.4570,42.2932,3.59475,5.0
822,0,0,0,-9544.5100,-1491.5100,60.3093,1.56634,5.0
822,0,0,0,-9502.7500,-1095.2500,51.4930,4.91082,5.0
822,0,0,0,-9488.2200,-516.1150,63.5907,4.41479,5.0
822,0,0,0,-9485.2300,-1053.8900,52.4656,5.04652,5.0
822,0,0,0,-9474.4500,-844.9690,60.2612,0.79092,5.0
822,0,0,0,-9464.4000,-648.2770,65.3682,3.18592,5.0
822,0,0,0,-9459.5200,-1529.8500,65.5635,0.00000,5.0
822,0,0,0,-9447.7600,-1470.5300,61.7908,4.95641,5.0
822,0,0,0,-9447.1500,-1474.3500,61.8309,6.17525,5.0
822,0,0,0,-9417.6600,-854.6350,62.0310,0.62865,5.0
822,0,0,0,-9402.7200,-1456.8600,61.6428,0.51572,5.0
822,0,0,0,-9398.7100,-710.6050,67.8667,2.39209,5.0
822,0,0,0,-9367.1300,-1169.4600,65.1099,1.12230,5.0
822,0,0,0,-9361.0500,-1197.7300,64.9425,3.75246,5.0
822,0,0,0,-9358.5800,-939.1690,66.4676,5.97750,5.0
822,0,0,0,-9310.1800,-1316.8600,68.0764,1.02905,5.0
823,0,0,0,-8947.6400,-132.3190,83.7199,3.33358,0.0
824,0,0,0,-11240.0000,1559.4200,34.5760,0.82030,0.0
824,0,0,0,-11227.5000,1522.9400,36.7241,0.19199,0.0
824,0,0,0,-11220.9000,1486.6000,17.7838,1.71042,0.0
824,0,0,0,-11219.8000,1538.3300,34.7055,5.77704,0.0
824,0,0,0,-11215.5000,1553.0200,34.4511,6.16101,0.0
824,0,0,0,-11215.0000,1574.5100,30.2629,2.09439,0.0
824,0,0,0,-11208.1000,1482.6100,15.3275,4.97419,0.0
824,0,0,0,-11207.5000,1497.3600,16.3478,3.57792,0.0
824,0,0,0,-11203.3000,1583.0900,28.3189,2.51327,0.0
824,0,0,0,-11199.0000,1518.7700,19.8861,2.46091,0.0
824,0,0,0,-11198.6000,1504.7600,18.3513,5.95157,0.0
824,0,0,0,-11198.5000,1470.8900,16.7919,2.86234,0.0
824,0,0,0,-11195.8000,1493.1200,15.7827,0.45379,0.0
824,0,0,0,-11193.4000,1530.5200,19.9293,3.36848,0.0
824,0,0,0,-11192.8000,1540.0600,19.8363,2.67035,0.0
824,0,0,0,-11191.0000,1564.1700,27.7931,6.03884,0.0
824,0,0,0,-11186.7000,1549.2700,19.7850,2.53073,0.0
824,0,0,0,-11185.8000,1486.2500,16.4122,1.43117,0.0
824,0,0,0,-11185.6000,1581.6800,26.6417,0.92502,0.0
824,0,0,0,-11184.2000,1517.9800,20.3053,5.02655,0.0
824,0,0,0,-11177.9000,1564.2500,22.7379,3.14159,0.0
824,0,0,0,-11169.0000,1553.1500,20.8527,6.14356,0.0
824,0,0,0,-11167.0000,1522.5100,19.8348,5.41052,0.0
824,0,0,0,-11166.0000,1573.6500,22.6640,1.57080,0.0
824,0,0,0,-11163.1000,1537.2200,20.3592,0.90757,0.0
824,0,0,0,-11157.7000,1563.6700,22.1570,3.94444,0.0
824,0,0,0,-11149.4000,1548.4800,20.8182,4.06662,0.0
824,0,0,0,-11147.4000,1530.6000,20.0244,1.78024,0.0
824,0,0,0,-11144.5000,1512.2400,22.9150,3.63029,0.0
824,0,0,0,-11143.7000,1566.7800,21.7933,1.02974,0.0
824,0,0,0,-11141.6000,1498.9900,24.3920,3.28122,0.0
824,0,0,0,-11136.6000,1541.2700,19.8812,0.06981,0.0
824,0,0,0,-11132.0000,1514.2700,24.5622,1.39626,0.0
824,0,0,0,-11131.7000,1489.3100,34.6491,6.26573,0.0
824,0,0,0,-11126.9000,1476.9900,34.6331,4.76475,0.0
824,0,0,0,-11120.7000,1513.2200,23.5516,1.06465,0.0
824,0,0,0,-11114.5000,1487.3500,24.5028,5.25344,0.0
824,0,0,0,-11089.8000,1511.6000,29.3671,5.16617,0.0
824,0,0,0,-11089.5000,1531.5300,31.0062,1.06465,0.0
824,0,0,0,-11082.8000,1519.8600,29.9805,0.26180,0.0
829,0,0,0,-6225.2400,320.3720,383.3000,1.62316,0.0
830,0,0,0,-9701.8200,1631.3600,10.7339,3.24178,10.0
830,0,0,0,-9687.9800,1630.0400,9.6313,3.26720,10.0
830,0,0,0,-9684.2800,1615.0400,12.3174,5.47553,10.0
830,0,0,0,-9683.9500,1581.6100,12.7578,4.54881,10.0
830,0,0,0,-9675.1800,1272.2300,8.2931,4.29001,10.0
830,0,0,0,-9673.6700,1613.4600,11.8122,3.44260,10.0
830,0,0,0,-9669.3100,1589.7800,10.7365,3.49645,10.0
830,0,0,0,-9660.6800,1578.9300,7.4383,0.93835,10.0
830,0,0,0,-9657.2500,1240.7200,8.8949,1.21701,10.0
830,0,0,0,-9656.9200,1256.4000,6.7973,1.49880,10.0
830,0,0,0,-9648.0600,1382.8400,11.7258,5.61159,10.0
830,0,0,0,-9648.0400,1353.0100,10.5873,3.50125,10.0
830,0,0,0,-9642.9400,1271.4800,4.2137,4.89203,10.0
830,0,0,0,-9639.6200,1338.9400,8.0873,2.21497,10.0
830,0,0,0,-9639.2500,1248.3600,4.2973,2.57835,10.0
830,0,0,0,-9638.5800,1391.1000,10.1060,2.14097,10.0
830,0,0,0,-9623.5800,1403.3600,7.4752,3.39748,10.0
831,0,0,0,-9964.8300,1927.1600,-0.5772,5.57272,10.0
831,0,0,0,-9962.9300,1910.3800,3.2386,5.98104,5.0
831,0,0,0,-9947.3600,1903.2000,3.5501,2.63423,10.0
831,0,0,0,-9944.7900,1917.7100,-0.7039,2.14326,5.0
831,0,0,0,-9928.5200,1907.8400,-1.2537,1.81047,5.0
831,0,0,0,-9928.5100,1884.9400,4.2956,5.24219,10.0
831,0,0,0,-9913.6100,1876.9300,2.8000,6.07479,10.0
831,0,0,0,-9908.3800,1862.7500,3.6537,2.91040,10.0
831,0,0,0,-9899.4700,1880.2100,-0.3806,4.25933,10.0
831,0,0,0,-9831.0600,1793.7700,-0.8438,4.73192,5.0
831,0,0,0,-9789.1100,1758.2500,-2.5482,0.00021,10.0
831,0,0,0,-9777.9200,1736.6100,2.9056,0.27309,5.0
832,0,0,0,-11802.9000,-1582.8200,21.0033,1.62140,0.0
832,0,0,0,-11112.2000,614.9040,37.2079,5.55874,10.0
832,0,0,0,-10982.2000,1816.1100,45.1287,0.06059,10.0
832,0,0,0,-10853.3000,1679.1200,38.9748,1.79042,10.0
832,0,0,0,-10786.8000,1544.0100,48.8790,6.07564,10.0
832,0,0,0,-10373.7000,1521.2900,42.7719,2.83066,5.0
832,0,0,0,-10361.6000,1105.0600,36.2555,1.00609,10.0
832,0,0,0,-9895.1400,1621.3600,37.7132,2.50863,10.0
833,0,0,0,-10397.1000,1783.9300,34.8076,3.21986,5.0
833,0,0,0,-10379.8000,837.3900,39.1860,4.57726,10.0
833,0,0,0,-10337.2000,1876.1200,37.6620,3.36428,10.0
833,0,0,0,-10312.6000,1792.6100,35.9927,5.60842,5.0
833,0,0,0,-10291.0000,1949.1600,37.0849,6.15786,10.0
833,0,0,0,-10250.9000,1737.4300,37.7036,1.29196,10.0
833,0,0,0,-10249.9000,913.8650,40.4789,4.39150,10.0
833,0,0,0,-10249.4000,1950.3600,36.8543,1.89471,10.0
833,0,0,0,-10219.2000,1198.0300,39.8945,3.97602,5.0
833,0,0,0,-10183.9000,1756.7100,35.4559,4.83372,5.0
833,0,0,0,-10157.2000,844.6370,25.5383,5.70511,10.0
833,0,0,0,-10137.9000,1852.0700,38.0598,4.33224,10.0
833,0,0,0,-10106.3000,1860.3500,35.9594,6.12969,10.0
833,0,0,0,-10095.7000,1760.0200,35.7319,2.97099,10.0
833,0,0,0,-10022.9000,1556.6100,44.9144,2.59230,5.0
833,0,0,0,-10019.0000,1625.8900,45.3409,1.49650,5.0
833,0,0,0,-9985.9500,1712.0900,34.6374,5.36701,10.0
833,0,0,0,-9946.2000,852.2740,32.0820,1.10821,10.0
833,0,0,0,-9877.6200,1391.8600,52.5200,1.54346,10.0
833,0,0,0,-9821.9100,1577.2700,38.3083,2.91890,10.0
833,0,0,0,-9745.6500,1355.2200,42.4935,0.39622,10.0
833,0,0,0,8050.1800,-7413.6300,147.0490,5.35511,10.0
834,0,0,0,-10476.7000,1221.4700,66.9089,4.20027,5.0
834,0,0,0,-10451.8000,1248.4400,51.8239,4.14907,5.0
834,0,0,0,-10387.9000,822.7110,34.8141,1.60988,10.0
834,0,0,0,-10383.5000,1778.9900,35.3814,4.99575,5.0
834,0,0,0,-10349.6000,1090.5000,37.2508,2.87531,10.0
834,0,0,0,-10325.6000,876.9200,40.0660,4.31439,5.0
834,0,0,0,-10316.6000,1938.2800,35.3574,4.58733,10.0
834,0,0,0,-10291.9000,1150.9900,39.7536,4.75854,10.0
834,0,0,0,-10279.2000,910.6860,36.9784,3.18486,10.0
834,0,0,0,-10249.1000,822.7960,50.0500,0.42420,10.0
834,0,0,0,-10216.5000,1565.8000,45.1973,1.40404,5.0
834,0,0,0,-10146.3000,1551.3700,44.0582,0.97304,5.0
834,0,0,0,-10126.6000,1398.5900,40.1143,4.20681,5.0
834,0,0,0,-10110.6000,939.2950,33.7459,5.28008,10.0
834,0,0,0,-10104.0000,1078.5500,37.8555,3.36202,5.0
834,0,0,0,-10088.0000,1088.4000,38.4085,1.10722,5.0
834,0,0,0,-10083.9000,1619.1600,42.2527,1.79943,5.0
834,0,0,0,-10080.7000,1240.8700,38.5478,4.60874,10.0
834,0,0,0,-10080.1000,1497.9800,45.3276,1.84775,5.0
834,0,0,0,-10079.0000,856.8510,34.2083,1.46260,5.0
834,0,0,0,-10074.1000,1757.7700,37.4793,5.05916,10.0
834,0,0,0,-10055.5000,957.5970,37.0503,2.03880,10.0
834,0,0,0,-10047.2000,1586.3800,43.7218,0.27607,10.0
834,0,0,0,-10046.1000,1106.5600,40.5197,5.19995,10.0
834,0,0,0,-10033.0000,1726.2100,37.5380,2.19184,10.0
834,0,0,0,-10024.4000,1048.1600,37.4913,0.51866,10.0
834,0,0,0,-10017.8000,1354.1800,42.1983,1.56494,10.0
834,0,0,0,-10015.8000,1574.5800,43.8843,4.68896,10.0
834,0,0,0,-10014.1000,862.4480,33.1132,0.83249,5.0
834,0,0,0,-10007.5000,1741.9500,34.1230,3.48961,10.0
834,0,0,0,-9955.2500,1679.9800,33.9662,4.92894,10.0
834,0,0,0,-9924.4800,1150.6400,42.3260,4.07946,10.0
834,0,0,0,-9923.8300,959.9850,35.8598,1.84221,5.0
834,0,0,0,-9921.9400,1055.6200,40.4457,5.67918,5.0
834,0,0,0,-9886.3400,1632.1200,36.3031,5.62797,10.0
834,0,0,0,-9884.3400,852.0130,31.8458,0.00000,10.0
834,0,0,0,-9842.7100,1559.6800,43.6983,3.03449,10.0
834,0,0,0,-9825.1400,1022.2400,29.8273,1.62158,5.0
834,0,0,0,-9788.7600,985.8140,29.2505,5.01376,10.0
834,0,0,0,-9758.0300,1358.1600,41.8685,0.19880,10.0
834,0,0,0,-9756.3600,924.1890,28.1601,2.75311,10.0
834,0,0,0,-9742.6400,971.8020,30.1428,0.19242,5.0
834,0,0,0,-9686.4600,929.7450,34.1962,1.74666,5.0
834,0,0,0,-9652.7300,950.7470,39.8110,4.07030,10.0
836,0,0,0,-6056.3800,385.2130,392.8450,3.17650,0.0
837,0,0,0,-6056.7400,393.5480,392.8430,3.68265,0.0
842,0,0,0,-10645.2000,1141.4400,33.7257,1.20428,0.0
842,0,0,0,-10624.4000,1107.6400,33.8127,1.45720,0.0
842,0,0,0,-10612.1000,1181.0100,34.5176,5.11381,0.0
842,0,0,0,-10584.8000,1144.2200,40.2974,3.85718,0.0
843,0,0,0,-10661.2000,999.3560,32.9575,0.62832,0.0
846,0,0,0,-11281.5000,1017.6900,94.4474,5.30334,1.0
846,0,0,0,-11275.7000,1022.6800,94.7905,5.70782,1.0
846,0,0,0,-10990.2000,1623.0800,45.1017,4.46040,5.0
846,0,0,0,-10988.2000,1600.1000,45.6427,5.37523,5.0
846,0,0,0,-10976.4000,1610.5000,46.0335,1.98000,5.0
846,0,0,0,-10962.3000,1625.8300,46.4382,3.24442,5.0
846,0,0,0,-10958.9000,1603.6300,47.8132,1.78282,5.0
846,0,0,0,-10084.3000,1559.4900,40.8883,3.00608,1.0
846,0,0,0,-10082.4000,1556.3100,41.0149,2.17749,1.0
846,0,0,0,-10025.1000,1419.1800,41.2180,2.72701,5.0
846,0,0,0,-10025.0000,1427.1100,41.1070,1.61175,5.0
846,0,0,0,-10015.2000,1424.4700,40.9400,3.27601,5.0
847,0,0,0,-9261.8700,-2204.5500,64.0584,4.72216,0.0
848,0,0,0,-9272.5700,-2200.7300,64.0831,4.40372,0.0
849,0,0,0,-9254.6200,-2182.4700,64.0499,4.13816,0.0
850,0,0,0,-9174.3300,-2109.7100,89.0500,5.89073,0.0
851,0,0,0,-9238.8600,-2034.5300,78.2665,3.28305,0.0
880,0,0,0,-9805.7900,-927.1640,39.8671,4.36332,0.0
881,0,0,0,-9809.1800,-929.3850,39.8697,0.03491,0.0
883,0,0,0,-10055.4000,141.3530,27.3607,5.70493,5.0
883,0,0,0,-9961.0800,-28.3792,33.8086,4.13691,5.0
883,0,0,0,-9953.1400,-54.4741,33.2219,6.18720,5.0
883,0,0,0,-9889.3000,-1277.7800,33.5710,4.58303,5.0
883,0,0,0,-9877.4800,-1482.5600,30.4505,3.29068,5.0
883,0,0,0,-9873.0700,923.5580,31.0300,4.00715,10.0
883,0,0,0,-9870.3600,-140.7250,29.8659,2.79822,5.0
883,0,0,0,-9860.0100,659.2790,38.1223,1.31019,5.0
883,0,0,0,-9859.7700,943.0550,32.3171,3.86644,10.0
883,0,0,0,-9821.6700,281.2150,39.5543,4.55470,5.0
883,0,0,0,-9805.5900,-1541.3100,40.3322,6.15592,5.0
883,0,0,0,-9802.6100,-1010.9500,38.9007,1.08095,5.0
883,0,0,0,-9789.2700,105.5480,45.2997,2.68862,5.0
883,0,0,0,-9779.4200,-339.0240,52.9229,2.86061,5.0
883,0,0,0,-9759.0500,-68.3373,30.4826,0.24119,5.0
883,0,0,0,-9752.6500,30.9370,38.2523,5.62972,5.0
883,0,0,0,-9745.0500,304.2620,46.0537,1.78925,5.0
883,0,0,0,-9738.1400,-252.6540,46.8072,2.63605,5.0
883,0,0,0,-9694.4400,-176.4940,44.4763,3.76011,5.0
883,0,0,0,-9656.1800,200.1630,49.1041,5.06750,5.0
883,0,0,0,-9655.2700,-438.4940,55.8194,3.97765,5.0
883,0,0,0,-9609.2000,-882.0450,49.5843,0.31418,5.0
883,0,0,0,-9607.5700,-1482.0000,59.2828,5.61917,5.0
883,0,0,0,-9577.1900,-437.8500,61.0287,3.88138,5.0
883,0,0,0,-9490.5800,-33.6001,59.2255,5.56693,5.0
883,0,0,0,-9477.0200,260.3470,54.4378,1.47696,5.0
883,0,0,0,-9470.5300,-25.8799,58.3798,0.28163,5.0
883,0,0,0,-9437.1900,-1254.1200,48.4532,2.48021,5.0
883,0,0,0,-9427.6700,-1269.9600,48.4130,1.05819,5.0
883,0,0,0,-9299.9900,391.9450,75.5581,0.69274,5.0
883,0,0,0,-9265.3300,139.6050,68.8393,4.46788,5.0
883,0,0,0,-9255.4500,128.0830,70.8557,4.96116,5.0
883,0,0,0,-9234.2500,254.1410,72.9114,2.89350,5.0
883,0,0,0,-9205.0200,340.4290,73.3442,5.27145,5.0
883,0,0,0,-9188.3800,420.4980,90.8592,2.98929,5.0
883,0,0,0,-9181.1700,414.9770,89.8692,1.14126,5.0
883,0,0,0,-9111.6900,-363.2620,73.6354,4.57914,5.0
883,0,0,0,-9097.1400,-14.5558,91.4497,5.11138,5.0
883,0,0,0,-9063.9400,-246.8950,72.9306,1.68514,5.0
883,0,0,0,-9021.5100,-373.1520,75.1056,3.30330,5.0
883,0,0,0,-9002.1200,-420.8680,69.8270,3.13183,5.0
883,0,0,0,-8927.3700,-436.0470,66.9626,0.18283,5.0
883,0,0,0,-8877.6600,14.8767,93.4750,0.44005,5.0
883,0,0,0,-8853.5500,-1130.5700,76.1068,6.15820,5.0
883,0,0,0,-8820.9200,-7.8734,90.2892,4.96105,5.0
883,0,0,0,-8686.6700,-197.3110,92.3290,3.94988,5.0
883,0,0,0,-8679.9300,-98.3911,89.5294,6.19524,5.0
883,0,0,0,316.9150,-1521.1500,57.4661,5.14630,10.0
883,0,0,0,377.5730,-833.6670,128.4660,1.88884,5.0
883,0,0,0,509.8280,-1000.4300,150.2280,3.63143,5.0
883,0,0,0,538.4550,-1445.2300,50.9343,6.08283,3.0
883,0,0,0,656.6360,-1388.8800,95.7312,2.09820,3.0
883,0,0,0,785.4170,-1469.7600,75.4901,2.79253,10.0
883,0,0,0,972.3510,1128.0500,47.2905,0.55143,10.0
883,0,0,0,980.2160,-1500.9300,67.6863,4.44216,10.0
883,0,0,0,1131.7100,1468.4000,35.6768,0.63647,5.0
890,0,0,0,-9861.7400,656.5770,38.4626,1.13435,10.0
890,0,0,0,-9807.9200,-1541.0200,40.1130,6.10456,0.0
890,0,0,0,-9743.7000,301.6860,46.2486,2.21899,0.0
890,0,0,0,-9605.8800,-1483.3600,59.2828,5.60510,10.0
890,0,0,0,-9492.4800,-32.6670,59.1172,5.62429,0.0
890,0,0,0,-9473.0100,-26.9386,58.4689,0.42695,0.0
890,0,0,0,-9435.7600,-1255.1800,48.5311,2.51561,10.0
890,0,0,0,-9231.4400,253.4410,72.9840,2.89989,10.0
890,0,0,0,-9182.4200,414.4350,89.5355,3.36393,0.0
890,0,0,0,-9181.0700,414.5500,89.7405,4.79570,0.0
890,0,0,0,-9078.6600,-244.1650,73.7003,4.82163,10.0
890,0,0,0,-8983.1100,-402.9580,71.2289,2.44832,0.0
890,0,0,0,-8877.7000,13.7454,93.7010,3.94909,0.0
893,0,0,0,-10314.2000,625.0390,26.6238,0.85461,0.0
894,0,0,0,-9858.4600,365.9720,36.3371,1.81514,0.0
895,0,0,0,-6091.7900,365.1410,395.6230,2.33874,0.0
896,0,0,0,-9649.7200,661.4170,38.7355,5.02655,0.0
906,0,0,0,-9472.8000,-5.3266,49.8778,5.55015,0.0
911,0,0,0,-8918.3600,-208.4110,82.3088,6.05629,0.0
912,0,0,0,-6084.7700,382.1410,395.6260,3.45575,0.0
913,0,0,0,-9461.8500,109.3530,57.8784,2.65290,0.0
915,0,0,0,-8863.4700,-210.9050,80.7550,4.41568,0.0
916,0,0,0,-6093.7500,404.9180,395.6200,4.52040,0.0
917,0,0,0,-9465.7900,12.6454,63.9038,1.09956,0.0
925,0,0,0,-8914.5700,-215.0160,82.2996,1.20428,0.0
926,0,0,0,-6120.6800,382.0890,395.6260,6.16101,0.0
927,0,0,0,-9468.1400,108.9760,57.6606,1.79769,0.0
944,0,0,0,-6056.0900,388.1750,392.9440,3.33358,0.0
945,0,0,0,-6101.1000,390.5690,395.6260,2.35619,0.0
946,0,0,0,-6606.9500,388.9250,390.2020,0.08727,0.0
946,0,0,0,-6588.0300,374.2930,389.9470,3.85162,5.0
946,0,0,0,-6581.8600,319.8050,386.8690,5.19229,0.0
946,0,0,0,-6542.2500,371.4450,396.8150,4.03171,0.0
946,0,0,0,-6538.6200,354.9850,371.8760,5.21853,0.0
946,0,0,0,-6532.1900,304.5890,382.6210,3.77789,0.0
946,0,0,0,-6512.5400,313.1340,373.0420,5.95282,5.0
946,0,0,0,-6488.6300,301.0390,371.5580,0.88026,5.0
954,0,0,0,-5666.8500,-4273.6200,407.8430,5.77704,0.0
955,0,0,0,-9633.7900,699.4890,38.7355,5.82940,0.0
959,0,0,0,-9548.4500,-709.9830,90.5103,3.63029,0.0
963,0,0,0,-9662.7500,694.3210,36.9357,3.28122,0.0
1001,0,0,0,-10912.0000,-388.0000,40.6320,0.81200,0.0
1007,0,0,0,-4240.8200,-2702.6600,44.1965,4.18837,3.0
1007,0,0,0,-4225.7500,-2671.0400,41.6694,0.02191,0.0
1007,0,0,0,-4225.2400,-2692.6100,41.3766,0.08727,0.0
1007,0,0,0,-4221.5800,-2701.8800,41.2771,2.14120,10.0
1007,0,0,0,-4220.1000,-2686.8000,41.3762,4.69494,0.0
1007,0,0,0,-4216.0700,-2735.7900,37.9881,2.36172,10.0
1007,0,0,0,-4215.0400,-2683.8800,41.2623,3.22886,0.0
1007,0,0,0,-4214.1600,-2979.4600,11.7640,6.22145,0.0
1007,0,0,0,-4204.1400,-2707.9200,41.2948,6.23044,10.0
1007,0,0,0,-4194.8700,-2871.5500,41.7636,6.18976,0.0
1007,0,0,0,-4189.9100,-2681.8400,40.2867,6.24746,10.0
1007,0,0,0,-4180.0300,-2638.2000,50.7976,0.36129,10.0
1007,0,0,0,-4162.6600,-2921.0000,11.9572,3.08228,10.0
1007,0,0,0,-4162.2800,-2944.5900,12.7057,1.53543,10.0
1007,0,0,0,-4152.6800,-2977.3400,12.7964,5.34055,10.0
1007,0,0,0,-4138.9600,-2921.7300,12.9417,4.71629,10.0
1007,0,0,0,-4132.5200,-2958.8700,12.8659,2.41405,10.0
1007,0,0,0,-4129.0000,-2948.9800,12.0394,3.02874,10.0
1007,0,0,0,-4117.0700,-2882.7400,12.0424,1.37532,5.0
1007,0,0,0,-4079.7500,-3146.8400,10.8422,5.06359,5.0
1007,0,0,0,-4073.0800,-2976.3300,12.0071,0.53941,10.0
1007,0,0,0,-4072.1900,-2990.7100,11.7917,1.98968,0.0
1007,0,0,0,-4052.4500,-2982.5900,11.7729,0.59341,0.0
1007,0,0,0,-4052.0800,-3002.0800,13.2592,1.30840,10.0
1007,0,0,0,-4049.5200,-2969.0800,12.8979,0.57369,10.0
1007,0,0,0,-3988.2200,-2935.2900,11.8705,1.81235,10.0
1007,0,0,0,-3913.6600,-3045.4700,11.7577,2.89560,5.0
1007,0,0,0,-3906.3800,-3032.6600,11.0875,0.57053,5.0
1007,0,0,0,-3904.0100,-2892.1300,9.9947,4.77688,0.0
1007,0,0,0,-3895.2600,-3046.4300,11.9087,1.83576,5.0
1007,0,0,0,-3869.7600,-3041.1000,12.9087,0.55678,5.0
1007,0,0,0,-3868.2300,-3026.9800,12.6053,0.08748,5.0
1024,0,0,0,-3314.2600,-914.7910,2.9081,3.87586,10.0
1024,0,0,0,-3306.9300,-948.1410,9.1608,1.31119,10.0
1024,0,0,0,-3284.9400,-977.3690,9.7751,0.69261,10.0
1024,0,0,0,-3283.6600,-880.3410,-11.4841,4.83463,10.0
1024,0,0,0,-3282.0600,-1245.2900,9.4277,5.71129,10.0
1024,0,0,0,-3281.9800,-936.9320,8.5251,2.63218,0.0
1024,0,0,0,-3280.7700,-1173.3500,9.1171,0.79378,10.0
1024,0,0,0,-3273.9800,-1124.9400,9.7177,3.61203,10.0
1024,0,0,0,-3272.2600,-1040.9700,9.4360,4.67329,10.0
1024,0,0,0,-3270.4400,-968.2830,6.4001,2.92490,10.0
1024,0,0,0,-3257.9300,-1159.5500,9.2869,3.16613,10.0
1024,0,0,0,-3251.7800,-1209.4200,9.3090,1.67665,10.0
1024,0,0,0,-3248.2900,-1090.1100,6.6371,6.18981,10.0
1024,0,0,0,-3247.9300,-947.5640,9.9001,3.77443,10.0
1024,0,0,0,-3246.6000,-842.0200,-15.1982,0.16173,10.0
1024,0,0,0,-3245.8300,-1020.8300,8.6501,0.17887,10.0
1024,0,0,0,-3244.2900,-906.8290,4.4895,3.83709,10.0
1024,0,0,0,-3238.5700,-1005.4200,5.5960,1.24559,10.0
1024,0,0,0,-3224.3800,-894.4870,-5.9277,4.10566,10.0
1024,0,0,0,-3221.4000,-1022.7600,7.7751,0.62985,0.0
1024,0,0,0,-3221.0500,-1035.1300,6.0405,2.28184,10.0
1024,0,0,0,-3215.1600,-1012.3500,9.7751,5.49631,0.0
1024,0,0,0,-3213.0600,-1177.9800,6.2125,0.24726,10.0
1024,0,0,0,-3212.5600,-1027.5500,8.6413,2.22694,0.0
1024,0,0,0,-3203.4300,-1153.6800,6.5875,0.52666,10.0
1030,0,0,0,-4327.6300,-2734.7800,61.3204,4.65657,5.0
1030,0,0,0,-4324.8500,-2943.6000,17.0758,5.48369,3.0
1030,0,0,0,-4313.6200,-2638.0500,81.4410,3.33439,5.0
1030,0,0,0,-4312.4000,-2945.1900,14.9610,1.73177,10.0
1030,0,0,0,-4283.1500,-2896.2000,19.1584,2.55206,3.0
1030,0,0,0,-4184.3800,-2776.0400,29.5681,5.64129,0.0
1030,0,0,0,-4169.9400,-2735.1800,28.8890,3.77571,10.0
1030,0,0,0,-4165.9100,-2834.2600,42.6474,5.07201,5.0
1030,0,0,0,-4158.8400,-2674.8300,37.2243,2.99902,10.0
1030,0,0,0,-4144.3700,-2624.2600,50.1289,0.20169,10.0
1030,0,0,0,-4100.4800,-2834.3500,13.5845,3.90490,10.0
1030,0,0,0,-4055.2600,-2847.8300,12.2057,2.66796,10.0
1030,0,0,0,-3986.1100,-2716.7200,28.5321,4.73406,10.0
1030,0,0,0,-3982.6400,-2649.2800,37.4823,1.34909,10.0
1030,0,0,0,-3963.8700,-2755.2500,23.6306,6.07659,10.0
1030,0,0,0,-3956.5500,-2862.2800,13.4987,1.61578,10.0
1030,0,0,0,-3950.2200,-2935.8600,12.1557,2.94078,10.0
1030,0,0,0,-3886.7000,-2679.0200,32.9005,2.78516,10.0
1030,0,0,0,-3844.8500,-3092.8400,11.7315,4.79353,5.0
1030,0,0,0,-3840.2700,-3127.9200,12.4003,2.21186,5.0
1030,0,0,0,-3836.1900,-3136.4800,15.8488,6.17280,5.0
1030,0,0,0,-3760.4600,-3094.1100,12.6452,4.07156,5.0
1030,0,0,0,-3654.7900,-2661.6000,36.1910,6.20701,5.0
1030,0,0,0,-3536.0000,-2595.3900,30.9806,6.06275,5.0
1039,0,0,0,-4077.4000,-2907.0700,5.1963,1.84254,10.0
1039,0,0,0,-3950.0700,-3026.5300,6.5022,3.77425,10.0
1039,0,0,0,-3851.6900,-2874.9800,4.6077,3.35010,10.0
1039,0,0,0,-3787.2600,-2968.6800,6.8692,3.32240,10.0
1039,0,0,0,-3713.0300,-2871.6800,5.6230,1.16924,10.0
1039,0,0,0,-3547.1100,-2877.8900,5.0017,2.61466,10.0
1039,0,0,0,-3481.1100,-1205.2400,6.6653,1.60967,10.0
1039,0,0,0,-3462.2900,-1054.2400,7.6251,6.12626,10.0
1039,0,0,0,-3435.6000,-1131.5100,5.1357,3.17316,10.0
1039,0,0,0,-3395.4400,-1260.9200,6.5987,0.31746,10.0
1039,0,0,0,-3391.3900,-1330.3200,3.0113,3.43062,10.0
1039,0,0,0,-3307.7700,-1236.4400,6.4356,4.85986,10.0
1039,0,0,0,-3304.9500,-1098.6600,6.4201,2.09548,10.0
1039,0,0,0,-3287.8500,-1076.3200,7.0430,2.45717,10.0
1039,0,0,0,-2922.3700,-1607.6100,1.2473,4.74168,10.0
1039,0,0,0,-2901.1900,-1713.8500,2.7758,0.24071,10.0
1039,0,0,0,-2760.6200,-1685.5200,4.1807,3.30247,10.0
1065,0,0,0,-9885.0100,1558.9400,44.0372,4.81711,0.0
1083,0,0,0,-9618.4200,-2653.3100,58.2906,2.17588,10.0
1083,0,0,0,-9610.9300,-2620.0300,57.0042,5.00870,5.0
1083,0,0,0,-9593.3200,-2659.8700,61.1731,3.29915,5.0
1083,0,0,0,-9590.0000,-2630.7200,60.7542,5.19776,5.0
1083,0,0,0,-9578.9000,-2676.8700,55.9830,4.73583,10.0
1083,0,0,0,-9575.5800,-2574.0500,54.0817,1.70354,5.0
1083,0,0,0,-9564.1500,-2607.2500,53.9951,6.11436,5.0
1083,0,0,0,-9533.8200,-2597.3700,52.3236,6.00936,5.0
1083,0,0,0,-9528.3200,-2651.4300,49.9202,4.59094,10.0
1098,0,0,0,-10776.7000,-975.5400,56.4000,1.91500,0.0
1099,0,0,0,-10777.7000,-975.9000,56.0900,1.91500,0.0
1100,0,0,0,-10775.7000,-975.1870,56.7200,1.91500,0.0
1101,0,0,0,-10778.6000,-976.1310,55.7300,1.91500,0.0
1104,0,0,0,-6104.5000,384.0300,395.6260,0.22689,0.0
1105,0,0,0,-5359.1400,-3020.8700,319.6650,4.06662,0.0
1109,0,0,0,-11011.7000,1723.3000,41.3657,6.00837,10.0
1109,0,0,0,-10990.2000,1623.0800,45.1017,4.46040,5.0
1109,0,0,0,-10988.2000,1600.1000,45.6427,5.37523,5.0
1109,0,0,0,-10976.4000,1610.5000,46.0335,1.98000,5.0
1109,0,0,0,-10962.3000,1625.8300,46.4382,3.24442,5.0
1109,0,0,0,-10958.9000,1603.6300,47.8132,1.78282,5.0
1109,0,0,0,-10939.1000,1702.8300,40.4002,2.74350,10.0
1109,0,0,0,-10916.7000,1785.7400,58.8370,1.11807,5.0
1109,0,0,0,-10885.9000,1415.6000,44.7171,1.68500,5.0
1109,0,0,0,-10881.8000,1412.6500,44.8244,4.65375,5.0
1109,0,0,0,-10854.2000,1651.0900,43.4023,6.11047,10.0
1109,0,0,0,-10852.8000,1248.9500,33.0545,3.60209,10.0
1109,0,0,0,-10848.6000,1629.1600,46.7968,4.76513,10.0
1109,0,0,0,-10843.2000,1258.9000,33.0545,2.71771,10.0
1109,0,0,0,-10821.9000,1066.9200,38.2393,4.04780,10.0
1109,0,0,0,-10792.2000,1584.0700,42.8623,3.13280,10.0
1109,0,0,0,-10781.4000,1612.1000,40.8662,1.63529,10.0
1109,0,0,0,-10780.6000,1250.4700,33.2460,0.03123,10.0
1109,0,0,0,-10778.9000,1185.3200,47.4174,0.05084,10.0
1109,0,0,0,-10714.9000,1286.6400,50.2501,4.79845,5.0
1109,0,0,0,-10679.3000,1321.4900,38.4965,0.89199,10.0
1109,0,0,0,-10653.2000,1451.5700,46.6992,3.51901,5.0
1109,0,0,0,-10596.4000,1375.3900,41.7846,3.82867,10.0
1109,0,0,0,-10585.1000,1310.8300,39.6822,1.64704,5.0
1109,0,0,0,-10584.8000,1520.3600,48.0619,4.65762,5.0
1109,0,0,0,-10545.3000,1503.8500,64.0289,1.30806,5.0
1109,0,0,0,-10489.1000,923.3300,37.9113,2.34998,5.0
1109,0,0,0,-10482.0000,1492.0800,57.5354,1.54346,5.0
1109,0,0,0,-10477.2000,877.0860,41.6715,2.44167,5.0
1109,0,0,0,-10459.7000,1410.8800,53.7530,0.32422,5.0
1109,0,0,0,-10421.9000,1491.0800,51.9053,4.84171,5.0
1109,0,0,0,-10418.1000,892.8580,44.4690,5.13730,5.0
1109,0,0,0,-10401.1000,1619.2600,39.4349,6.15883,5.0
1109,0,0,0,-10381.0000,1640.8500,34.7321,2.65261,5.0
1109,0,0,0,-10381.0000,1478.8900,40.2725,5.19066,5.0
1109,0,0,0,-10361.4000,1774.8400,35.8187,5.04464,5.0
1109,0,0,0,-10329.1000,1628.6700,38.5157,5.57244,5.0
1109,0,0,0,-10315.2000,1850.4700,36.4893,0.03612,5.0
1109,0,0,0,-10314.1000,1551.7000,42.6229,1.53744,5.0
1109,0,0,0,-10298.0000,1635.3000,44.6783,2.02358,5.0
1109,0,0,0,-10293.3000,1969.1200,35.0587,1.71974,10.0
1109,0,0,0,-10287.6000,1750.9500,35.5980,3.07199,10.0
1109,0,0,0,-10259.5000,1858.6700,36.5242,5.28105,10.0
1109,0,0,0,-10206.0000,1679.1200,34.1769,4.25093,5.0
1109,0,0,0,-10083.3000,1644.9100,44.8209,5.13101,5.0
1109,0,0,0,-9984.2400,1649.6100,38.8085,4.18235,10.0
1109,0,0,0,-9981.2300,1226.2500,42.0095,3.47097,10.0
1109,0,0,0,-9960.7400,1621.8700,40.0652,0.01367,10.0
1115,0,0,0,-5871.3800,-1544.1000,372.5560,5.33421,5.0
1115,0,0,0,-5864.8700,-1543.3200,373.0950,5.84685,0.0
1115,0,0,0,-5853.0100,-1524.7400,358.8550,4.16579,5.0
1115,0,0,0,-5840.6400,-1590.0200,362.1810,0.90757,0.0
1115,0,0,0,-5837.9300,-1580.9600,362.3620,1.58825,0.0
1115,0,0,0,-5837.5400,-1502.0300,358.8890,4.71078,5.0
1115,0,0,0,-5836.3200,-1515.0900,358.7640,3.50373,5.0
1115,0,0,0,-5830.9400,-1524.5800,358.2520,1.96921,5.0
1115,0,0,0,-5825.8500,-1547.0900,358.6110,2.26772,5.0
1115,0,0,0,-5825.7100,-1593.6100,361.9230,4.62512,0.0
1115,0,0,0,-5823.9200,-1662.0500,359.2680,4.70249,5.0
1115,0,0,0,-5810.3000,-1670.7000,359.0360,3.50126,5.0
1115,0,0,0,-5808.0300,-1623.1900,359.4920,5.31177,5.0
1115,0,0,0,-5800.4100,-1506.6500,364.1980,5.30201,5.0
1115,0,0,0,-5797.3700,-1669.8600,358.9140,2.86381,5.0
1115,0,0,0,-5793.4200,-1670.5500,359.1790,2.48533,5.0
1115,0,0,0,-5791.9200,-1615.9600,359.7640,2.89076,5.0
1115,0,0,0,-5789.7000,-1636.1200,358.9030,4.38967,5.0
1115,0,0,0,-5783.9800,-1577.9600,358.7130,4.35691,5.0
1115,0,0,0,-5776.4900,-1643.5100,359.2890,4.16765,5.0
1115,0,0,0,-5753.3400,-1660.3400,358.9050,4.69197,5.0
1115,0,0,0,-5752.6500,-1669.7600,358.8960,3.24736,5.0
1115,0,0,0,-5751.1000,-1628.3400,359.0280,2.84489,0.0
1115,0,0,0,-5715.1900,-1692.1800,362.8810,4.07007,5.0
1115,0,0,0,-5692.5800,-1703.7200,361.1360,2.53234,5.0
1115,0,0,0,-5690.6600,-1694.3300,360.8950,3.90543,5.0
1115,0,0,0,-5648.3800,-1685.1400,360.8950,5.26947,5.0
1115,0,0,0,-5646.8300,-1701.7900,362.1650,4.73613,5.0
1115,0,0,0,-5632.7300,-1768.0900,355.8310,1.12803,0.0
1115,0,0,0,-5627.6700,-1804.3200,355.7800,0.06281,5.0
1115,0,0,0,-5626.0500,-1661.1300,363.3730,5.37437,5.0
1115,0,0,0,-5608.3700,-1648.1200,353.6010,2.69495,5.0
1115,0,0,0,-5607.1200,-1788.2000,355.5410,5.75598,5.0
1115,0,0,0,-5602.7300,-1680.4200,349.8590,5.85812,5.0
1115,0,0,0,-5597.8700,-1774.7400,356.9360,4.95012,5.0
1115,0,0,0,-5592.5100,-1751.8800,372.7380,2.92985,5.0
1115,0,0,0,-5585.1100,-1804.6900,355.2850,3.14114,5.0
1115,0,0,0,-5579.9200,-1776.0900,352.2920,0.01628,5.0
1115,0,0,0,-5578.4400,-1723.5600,353.3180,5.24457,0.0
1115,0,0,0,-5571.6200,-1714.0400,370.4220,3.54512,5.0
1115,0,0,0,-5569.9500,-1721.1800,370.2280,2.70540,5.0
1115,0,0,0,-5551.5400,-1765.8300,343.2500,6.24937,5.0
1115,0,0,0,-5551.1200,-1756.3500,341.5390,1.12152,5.0
1115,0,0,0,-5537.6700,-1703.3300,343.8640,4.64766,5.0
1115,0,0,0,-5528.1900,-1718.8700,341.2950,0.12662,5.0
1116,0,0,0,-5840.4300,-2002.6200,401.3550,3.57828,0.0
1116,0,0,0,-5806.3400,-1928.8000,406.3350,2.54585,5.0
1116,0,0,0,-5790.9200,-2000.7300,401.5870,3.71864,5.0
1116,0,0,0,-5772.2200,-1923.7500,402.3850,2.00648,0.0
1116,0,0,0,-5736.7600,-1888.8100,400.1590,6.08237,0.0
1116,0,0,0,-5729.9500,-1878.7600,399.7000,0.15708,0.0
1116,0,0,0,-5721.6900,-1865.0400,399.7240,4.87633,0.0
1116,0,0,0,-5710.7200,-1774.1000,400.0330,2.49333,5.0
1116,0,0,0,-5685.4100,-1813.3400,400.5990,3.89437,5.0
1116,0,0,0,-5683.6100,-1748.7800,400.0950,5.42992,5.0
1116,0,0,0,-5659.7100,-1710.9100,399.9620,4.51634,5.0
1116,0,0,0,-5645.2500,-1772.5500,399.8330,4.29514,5.0
1116,0,0,0,-5626.7000,-1692.2100,399.7480,0.44182,5.0
1116,0,0,0,-5619.7600,-1684.5600,400.1360,0.08583,5.0
1116,0,0,0,-5610.7100,-1818.9900,400.6420,0.52955,5.0
1116,0,0,0,-5594.5800,-1662.5600,397.5910,4.80920,5.0
1116,0,0,0,-5568.5400,-1838.7300,400.3180,1.66752,5.0
1116,0,0,0,-5561.7800,-1813.4900,399.6770,0.53446,5.0
1117,0,0,0,-5906.3700,-1925.9700,405.0070,0.82273,0.0
1117,0,0,0,-5874.9600,-1991.9900,401.2410,4.14338,0.0
1117,0,0,0,-5857.0300,-1949.1100,407.8850,5.67617,0.0
1117,0,0,0,-5851.4400,-2061.2300,400.7410,1.58664,0.0
1117,0,0,0,-5833.3200,-2046.2800,401.9260,4.75081,5.0
1117,0,0,0,-5812.9100,-2039.5200,400.7840,0.54929,5.0
1117,0,0,0,-5806.6300,-2080.2900,401.5730,1.49599,0.0
1117,0,0,0,-5783.0300,-2125.9400,401.7230,4.38447,5.0
1117,0,0,0,-5736.6300,-1678.3000,361.5650,4.42851,5.0
1117,0,0,0,-5725.3800,-1876.1800,399.7000,3.57792,0.0
1117,0,0,0,-5720.9600,-1890.7200,400.7000,4.01414,0.0
1117,0,0,0,-5713.4400,-1875.0000,400.3250,2.63997,0.0
1117,0,0,0,-5703.2300,-1703.6400,361.7660,3.73503,5.0
1117,0,0,0,-5692.8100,-1675.1100,360.8950,2.57533,5.0
1117,0,0,0,-5686.1500,-2119.5700,400.6100,3.81152,5.0
1117,0,0,0,-5670.1600,-1676.5300,360.8680,0.13985,5.0
1117,0,0,0,-5670.0300,-1693.0300,360.8950,6.20073,5.0
1117,0,0,0,-5668.6200,-2120.0800,401.2430,4.38078,0.0
1117,0,0,0,-5654.8100,-1790.3600,356.1360,3.98252,5.0
1117,0,0,0,-5649.8300,-2120.5900,400.5710,6.27184,5.0
1117,0,0,0,-5627.3800,-1692.4600,399.6120,3.53051,0.0
1117,0,0,0,-5627.1500,-1681.1300,362.2660,5.43280,5.0
1117,0,0,0,-5626.2000,-1665.7600,362.8600,4.96285,5.0
1117,0,0,0,-5614.0500,-1763.9700,356.6900,4.49675,5.0
1117,0,0,0,-5607.6600,-1701.9200,357.7490,5.23663,0.0
1117,0,0,0,-5607.0300,-1656.1500,351.8600,2.17568,5.0
1117,0,0,0,-5604.1000,-1674.6900,350.2460,6.27449,5.0
1117,0,0,0,-5596.3000,-1734.1700,362.3380,3.05810,5.0
1117,0,0,0,-5596.2000,-1683.5200,347.3770,6.25858,5.0
1117,0,0,0,-5594.8200,-1667.6600,345.3700,4.91682,5.0
1117,0,0,0,-5590.8600,-1663.1000,344.3950,5.33137,5.0
1117,0,0,0,-5589.6600,-1743.1900,371.9800,2.12525,5.0
1117,0,0,0,-5589.5300,-1788.2000,360.3820,5.09102,5.0
1117,0,0,0,-5589.5200,-1730.6500,363.6120,1.22932,0.0
1117,0,0,0,-5569.3100,-1765.9600,346.3690,3.44248,5.0
1117,0,0,0,-5565.8700,-1771.2300,347.1790,1.87752,5.0
1117,0,0,0,-5560.4700,-1728.7800,342.9300,3.34893,5.0
1117,0,0,0,-5542.1800,-1751.7200,340.6900,5.97301,5.0
1117,0,0,0,-5536.4100,-1741.2600,339.6800,5.88313,5.0
1117,0,0,0,-5529.6200,-1723.6300,340.5480,1.45178,5.0
1117,0,0,0,-5527.8300,-1739.7700,338.2770,1.21334,5.0
1117,0,0,0,-5516.7200,-1745.3500,337.0380,5.96219,5.0
1118,0,0,0,-5773.7700,-2108.0500,400.6330,5.89879,5.0
1118,0,0,0,-5751.7400,-2163.4700,400.6820,0.06981,0.0
1118,0,0,0,-5704.8500,-2113.4100,400.8590,4.01139,5.0
1118,0,0,0,-5672.9800,-2106.0000,400.6150,0.98168,5.0
1118,0,0,0,-5663.1100,-2120.3000,400.9780,2.14675,0.0
1118,0,0,0,-5653.5400,-2107.2600,400.9460,4.81279,5.0
1119,0,0,0,-5561.0000,-1717.0000,372.2980,3.15900,0.0
1120,0,0,0,-5612.4000,528.9350,386.8060,2.39576,5.0
1120,0,0,0,-5588.7400,487.2300,385.0060,2.93619,5.0
1120,0,0,0,-5568.1200,517.6030,381.6750,4.10152,0.0
1120,0,0,0,-5565.5500,487.3680,382.8040,3.12868,5.0
1120,0,0,0,-5561.0400,518.5390,382.0110,4.22370,0.0
1120,0,0,0,-5554.3700,553.2910,393.0400,1.02446,5.0
1120,0,0,0,-5515.9300,513.0920,387.9360,5.58070,5.0
1121,0,0,0,-5666.2300,675.9580,386.4440,5.14592,0.0
1121,0,0,0,-5585.9600,552.7110,388.1790,2.77985,5.0
1121,0,0,0,-5584.6200,662.3000,395.0540,1.38940,5.0
1121,0,0,0,-5565.6000,637.5620,398.9120,0.50520,5.0
1121,0,0,0,-5563.0400,513.0060,381.8860,1.25664,0.0
1121,0,0,0,-5546.0300,738.8200,385.3220,2.41982,0.0
1121,0,0,0,-5538.9300,517.2030,387.3640,0.78823,5.0
1121,0,0,0,-5533.7100,688.1330,397.0710,5.01868,5.0
1121,0,0,0,-5521.1900,551.9010,391.7150,2.06328,5.0
1121,0,0,0,-5328.0400,-230.4910,440.9650,2.89725,0.0
1121,0,0,0,-5080.0700,-244.7650,448.2790,1.41399,5.0
1121,0,0,0,-5053.2100,-261.4520,441.3920,3.70010,0.0
1121,0,0,0,-5032.4800,-118.3880,408.9160,2.15609,5.0
1121,0,0,0,-5030.0500,-204.6170,444.6770,2.47837,0.0
1121,0,0,0,-4631.9400,-848.4950,640.6720,0.79663,0.0
1122,0,0,0,-5681.9500,722.1360,386.8570,2.68466,0.0
1122,0,0,0,-5676.7800,658.3930,387.5890,6.25260,0.0
1122,0,0,0,-5675.0300,736.7440,387.5820,1.12994,0.0
1122,0,0,0,-5645.4500,646.8510,384.8050,1.83865,0.0
1122,0,0,0,-5636.0200,629.5300,386.3940,5.43691,5.0
1122,0,0,0,-5619.4700,748.5200,385.3610,3.91135,0.0
1122,0,0,0,-5615.6000,732.8650,388.5330,2.83086,0.0
1122,0,0,0,-5591.8800,624.3570,396.6030,1.01974,5.0
1122,0,0,0,-5585.3600,679.9370,385.0300,2.50185,5.0
1122,0,0,0,-5560.9500,719.3930,382.5930,3.30961,5.0
1122,0,0,0,-5539.6800,737.8170,385.8040,4.10152,0.0
1123,0,0,0,-5670.4200,687.5400,387.9240,5.92500,0.0
1123,0,0,0,-5665.7800,755.4860,389.6720,0.92693,0.0
1123,0,0,0,-5625.4300,624.8920,386.1220,2.06804,5.0
1123,0,0,0,-5590.9400,520.0520,383.3000,2.76605,5.0
1123,0,0,0,-5577.2500,700.4600,382.0310,3.12328,5.0
1123,0,0,0,-5572.3200,764.4850,383.7410,1.35039,0.0
1123,0,0,0,-5567.6400,521.8620,381.4250,4.93928,0.0
1123,0,0,0,-5566.4300,514.2200,381.8860,5.82940,0.0
1123,0,0,0,-5564.8800,648.6020,398.6240,5.66578,5.0
1123,0,0,0,-5550.1000,759.4760,384.2180,0.59338,0.0
1123,0,0,0,-5549.6000,590.5470,395.3290,4.84886,5.0
1123,0,0,0,-5549.3800,641.1510,399.1930,3.28741,5.0
1123,0,0,0,-5547.6200,660.9760,395.6870,5.40800,5.0
1123,0,0,0,-5547.5600,605.5610,396.1320,2.01467,5.0
1123,0,0,0,-5547.1400,546.3560,391.6210,4.53184,5.0
1123,0,0,0,-5522.8800,717.1840,391.9380,1.22618,5.0
1123,0,0,0,-5316.3500,-214.3600,440.9560,0.40184,5.0
1123,0,0,0,-5054.8900,-135.5580,428.4990,0.20944,0.0
1123,0,0,0,-4625.5000,-791.5420,643.8600,3.26985,0.0
1124,0,0,0,-5644.7000,677.7350,388.4770,0.72962,0.0
1124,0,0,0,-5635.8100,763.4150,387.7140,0.92263,0.0
1124,0,0,0,-5602.5300,656.6920,384.2340,2.71310,5.0
1124,0,0,0,-5595.8000,713.2360,382.3480,4.06796,5.0
1124,0,0,0,-5590.1500,736.6740,391.9100,2.67620,0.0
1124,0,0,0,-5556.3000,521.6640,382.5350,4.04916,0.0
1124,0,0,0,-5526.6000,700.0400,395.2390,1.58880,5.0
1124,0,0,0,-4627.8000,-791.8720,644.2710,0.13610,0.0
1125,0,0,0,-6104.4700,-163.9870,433.2570,1.83388,10.0
1125,0,0,0,-6095.8200,-274.2770,445.1730,3.57032,10.0
1125,0,0,0,-6081.6200,-382.5150,435.2410,0.03491,10.0
1125,0,0,0,-6070.3500,-285.9400,428.3200,1.49618,10.0
1125,0,0,0,-6054.2200,-330.7450,427.4260,2.57226,10.0
1125,0,0,0,-6042.8500,-447.6380,451.0310,0.45379,10.0
1125,0,0,0,-6038.1700,-331.1750,426.5900,3.50288,10.0
1125,0,0,0,-6031.3400,-402.1100,417.2830,2.30782,10.0
1125,0,0,0,-6025.4900,-284.1680,418.6230,3.33768,10.0
1125,0,0,0,-6024.0000,-475.2230,428.2570,4.41568,10.0
1125,0,0,0,-6022.7600,-417.7910,413.1570,5.74093,10.0
1125,0,0,0,-5997.3800,-99.8278,407.8100,1.02963,10.0
1125,0,0,0,-5994.2700,-468.6510,409.2050,0.52836,10.0
1125,0,0,0,-5988.8300,-135.6390,400.8190,4.44141,10.0
1125,0,0,0,-5983.2400,-433.1580,406.8530,4.51001,10.0
1125,0,0,0,-5980.0700,-544.9730,407.3240,3.14159,10.0
1125,0,0,0,-5979.8500,-431.6490,406.9780,5.09852,10.0
1125,0,0,0,-5972.7100,-473.7270,406.3570,1.39024,10.0
1125,0,0,0,-5951.9700,-378.8580,421.8290,0.50614,10.0
1125,0,0,0,-5946.8300,4.3742,371.4030,3.63692,10.0
1125,0,0,0,-5944.8800,-115.9870,394.3310,4.00974,10.0
1125,0,0,0,-5943.8500,5.2683,369.6620,5.01434,10.0
1125,0,0,0,-5941.1600,-595.1590,402.2890,5.27202,10.0
1125,0,0,0,-5928.7700,-478.3870,413.0700,2.38790,10.0
1125,0,0,0,-5917.6500,21.0367,366.7430,2.19400,10.0
1125,0,0,0,-5914.7100,-409.5120,426.0890,4.66003,10.0
1125,0,0,0,-5906.2500,-646.1460,401.7200,5.78538,10.0
1125,0,0,0,-5903.8600,-459.1320,413.9710,1.45928,10.0
1125,0,0,0,-5895.3200,-517.8560,398.9530,1.69806,10.0
1125,0,0,0,-5887.3700,-531.5230,398.3220,5.45992,10.0
1125,0,0,0,-5863.5500,-190.4460,357.9400,1.11327,10.0
1125,0,0,0,-5859.2500,-260.5210,360.6280,4.08073,10.0
1125,0,0,0,-5851.3600,-586.5390,397.3440,4.39186,10.0
1125,0,0,0,-5850.3100,-463.2240,411.1030,6.11854,10.0
1125,0,0,0,-5845.6400,-2.0410,357.5780,4.13459,10.0
1125,0,0,0,-5844.3900,-281.9160,359.9040,1.26990,10.0
1125,0,0,0,-5839.0700,-61.8035,361.8210,2.71723,10.0
1125,0,0,0,-5834.0500,78.9678,366.0630,0.16702,10.0
1125,0,0,0,-5831.4400,-127.5200,354.2370,0.53098,10.0
1125,0,0,0,-5830.3700,144.3110,402.5660,4.08407,10.0
1125,0,0,0,-5826.2700,-376.7160,376.3210,0.04099,10.0
1125,0,0,0,-5825.7800,-491.8510,406.5500,4.33227,10.0
1125,0,0,0,-5824.0600,-620.4410,398.2300,1.94695,10.0
1125,0,0,0,-5802.7000,-590.0520,398.8140,6.15850,10.0
1125,0,0,0,-5798.5700,-749.4750,399.4660,1.72192,10.0
1125,0,0,0,-5795.4500,92.3595,364.5580,0.29671,10.0
1125,0,0,0,-5791.1600,-226.2380,354.0170,2.64497,10.0
1125,0,0,0,-5778.5900,258.0340,378.7610,4.18747,10.0
1125,0,0,0,-5774.2100,-142.5990,354.1740,5.05266,10.0
1125,0,0,0,-5767.5700,-402.1100,365.7580,1.67552,10.0
1125,0,0,0,-5754.0100,106.9700,366.7000,4.08662,10.0
1125,0,0,0,-5752.2400,192.9710,369.9370,1.04720,10.0
1125,0,0,0,-5749.1200,-451.8560,387.6780,5.57795,10.0
1125,0,0,0,-5742.8300,-283.5560,358.2990,1.25090,10.0
1125,0,0,0,-5729.8400,-319.2580,363.8350,2.45861,10.0
1125,0,0,0,-5712.2900,-335.0720,365.3690,4.56620,10.0
1125,0,0,0,-5710.1300,-362.2060,365.2450,5.04837,10.0
1125,0,0,0,-5702.6600,-364.8390,365.4900,2.57471,10.0
1125,0,0,0,-5674.7300,-613.7530,402.7270,2.68781,10.0
1125,0,0,0,-5661.4300,322.3430,386.7530,3.04956,10.0
1125,0,0,0,-5639.2300,275.8060,389.7870,4.33619,10.0
1125,0,0,0,-5627.9500,-732.0750,429.8980,5.21532,10.0
1125,0,0,0,-5613.7100,-376.9390,399.3880,3.96922,10.0
1125,0,0,0,-5593.9900,-709.2860,415.5340,2.94688,10.0
1125,0,0,0,-5580.5900,-665.5950,407.0850,5.45638,10.0
1125,0,0,0,-5555.4300,-723.0270,409.7600,0.52360,10.0
1125,0,0,0,-5537.9900,-437.9380,404.1830,1.91448,10.0
1125,0,0,0,-5535.4800,-584.8770,407.4130,4.65724,10.0
1125,0,0,0,-5534.4300,-632.6490,407.7580,5.67260,10.0
1125,0,0,0,-5529.5600,-626.3800,407.3790,5.00678,10.0
1125,0,0,0,-5526.6700,-448.9860,404.9680,0.41386,10.0
1125,0,0,0,-5517.9600,-436.1420,406.0660,4.33007,10.0
1125,0,0,0,-5488.2500,-566.6290,400.1020,1.97222,10.0
1126,0,0,0,-5975.7200,-525.3950,406.0540,3.68320,10.0
1126,0,0,0,-5932.7200,-632.6800,398.9030,2.19241,10.0
1126,0,0,0,-5846.9400,-686.6510,398.1310,5.52248,10.0
1126,0,0,0,-5796.1200,-635.8430,397.8100,2.39352,10.0
1126,0,0,0,-5740.6000,-582.4020,398.7500,0.81916,10.0
1126,0,0,0,-5738.4700,-563.3670,398.5590,3.67644,10.0
1126,0,0,0,-5703.7400,111.4350,385.0840,5.03116,10.0
1126,0,0,0,-5691.5500,-1141.7300,386.1580,4.96494,10.0
1126,0,0,0,-5687.6500,-1270.4100,389.8480,0.63781,10.0
1126,0,0,0,-5674.8900,-623.3610,402.4000,5.50576,10.0
1126,0,0,0,-5673.3300,47.0355,397.0990,4.93699,10.0
1126,0,0,0,-5657.3200,9.9878,406.7970,5.66974,10.0
1126,0,0,0,-5652.5500,-1089.8400,392.2600,0.28928,10.0
1126,0,0,0,-5646.8500,-1357.5800,397.1150,0.71627,10.0
1126,0,0,0,-5608.4000,-34.0437,415.5300,0.66773,10.0
1126,0,0,0,-5606.3500,-996.3700,393.5570,3.76481,10.0
1126,0,0,0,-5590.0100,12.8294,440.0700,4.69676,10.0
1126,0,0,0,-5586.6500,-684.3710,407.2540,1.86557,10.0
1126,0,0,0,-5555.9900,-75.3499,428.0560,2.85168,10.0
1126,0,0,0,-5553.3400,-19.0612,433.9100,1.10032,10.0
1126,0,0,0,-5550.9700,-76.1191,426.9310,3.03978,10.0
1126,0,0,0,-5529.0900,-1496.2400,405.5360,5.48154,10.0
1126,0,0,0,-5526.1400,-1416.2400,403.2150,5.79771,10.0
1126,0,0,0,-5474.2600,-101.8150,431.7920,1.43570,10.0
1126,0,0,0,-5456.8900,-126.0230,409.1160,1.79681,10.0
1126,0,0,0,-5446.4500,-950.9000,394.0870,5.15732,10.0
1126,0,0,0,-5444.4100,-963.8390,393.6880,1.08095,10.0
1126,0,0,0,-5431.1800,-585.7440,398.2150,4.34728,10.0
1126,0,0,0,-5428.3200,-566.7190,397.1340,2.09425,10.0
1126,0,0,0,-5426.0400,-227.7600,404.7300,4.42953,10.0
1126,0,0,0,-5420.5100,-566.0100,396.6070,0.55640,10.0
1126,0,0,0,-5417.0800,-146.9350,399.8310,6.08869,10.0
1126,0,0,0,-5411.4500,-96.9262,395.5620,3.42692,10.0
1126,0,0,0,-5365.4200,-423.5690,397.3070,5.67678,10.0
1126,0,0,0,-5365.2400,-425.3020,397.3760,1.81252,10.0
1126,0,0,0,-5296.7500,-678.9680,388.3550,5.41275,10.0
1126,0,0,0,-5247.8600,-427.9640,386.7910,1.56659,10.0
1126,0,0,0,-5245.9300,-431.7360,386.9770,5.30743,10.0
1126,0,0,0,-5242.6300,-416.9740,386.9500,5.07185,10.0
1126,0,0,0,-5175.0400,-249.3730,388.3780,0.65092,10.0
1126,0,0,0,-5125.4100,-340.7070,394.5950,4.80325,10.0
1126,0,0,0,-5003.2500,-340.1690,399.6430,4.55558,10.0
1126,0,0,0,-4879.7400,-228.0040,389.4120,0.36998,10.0
1126,0,0,0,-4852.1400,-360.3000,392.3690,4.05335,10.0
1127,0,0,0,-5900.2100,-1679.6600,406.7540,3.04581,0.0
1127,0,0,0,-5890.9600,-1874.8000,403.6640,1.53611,0.0
1127,0,0,0,-5879.3000,-1765.3000,409.3680,6.00033,0.0
1127,0,0,0,-5861.9400,-1343.6300,390.5630,5.41665,0.0
1127,0,0,0,-5855.3700,-1198.9200,384.4310,1.17796,0.0
1127,0,0,0,-5849.0800,-1131.8100,380.2840,2.68843,0.0
1127,0,0,0,-5848.4800,-983.5690,396.3550,5.31396,5.0
1127,0,0,0,-5837.8800,-1078.1800,386.8990,0.06449,0.0
1127,0,0,0,-5820.5300,-1304.5300,383.6930,4.03920,5.0
1127,0,0,0,-5813.9200,-944.5700,394.9910,5.58770,5.0
1127,0,0,0,-5810.2400,-1090.1200,383.5440,3.25953,0.0
1127,0,0,0,-5799.6600,-1150.1400,377.5550,1.97671,0.0
1127,0,0,0,-5793.7200,-1224.0400,377.2180,2.84014,5.0
1127,0,0,0,-5786.7700,-825.8520,397.7860,4.73582,0.0
1127,0,0,0,-5777.3600,-1104.8900,383.5240,3.59912,5.0
1127,0,0,0,-5761.0600,-931.8180,396.3360,1.37238,5.0
1127,0,0,0,-5760.8500,-934.4250,396.2190,0.16675,5.0
1127,0,0,0,-5756.7400,-2099.0800,401.1810,1.53347,5.0
1127,0,0,0,-5738.9000,-1217.0500,381.3570,2.75092,5.0
1127,0,0,0,-5737.6900,-1020.9100,397.5690,3.45202,0.0
1127,0,0,0,-5720.8200,-1289.8100,389.6740,3.64888,5.0
1127,0,0,0,-5707.9500,-939.3010,398.0560,4.14684,5.0
1127,0,0,0,-5702.8100,-1721.3800,399.5680,0.65796,5.0
1127,0,0,0,-5685.5600,490.9400,387.7070,0.05236,0.0
1127,0,0,0,-5660.9100,-922.0770,412.4270,4.24612,0.0
1127,0,0,0,-5659.9100,-989.5600,394.9870,4.53760,5.0
1127,0,0,0,-5648.1900,446.0780,383.5820,2.29020,0.0
1127,0,0,0,-5646.7700,-1192.9800,389.5120,5.64476,5.0
1127,0,0,0,-5628.5500,407.6060,382.5000,0.92502,0.0
1127,0,0,0,-5627.0600,-1455.4500,400.3220,5.50089,5.0
1127,0,0,0,-5608.1300,-1456.8200,399.2150,3.99394,5.0
1127,0,0,0,-5587.5800,-1817.5800,399.6140,4.75725,5.0
1127,0,0,0,-5583.6100,-1671.1800,396.9460,5.81925,5.0
1127,0,0,0,-5582.5300,317.7760,394.4610,4.73175,5.0
1127,0,0,0,-5580.6300,-55.8220,421.8660,4.31096,0.0
1127,0,0,0,-5575.2200,-1580.1700,398.1490,2.83219,5.0
1127,0,0,0,-5573.3900,-1519.0000,399.5410,3.43305,5.0
1127,0,0,0,-5570.2600,-1685.7200,396.6080,2.07599,5.0
1127,0,0,0,-5561.1400,-1065.5500,391.8770,0.23646,5.0
1127,0,0,0,-5532.7400,-1050.6000,392.1460,0.25896,5.0
1127,0,0,0,-5524.3400,-1631.5700,393.4570,1.10540,5.0
1127,0,0,0,-5520.8200,-1114.0000,398.6450,6.12445,0.0
1127,0,0,0,-5512.1000,226.2370,398.2160,1.72374,5.0
1127,0,0,0,-5508.3100,344.6820,394.1130,3.37271,0.0
1127,0,0,0,-5497.3800,-1487.9500,415.0750,5.07984,0.0
1127,0,0,0,-5480.3300,220.4440,397.3240,3.12414,0.0
1127,0,0,0,-5475.9000,-1812.2900,407.7710,3.81908,0.0
1127,0,0,0,-5459.8400,-1928.9000,404.0810,4.15527,0.0
1127,0,0,0,-5453.6700,151.2120,401.2040,3.03784,5.0
1127,0,0,0,-5432.2900,436.4590,386.5130,1.37330,0.0
1127,0,0,0,-5427.4600,-190.3970,404.2760,1.86750,0.0
1127,0,0,0,-5423.1600,214.6290,396.9490,4.37754,5.0
1127,0,0,0,-5400.7500,524.1910,387.2640,0.75502,5.0
1127,0,0,0,-5395.8200,-2148.1900,405.9320,5.23528,0.0
1127,0,0,0,-5385.7800,-60.9882,393.6260,3.61283,0.0
1127,0,0,0,-5378.8400,448.4100,385.7240,4.28846,5.0
1127,0,0,0,-5346.1400,509.4770,386.3390,0.70689,5.0
1127,0,0,0,-5331.4200,405.3540,389.6050,1.46608,0.0
1127,0,0,0,-5297.8200,-2128.8700,424.9170,5.16404,0.0
1127,0,0,0,-5286.9100,486.2850,384.2510,5.38031,5.0
1127,0,0,0,-5283.9400,-433.0780,392.8170,3.54134,0.0
1127,0,0,0,-5278.6000,421.6740,387.9730,3.91042,0.0
1127,0,0,0,-5274.8900,-429.9660,391.9420,3.54848,0.0
1127,0,0,0,-5270.9600,344.5580,396.2680,3.03590,0.0
1127,0,0,0,-5261.3600,-424.1440,390.2170,3.28122,0.0
1127,0,0,0,-5189.8300,363.9190,395.6530,1.48668,5.0
1127,0,0,0,-5167.7300,445.3660,394.3120,2.59486,5.0
1127,0,0,0,-5154.2300,-284.0000,396.6590,3.45575,0.0
1127,0,0,0,-5148.5300,240.4670,397.5440,2.03686,0.0
1127,0,0,0,-5137.5100,318.3380,396.5940,2.30383,0.0
1127,0,0,0,-5109.5800,170.1630,397.8470,2.40135,5.0
1127,0,0,0,-5103.7700,-45.8484,398.2870,3.18852,0.0
1127,0,0,0,-5085.2600,50.2602,396.8510,1.39934,0.0
1127,0,0,0,-5049.2300,274.4550,391.9580,3.16112,0.0
1127,0,0,0,-5046.9300,-38.5521,392.0650,1.88020,5.0
1127,0,0,0,-5046.7800,-2210.7000,400.7790,0.66997,5.0
1127,0,0,0,-5033.7500,122.4010,391.8660,3.66461,5.0
1127,0,0,0,-5024.4700,54.9933,393.7530,0.48425,0.0
1127,0,0,0,-5006.4800,207.1080,389.1010,0.25871,0.0
1127,0,0,0,-5004.6300,-19.6029,389.3740,2.06118,5.0
1127,0,0,0,-4993.1800,-142.2280,387.9330,3.16441,5.0
1127,0,0,0,-4928.9500,-373.6540,393.3120,3.20023,0.0
1127,0,0,0,-4910.4100,96.6889,389.1350,1.28656,0.0
1127,0,0,0,-4900.5100,-9.6183,389.6450,3.42085,0.0
1127,0,0,0,-4897.8400,134.4630,393.6560,5.27090,0.0
1127,0,0,0,-4879.7000,-170.7070,383.5010,0.06339,0.0
1127,0,0,0,-4862.2300,-269.9120,395.6210,2.14472,0.0
1127,0,0,0,-4849.5200,-344.1750,394.2120,6.18934,0.0
1128,0,0,0,-6070.1600,-261.2530,429.9580,5.52072,10.0
1128,0,0,0,-5911.3300,-111.3670,371.9340,3.11001,10.0
1128,0,0,0,-5882.7600,-102.2710,367.7090,1.36421,10.0
1128,0,0,0,-5876.7300,-251.7310,362.6620,1.47695,10.0
1128,0,0,0,-5875.1600,-161.1040,363.7070,0.65808,10.0
1128,0,0,0,-5873.7800,-191.2560,359.9760,1.23353,10.0
1128,0,0,0,-5864.0300,-120.8860,359.9710,2.94305,10.0
1128,0,0,0,-5846.9600,51.6326,357.6890,0.79177,10.0
1128,0,0,0,-5843.8700,-244.9070,360.4180,3.58777,10.0
1128,0,0,0,-5830.6200,105.7990,381.8170,0.54863,10.0
1128,0,0,0,-5816.0700,-149.0730,353.2750,4.30470,10.0
1128,0,0,0,-5812.7300,-341.2380,365.7350,4.42336,10.0
1128,0,0,0,-5788.5800,-441.9100,365.6580,4.69091,10.0
1128,0,0,0,-5785.4100,-427.8870,366.2190,4.43619,10.0
1128,0,0,0,-5777.0000,202.8620,372.1360,5.01902,10.0
1128,0,0,0,-5755.6700,287.2360,382.3870,1.70193,10.0
1128,0,0,0,-5717.3700,209.2050,368.3660,3.78001,10.0
1128,0,0,0,-5703.7500,306.1510,387.3530,4.70458,10.0
1128,0,0,0,-5691.4000,-401.7300,366.0180,0.63726,10.0
1128,0,0,0,-5689.5500,-416.3670,365.3130,2.00050,10.0
1128,0,0,0,-5581.0800,-352.1240,408.0710,0.15708,10.0
1128,0,0,0,-5576.9400,-687.4840,407.8880,4.95674,10.0
1128,0,0,0,-5551.7400,-619.5670,408.6650,5.79449,10.0
1128,0,0,0,-5550.0800,-376.2250,411.4620,2.63545,10.0
1128,0,0,0,-5523.8500,-408.8920,405.5030,5.27090,10.0
1128,0,0,0,-5516.1500,-566.6430,402.5590,4.46804,10.0
1128,0,0,0,-5514.7600,-567.6660,402.6260,5.64749,10.0
1128,0,0,0,-5497.3600,-433.3610,406.1670,0.05236,10.0
1128,0,0,0,-5446.8600,-378.3470,399.0870,5.51712,10.0
1128,0,0,0,-5384.2400,-319.0390,400.0420,2.35888,10.0
1128,0,0,0,-5350.6800,-351.5510,395.6940,2.63866,10.0
1128,0,0,0,-4310.0100,-1447.5400,400.7250,3.93681,19.0
1128,0,0,0,-4293.5500,-1431.1500,390.0880,2.15880,13.0
1129,0,0,0,-4300.3600,-1420.5300,391.4960,5.16617,0.0
1130,0,0,0,-5798.4500,-799.9140,397.5540,5.37870,30.0
1130,0,0,0,-5798.0000,-938.0000,393.7790,1.18700,30.0
1130,0,0,0,-5796.1900,-1279.6100,380.7130,0.02386,30.0
1130,0,0,0,-5795.5300,-1125.6400,380.1520,6.20730,30.0
1131,0,0,0,-5602.1200,-693.9800,412.8630,3.47629,10.0
1131,0,0,0,-5506.1300,-736.2070,405.4990,2.77848,10.0
1131,0,0,0,-5474.5800,-761.7710,397.9900,2.95685,10.0
1131,0,0,0,-5427.0700,-451.8920,398.0300,3.81908,10.0
1131,0,0,0,-5426.5200,-462.8280,397.0870,4.44134,10.0
1131,0,0,0,-5423.3000,-458.5340,397.2620,3.41024,10.0
1131,0,0,0,-5422.3100,-327.7330,401.3270,4.93884,10.0
1131,0,0,0,-5400.7500,-739.9030,395.8470,1.51392,10.0
1131,0,0,0,-5353.0600,-707.6120,394.2800,3.98970,10.0
1131,0,0,0,-5342.0400,-611.8030,390.8310,0.82806,10.0
1131,0,0,0,-5341.7500,-607.2190,391.0560,1.26963,10.0
1131,0,0,0,-5310.4100,135.7940,388.7030,2.69075,10.0
1131,0,0,0,-5308.9500,153.6370,390.5130,6.05101,10.0
1131,0,0,0,-5299.2300,-417.9840,395.1920,0.24941,10.0
1131,0,0,0,-5282.4800,128.2280,390.0830,4.23383,10.0
1131,0,0,0,-5267.8300,-408.2680,393.5100,2.18536,10.0
1131,0,0,0,-5265.8600,-448.0530,388.3260,3.20608,10.0
1131,0,0,0,-5263.8300,98.8485,391.3550,5.69508,10.0
1131,0,0,0,-5263.6200,129.3560,393.8410,1.82411,10.0
1131,0,0,0,-5260.8600,-442.6740,388.5670,0.56688,10.0
1131,0,0,0,-5250.0900,-418.4390,387.1040,1.36268,10.0
1131,0,0,0,-5236.7000,-410.5190,387.2460,2.47661,10.0
1131,0,0,0,-5233.8800,102.6480,392.5870,1.66699,10.0
1131,0,0,0,-5232.7000,129.0610,394.6180,2.00446,10.0
1131,0,0,0,-5223.9600,130.0970,392.7360,1.92953,10.0
1132,0,0,0,-5313.4800,152.1140,389.9350,5.56098,20.0
1132,0,0,0,-5274.4900,122.0440,392.2450,5.97410,20.0
1132,0,0,0,-5249.1400,117.0210,394.3040,5.33400,20.0
1133,0,0,0,-5251.3700,117.7460,394.2540,4.65202,5.0
1133,0,0,0,-5248.1800,119.4820,394.4440,5.12932,5.0
1134,0,0,0,-5682.0700,-290.4440,368.6360,3.74070,5.0
1134,0,0,0,-5676.7600,-272.4060,367.3980,0.09790,5.0
1134,0,0,0,-5670.8000,-312.5310,369.4780,5.49779,5.0
1134,0,0,0,-5669.4000,-256.3690,368.1620,3.04775,0.0
1134,0,0,0,-5496.1900,-127.4590,346.8270,6.16746,5.0
1135,0,0,0,-5651.3800,-262.8330,372.0830,3.75246,0.0
1135,0,0,0,-5639.5000,-289.0130,371.6600,2.89725,0.0
1135,0,0,0,-5628.9300,-275.6390,368.3260,3.69808,0.0
1135,0,0,0,-5608.6200,-262.5990,366.3410,3.87463,0.0
1135,0,0,0,-5603.9700,-275.0990,370.3660,5.43168,5.0
1135,0,0,0,-5584.6900,-281.1560,367.9600,1.36272,0.0
1135,0,0,0,-5580.6200,-301.2210,365.2490,3.57467,0.0
1135,0,0,0,-5566.9400,-265.5770,368.0670,4.37941,0.0
1135,0,0,0,-5554.5600,-235.9880,362.8970,0.51192,0.0
1135,0,0,0,-5532.2000,-296.3830,358.0850,6.05629,0.0
1135,0,0,0,-5519.1600,-317.7050,355.3890,5.04226,5.0
1135,0,0,0,-5516.4700,-303.5470,354.4830,4.29803,5.0
1135,0,0,0,-5512.9700,-221.8290,353.5580,1.08210,0.0
1135,0,0,0,-5505.8300,-343.9440,356.3900,1.41372,0.0
1135,0,0,0,-5497.6600,-229.6880,353.8310,2.24045,0.0
1135,0,0,0,-5493.7900,-282.6480,353.3950,0.49730,5.0
1135,0,0,0,-5493.4100,-214.9660,354.3530,5.35553,5.0
1135,0,0,0,-5492.3300,-329.9850,355.7660,1.89881,5.0
1135,0,0,0,-5492.1800,-300.1520,353.7710,5.05726,5.0
1135,0,0,0,-5481.8700,-323.9720,356.7270,3.21141,0.0
1135,0,0,0,-5479.2700,-121.1410,346.8270,2.51812,5.0
1135,0,0,0,-5475.8600,-152.6940,346.8270,3.28349,5.0
1135,0,0,0,-5471.0500,-277.0540,354.2150,2.05949,5.0
1135,0,0,0,-5465.9000,-265.8630,354.5310,4.63181,5.0
1135,0,0,0,-5465.7800,-112.5920,346.8270,4.32155,5.0
1135,0,0,0,-5464.7600,-246.7580,354.3530,2.74017,0.0
1135,0,0,0,-5456.8800,-139.2190,346.8270,6.04835,5.0
1135,0,0,0,-5445.7400,-180.8900,349.8390,6.03884,0.0
1135,0,0,0,-5443.6600,-153.3360,351.4770,3.65848,5.0
1135,0,0,0,-5442.8100,-273.5310,356.8160,5.70907,5.0
1135,0,0,0,-5432.3000,-134.6000,350.5570,4.36332,0.0
1135,0,0,0,-5428.1500,-164.4890,351.6420,3.56047,0.0
1135,0,0,0,-5425.7000,-223.1950,371.9360,1.86750,0.0
1135,0,0,0,-5419.4200,-267.9220,360.7710,4.83456,5.0
1135,0,0,0,-5416.6400,-193.3570,371.8910,0.54105,0.0
1135,0,0,0,-5415.0400,-301.5390,358.2990,5.98897,5.0
1135,0,0,0,-5408.2600,-192.6250,349.8310,3.96501,5.0
1135,0,0,0,-5401.7600,-128.1220,367.8790,5.28835,0.0
1135,0,0,0,-5396.7200,-269.9590,362.8080,0.56012,5.0
1135,0,0,0,-5390.0800,-278.3560,363.1740,3.24631,0.0
1135,0,0,0,-5387.5600,-261.7290,363.1800,2.31513,5.0
1135,0,0,0,-5366.7500,-231.1260,361.3370,3.95842,5.0
1135,0,0,0,-5361.5600,-259.3450,361.4300,2.96706,0.0
1137,0,0,0,-5499.8800,-276.7820,354.0340,5.03772,0.0
1137,0,0,0,-5436.0700,-117.8460,347.8340,4.10152,0.0
1138,0,0,0,-5430.0500,-392.4420,401.6040,3.64983,10.0
1138,0,0,0,-5422.6900,-394.9050,400.6500,4.16125,10.0
1138,0,0,0,-5409.0100,-448.1100,396.4350,6.03631,10.0
1138,0,0,0,-5403.9800,-328.5180,401.7130,5.63070,10.0
1138,0,0,0,-5397.9600,-330.8580,400.9870,1.35728,10.0
1138,0,0,0,-5393.2300,-441.2900,396.5990,5.17167,10.0
1138,0,0,0,-5393.1400,-447.5770,396.1140,5.21021,10.0
1138,0,0,0,-5392.7000,-460.9280,394.5070,0.76865,10.0
1138,0,0,0,-5390.2100,-454.2510,396.0550,3.18063,10.0
1138,0,0,0,-5387.2600,-450.4990,396.6380,3.00633,10.0
1138,0,0,0,-5378.2400,-724.4170,397.0460,0.22998,10.0
1138,0,0,0,-5366.2000,-725.7210,396.5050,3.16893,10.0
1138,0,0,0,-5363.1500,-382.7770,397.0500,5.65453,10.0
1138,0,0,0,-5338.5500,-647.2610,397.0500,2.45713,10.0
1139,0,0,0,-5305.5000,-2948.0400,334.2770,4.95674,0.0
1153,0,0,0,-5366.1900,-3021.6800,319.6650,2.46091,0.0
1154,0,0,0,-5621.8000,-4248.8800,408.0110,4.34587,0.0
1155,0,0,0,-5676.1100,-4253.5900,407.1930,5.82940,0.0
1156,0,0,0,-5667.4800,-4248.1700,407.1940,4.67748,0.0
1161,0,0,0,-5972.9700,-2864.0800,381.2220,0.89012,0.0
1161,0,0,0,-5958.1600,-2855.6200,376.9330,2.12064,5.0
1161,0,0,0,-5951.7000,-2879.5000,372.9990,6.09120,0.0
1161,0,0,0,-5946.9500,-2897.8600,368.5170,4.26987,10.0
1161,0,0,0,-5943.5700,-2877.7800,372.8920,2.57016,10.0
1161,0,0,0,-5920.1900,-2878.3600,369.6140,2.32422,10.0
1161,0,0,0,-5919.4700,-2914.0300,367.4760,2.92901,10.0
1161,0,0,0,-5907.1000,-2864.2500,372.4160,1.49091,0.0
1161,0,0,0,-5894.5300,-2860.8500,370.7280,4.54692,0.0
1161,0,0,0,-5880.3300,-2863.6100,366.1580,5.75959,0.0
1161,0,0,0,-5876.2500,-2840.5400,367.9710,5.77704,0.0
1161,0,0,0,-5873.5400,-2866.6300,366.8180,3.14159,0.0
1161,0,0,0,-5870.2200,-2847.2200,366.3090,5.77156,3.0
1161,0,0,0,-5855.0800,-2843.5900,365.5890,5.18363,0.0
1161,0,0,0,-5849.4200,-2844.5200,365.4690,4.11898,0.0
1161,0,0,0,-5847.8800,-2951.3000,357.5560,5.51138,10.0
1161,0,0,0,-5824.0800,-2825.9300,370.3310,5.35513,3.0
1161,0,0,0,-5821.9700,-2811.0600,374.5880,3.82227,0.0
1161,0,0,0,-5820.7600,-2957.2200,358.2420,3.44415,3.0
1161,0,0,0,-5818.7000,-2886.6200,364.7530,4.45050,10.0
1161,0,0,0,-5810.5600,-2965.8000,365.7150,1.53403,3.0
1161,0,0,0,-5810.4200,-2822.9200,373.9560,0.35476,3.0
1161,0,0,0,-5799.5800,-2952.0500,375.1230,2.58309,0.0
1161,0,0,0,-5796.4600,-2926.0900,363.8990,1.08210,0.0
1161,0,0,0,-5792.1400,-2907.8800,365.4130,6.04967,3.0
1161,0,0,0,-5784.1900,-2879.6100,363.9650,1.93018,10.0
1161,0,0,0,-5781.9200,-2916.9200,364.6630,2.12930,0.0
1161,0,0,0,-5779.9400,-2914.0100,364.9130,2.79253,0.0
1161,0,0,0,-5775.2800,-2905.8200,364.2880,0.01098,0.0
1161,0,0,0,-5537.4800,-2743.6100,367.4360,1.42361,3.0
1161,0,0,0,-5527.6400,-2737.9800,366.4150,5.37652,3.0
1161,0,0,0,-5484.6200,-2742.0600,364.4170,5.20924,3.0
1161,0,0,0,-5440.4900,-2712.8200,366.3580,6.15135,10.0
1161,0,0,0,-5410.7700,-2747.3000,368.5540,4.94747,3.0
1161,0,0,0,-5410.3600,-2726.7600,376.2390,3.07912,5.0
1161,0,0,0,-5389.6300,-2715.0800,364.5870,5.68282,0.0
1161,0,0,0,-5389.1900,-2726.9000,363.2120,3.85094,3.0
1161,0,0,0,-5386.9200,-2775.2200,366.9280,1.28981,10.0
1161,0,0,0,-5378.0500,-2718.7000,362.5870,4.70866,3.0
1161,0,0,0,-5346.4800,-2742.6400,359.1950,1.41785,5.0
1162,0,0,0,-5975.7100,-2858.9900,380.8060,0.20944,0.0
1162,0,0,0,-5974.4900,-2842.6400,384.0830,1.76001,5.0
1162,0,0,0,-5959.9800,-2896.3600,370.8270,0.54105,0.0
1162,0,0,0,-5957.1000,-2892.1800,370.7620,5.30580,0.0
1162,0,0,0,-5900.0200,-2950.9000,368.0930,0.24955,5.0
1162,0,0,0,-5897.7200,-2867.9800,369.1900,1.07650,0.0
1162,0,0,0,-5895.5300,-2962.3900,367.9110,1.71042,0.0
1162,0,0,0,-5890.9700,-2958.0100,367.0850,2.28638,0.0
1162,0,0,0,-5889.0000,-2945.3400,366.1670,1.19990,5.0
1162,0,0,0,-5883.6200,-2912.2500,366.9120,1.76350,5.0
1162,0,0,0,-5871.4300,-2836.2900,368.0870,5.46288,0.0
1162,0,0,0,-5865.9100,-2876.3300,366.9540,3.14902,10.0
1162,0,0,0,-5856.7400,-2856.8400,366.5490,3.81512,3.0
1162,0,0,0,-5856.1900,-2872.6500,365.8290,1.94575,10.0
1162,0,0,0,-5852.7100,-2916.3600,364.0140,3.88566,10.0
1162,0,0,0,-5828.3000,-2809.3300,374.8670,5.56760,0.0
1162,0,0,0,-5809.1300,-2924.1100,363.7540,1.98632,10.0
1162,0,0,0,-5807.2900,-2849.2200,365.7680,2.98941,10.0
1162,0,0,0,-5794.3500,-2970.6100,374.7730,2.70526,0.0
1162,0,0,0,-5793.3500,-2966.4600,374.3440,3.40339,0.0
1162,0,0,0,-5789.9500,-2927.4300,363.7880,1.69297,0.0
1162,0,0,0,-5579.5000,-2778.0300,369.3160,4.26797,3.0
1162,0,0,0,-5550.5000,-2754.5900,365.4360,3.13573,3.0
1162,0,0,0,-5543.7600,-2730.5100,366.7960,2.61957,0.0
1162,0,0,0,-5542.1200,-2721.1500,366.8980,5.44543,0.0
1162,0,0,0,-5531.2200,-2725.8400,366.8410,4.44703,0.0
1162,0,0,0,-5516.6400,-2749.1800,363.0240,0.25045,3.0
1162,0,0,0,-5395.7400,-2713.9000,365.8800,0.00000,0.0
1162,0,0,0,-5389.6400,-2708.8400,365.9620,5.04400,0.0
1162,0,0,0,-5381.8500,-2706.1500,366.0870,3.88085,3.0
1162,0,0,0,-5380.6600,-2759.5900,366.4090,5.07368,10.0
1163,0,0,0,-6140.5200,-2897.4900,403.4970,2.41297,2.0
1163,0,0,0,-6119.8100,-2956.3900,397.4160,3.12147,2.0
1163,0,0,0,-6112.8900,-2996.4600,399.3430,4.38202,3.0
1163,0,0,0,-6099.5500,-2942.1600,401.1960,4.49587,3.0
1163,0,0,0,-6096.8000,-2972.0000,418.8460,5.53446,2.0
1163,0,0,0,-6088.5600,-2774.6500,414.6300,0.50614,0.0
1163,0,0,0,-6086.0800,-2771.2800,414.0940,4.66003,0.0
1163,0,0,0,-6079.3100,-2991.7300,413.3470,6.26756,2.0
1163,0,0,0,-6073.6200,-2785.5600,411.8930,2.55441,5.0
1163,0,0,0,-6067.8300,-2935.7700,402.4610,3.45469,2.0
1163,0,0,0,-6067.5200,-2752.5800,417.5350,5.18363,0.0
1163,0,0,0,-6057.9300,-2857.4800,413.4790,0.93117,3.0
1163,0,0,0,-6057.6600,-3017.6900,403.4700,3.88856,2.0
1163,0,0,0,-6049.8900,-2791.6700,406.5600,3.63867,3.0
1163,0,0,0,-6044.8600,-2986.0700,402.5950,0.78378,5.0
1163,0,0,0,-6036.3600,-2984.1800,401.8350,5.86431,0.0
1163,0,0,0,-6033.3300,-2963.3100,403.7590,4.57834,3.0
1163,0,0,0,-6025.8900,-2995.1600,401.6460,1.48353,0.0
1163,0,0,0,-6024.4800,-2989.8900,401.6460,3.90954,0.0
1163,0,0,0,-6013.0900,-2968.5700,400.0200,4.38078,0.0
1163,0,0,0,-5985.3400,-3000.6500,392.1690,5.45425,3.0
1163,0,0,0,-5981.6900,-2794.3500,383.5410,5.58505,0.0
1163,0,0,0,-5980.9300,-2765.4900,400.0620,4.48550,0.0
1163,0,0,0,-5975.0200,-2976.7800,387.7730,5.88176,0.0
1163,0,0,0,-5022.7500,-3321.2800,300.7810,0.52644,5.0
1163,0,0,0,-5011.5100,-3311.9600,301.6560,0.47558,5.0
1163,0,0,0,-4928.6000,-3387.2800,304.4360,4.99830,3.0
1163,0,0,0,-4922.7700,-3407.4100,304.8630,2.71691,10.0
1163,0,0,0,-4877.1200,-3326.4200,305.7540,3.68265,0.0
1163,0,0,0,-4872.6100,-3321.0700,305.5040,4.53786,0.0
1163,0,0,0,-4867.4000,-3324.5400,305.1290,3.19395,0.0
1164,0,0,0,-6218.1300,-2972.0600,397.7000,2.12964,2.0
1164,0,0,0,-6215.5000,-2983.1600,397.6030,4.17822,2.0
1164,0,0,0,-6202.2900,-3021.7100,386.7180,2.23489,2.0
1164,0,0,0,-6186.9500,-3023.4400,389.8740,2.92048,2.0
1164,0,0,0,-6181.5100,-2982.5400,387.9360,1.97410,3.0
1164,0,0,0,-6171.0400,-2946.9700,407.4580,5.80556,2.0
1164,0,0,0,-6166.4500,-2903.7000,405.7520,3.70873,5.0
1164,0,0,0,-6161.3400,-2913.4100,404.5860,4.42331,2.0
1164,0,0,0,-6088.1000,-3038.6600,400.8570,0.65096,0.0
1164,0,0,0,-4983.9400,-3498.0300,304.6070,0.23316,0.0
1164,0,0,0,-4979.8700,-3450.4000,304.1300,1.05383,10.0
1164,0,0,0,-4978.9400,-3494.5200,305.3570,5.25344,0.0
1164,0,0,0,-4946.3300,-3447.0300,311.7720,4.85334,5.0
1164,0,0,0,-4942.6300,-3432.5800,309.0230,4.11325,5.0
1164,0,0,0,-4930.6600,-3434.3700,306.9240,4.71951,2.0
1164,0,0,0,-4907.4800,-3458.9100,304.4110,5.49455,3.0
1164,0,0,0,-4888.3600,-3432.7900,303.6190,4.20377,5.0
1165,0,0,0,-5742.9800,-3987.3400,329.7580,2.65743,5.0
1165,0,0,0,-5710.4900,-3923.7000,345.9700,0.34907,0.0
1165,0,0,0,-5702.3300,-3903.3900,329.1720,2.37951,2.0
1165,0,0,0,-5677.8100,-3996.1000,327.1970,4.99013,5.0
1165,0,0,0,-5656.3900,-3947.7700,319.8390,2.37365,3.0
1165,0,0,0,-5652.0400,-3897.3300,322.7840,1.11157,5.0
1165,0,0,0,-5651.7500,-3899.9600,322.9300,4.57540,0.0
1165,0,0,0,-5640.5100,-3925.5200,324.7500,4.76169,3.0
1165,0,0,0,-5627.9200,-3998.8700,324.2500,3.47977,5.0
1165,0,0,0,-5586.2100,-3898.3100,329.2540,5.41692,3.0
1165,0,0,0,-5580.4400,-3842.2500,322.8630,1.91108,5.0
1166,0,0,0,-6159.6300,-2958.6000,400.4590,4.07093,2.0
1166,0,0,0,-6144.0500,-2955.7100,396.6220,1.00645,2.0
1166,0,0,0,-6139.0400,-2947.4200,396.8330,4.93773,2.0
1166,0,0,0,-6133.9700,-2976.7200,399.9630,3.37800,3.0
1166,0,0,0,-6125.8600,-2924.7400,401.4620,3.70439,2.0
1166,0,0,0,-6114.7100,-2919.2300,418.8660,2.51186,2.0
1166,0,0,0,-6101.0200,-2793.9600,419.2510,5.98648,0.0
1166,0,0,0,-6099.2000,-2799.6500,417.3860,0.08727,0.0
1166,0,0,0,-6096.3100,-2965.6400,401.2770,3.97261,3.0
1166,0,0,0,-6095.5600,-2924.4400,418.8940,3.04447,2.0
1166,0,0,0,-6082.8500,-2805.3000,413.1160,3.61245,5.0
1166,0,0,0,-6070.4300,-2765.2100,414.7850,4.97648,3.0
1166,0,0,0,-6069.4400,-2996.5500,410.1030,5.50627,2.0
1166,0,0,0,-6061.3100,-2750.7900,418.1910,4.34587,0.0
1166,0,0,0,-6051.2600,-2931.9900,401.8210,1.17368,2.0
1166,0,0,0,-6048.7500,-2948.8800,402.7450,1.05871,0.0
1166,0,0,0,-6036.2300,-3004.8100,401.2200,1.12279,3.0
1166,0,0,0,-6032.5900,-2823.8300,411.2580,3.13690,2.0
1166,0,0,0,-6027.3400,-2779.6100,405.7110,2.01622,3.0
1166,0,0,0,-6022.8800,-2768.4100,410.2040,5.98648,0.0
1166,0,0,0,-6021.6200,-2764.0500,410.3180,5.46288,0.0
1166,0,0,0,-6014.0200,-2995.8000,400.5070,4.06026,0.0
1166,0,0,0,-6006.2800,-2967.4000,397.1900,5.79449,2.0
1166,0,0,0,-6003.4400,-2952.1800,398.8150,4.55154,2.0
1166,0,0,0,-5991.8500,-2941.8900,394.6550,4.62946,5.0
1166,0,0,0,-5986.0700,-2809.8000,382.2770,4.14692,5.0
1166,0,0,0,-5985.8400,-2762.7600,401.3880,3.92699,0.0
1166,0,0,0,-5975.4800,-2794.9600,383.0670,4.24115,0.0
1166,0,0,0,-5960.9400,-2971.5700,386.7670,1.23963,5.0
1166,0,0,0,-5953.9200,-3003.5100,383.8970,3.65898,3.0
1166,0,0,0,-5917.7800,-3007.3700,378.0850,5.29270,2.0
1166,0,0,0,-5038.6700,-3361.6700,298.3850,5.11615,3.0
1166,0,0,0,-5038.0300,-3334.7100,299.5100,5.44543,0.0
1166,0,0,0,-5037.8700,-3342.5100,299.5100,0.95993,0.0
1166,0,0,0,-5029.3500,-3340.5300,299.3710,1.60981,0.0
1166,0,0,0,-5018.7800,-3336.1800,299.3710,3.82285,3.0
1166,0,0,0,-4988.6100,-3376.0300,302.0260,5.89035,5.0
1166,0,0,0,-4948.3100,-3389.1800,306.9290,4.04268,5.0
1166,0,0,0,-4929.8500,-3397.0000,303.9360,4.26407,10.0
1166,0,0,0,-4921.0200,-3371.9500,304.3720,1.61702,10.0
1166,0,0,0,-4916.4900,-3401.6200,305.3630,2.08688,10.0
1166,0,0,0,-4912.1400,-3313.3500,305.7710,0.88410,5.0
1166,0,0,0,-4891.5300,-3346.0900,309.3520,3.43789,5.0
1166,0,0,0,-4877.4300,-3276.4000,304.3000,0.49170,5.0
1166,0,0,0,-4875.3100,-3309.2700,306.6290,4.11376,10.0
1166,0,0,0,-4873.5700,-3335.9200,307.1020,6.06798,0.0
1166,0,0,0,-4839.0000,-3318.8100,300.8530,2.67358,5.0
1167,0,0,0,-5748.5000,-3970.0600,326.1330,4.34239,3.0
1167,0,0,0,-5748.1800,-3957.8100,324.1840,0.00000,5.0
1167,0,0,0,-5727.0000,-3928.4600,319.1200,0.01745,5.0
1167,0,0,0,-5723.6000,-3907.6600,322.1670,4.72984,0.0
1167,0,0,0,-5716.1000,-3996.9100,330.2670,3.66477,2.0
1167,0,0,0,-5703.3600,-3927.2500,347.2100,1.71042,0.0
1167,0,0,0,-5702.6700,-3898.5900,328.4540,2.98451,0.0
1167,0,0,0,-5702.5900,-3869.0200,331.6450,5.20108,0.0
1167,0,0,0,-5701.6100,-3950.3800,327.5590,5.03043,3.0
1167,0,0,0,-5679.2400,-3942.0900,325.2420,2.49582,3.0
1167,0,0,0,-5668.7800,-3992.9800,326.0470,1.67066,0.0
1167,0,0,0,-5639.5200,-3876.9400,328.1730,6.24308,2.0
1167,0,0,0,-5590.7700,-3941.3100,325.7220,2.40855,3.0
1167,0,0,0,-5578.8800,-3914.0100,330.4690,3.35814,5.0
1167,0,0,0,-5574.6500,-3865.8000,327.8490,1.64292,5.0
1169,0,0,0,-4842.2400,-3581.1700,310.0170,2.66209,10.0
1169,0,0,0,-4830.7900,-3613.5600,303.9450,3.83398,10.0
1169,0,0,0,-4792.0800,-3581.6500,306.5920,2.02494,10.0
1169,0,0,0,-4777.6500,-3656.2100,307.1150,5.70328,10.0
1169,0,0,0,-4739.0800,-3627.1800,305.9780,2.39110,0.0
1169,0,0,0,-4736.1000,-3619.6600,306.0900,2.16421,0.0
1169,0,0,0,-4733.1500,-3621.9400,305.8500,3.50811,0.0
1169,0,0,0,-4309.4700,-3026.4300,9.4154,5.30742,3.0
1169,0,0,0,-4304.2800,-3028.8500,8.6413,0.03271,3.0
1169,0,0,0,-4296.0000,-3021.2100,9.0815,5.06967,3.0
1169,0,0,0,-4285.9000,-3009.9800,9.8013,4.84577,0.0
1169,0,0,0,-4278.2700,-3004.0200,9.5284,5.31662,0.0
1172,0,0,0,-5312.1500,-2774.3400,350.1080,0.51556,5.0
1172,0,0,0,-5307.8400,-2749.6100,352.5980,0.00781,5.0
1172,0,0,0,-5289.7000,-2757.6600,352.1350,0.41386,5.0
1172,0,0,0,-5254.6600,-2747.7400,353.2500,3.05895,5.0
1172,0,0,0,-5250.5200,-2731.2500,348.8620,0.58793,0.0
1172,0,0,0,-5125.0300,-2708.5200,339.0240,2.21624,10.0
1172,0,0,0,-5119.4800,-2654.0700,334.7200,4.17279,5.0
1172,0,0,0,-5089.6600,-2685.3400,336.4440,3.12924,5.0
1172,0,0,0,-5073.2400,-2717.4800,319.6210,5.98209,2.0
1172,0,0,0,-5066.3900,-2716.2200,319.0150,0.97511,2.0
1172,0,0,0,-5047.0800,-2674.5300,319.7450,2.72543,5.0
1172,0,0,0,-5042.8700,-2651.7600,322.9290,1.65102,5.0
1172,0,0,0,-5039.5300,-2674.9000,319.4000,5.23599,0.0
1172,0,0,0,-5030.4300,-3014.4900,330.6060,3.33267,10.0
1172,0,0,0,-5013.6500,-2683.5700,324.2760,0.00070,5.0
1172,0,0,0,-5012.5300,-2612.6000,331.8880,0.08925,5.0
1172,0,0,0,-4991.5600,-3042.3300,326.5210,2.21588,5.0
1172,0,0,0,-4981.9700,-3012.3900,334.7500,3.00827,5.0
1172,0,0,0,-4979.7700,-2982.2600,347.9590,3.72959,3.0
1172,0,0,0,-4967.2100,-2646.9100,331.6640,0.27185,2.0
1172,0,0,0,-4960.7500,-3053.7000,325.8690,4.01410,5.0
1172,0,0,0,-4949.3000,-3091.9300,314.6210,6.23040,5.0
1172,0,0,0,-4916.9000,-3107.5700,321.4340,3.19499,5.0
1172,0,0,0,-4909.3900,-3059.6300,318.1720,3.81279,10.0
1172,0,0,0,-4872.6300,-3076.5800,317.6470,1.02770,10.0
1172,0,0,0,-4849.5400,-3050.9600,316.5340,4.43946,5.0
1172,0,0,0,-4845.3500,-3115.9000,316.8100,5.91090,3.0
1172,0,0,0,-4820.5700,-3011.1500,313.6910,5.65453,3.0
1172,0,0,0,-4819.3600,-3097.0500,315.8280,5.73617,10.0
1172,0,0,0,-4814.8900,-3047.3900,306.4550,1.55793,10.0
1172,0,0,0,-4808.3800,-2946.7200,325.2590,4.63022,2.0
1172,0,0,0,-4801.6600,-2946.8200,326.2930,5.13207,5.0
1172,0,0,0,-4781.8500,-3051.5500,305.9200,3.69274,10.0
1172,0,0,0,-4771.9500,-2973.0500,321.2720,4.39453,5.0
1172,0,0,0,-4757.0700,-2987.2700,318.0690,4.06146,3.0
1172,0,0,0,-4750.5500,-3053.9500,309.5250,1.56680,10.0
1172,0,0,0,-4720.5400,-2917.0800,321.7400,5.50196,3.0
1172,0,0,0,-4718.6100,-3042.3700,313.1430,1.81157,10.0
1172,0,0,0,-4705.7900,-3003.5800,314.8320,2.92504,3.0
1172,0,0,0,-4689.2800,-3023.4000,315.9520,0.65796,3.0
1172,0,0,0,-4681.7400,-3067.6600,314.0090,1.82244,5.0
1172,0,0,0,-4679.7300,-2947.5500,317.3730,0.11200,5.0
1172,0,0,0,-4671.4200,-3110.0400,304.2730,2.16636,5.0
1173,0,0,0,-5078.8200,-2756.0800,334.4920,5.96514,10.0
1173,0,0,0,-5074.2600,-2712.1700,319.9110,3.34748,2.0
1173,0,0,0,-5036.1700,-2694.6400,319.4950,4.34221,3.0
1173,0,0,0,-5032.6900,-2680.4300,319.4680,2.80998,0.0
1173,0,0,0,-5029.9500,-2669.1500,319.5260,0.94028,0.0
1173,0,0,0,-5012.2900,-2637.5400,326.4010,1.03891,5.0
1173,0,0,0,-4981.5000,-2723.3100,324.7160,2.11891,5.0
1173,0,0,0,-4963.7900,-3026.2700,330.5020,3.77455,5.0
1173,0,0,0,-4948.0000,-2998.1600,343.8660,6.24414,0.0
1173,0,0,0,-4824.1200,-3002.2000,317.2480,1.74943,3.0
1174,0,0,0,-5001.0800,-2974.4400,314.2620,5.41805,3.0
1174,0,0,0,-4959.4200,-3003.0000,318.7470,2.50504,3.0
1174,0,0,0,-4950.0300,-3004.3300,319.1370,0.88256,3.0
1174,0,0,0,-4934.7000,-2991.8400,321.1950,0.11986,3.0
1174,0,0,0,-4927.7400,-2963.3800,317.6700,0.05868,3.0
1174,0,0,0,-4911.3000,-2968.1200,316.5660,5.43842,3.0
1174,0,0,0,-4903.7300,-2974.3800,317.1770,5.64120,3.0
1174,0,0,0,-4898.2400,-2981.2700,318.0360,4.00892,3.0
1174,0,0,0,-4884.3700,-2970.6000,316.9230,5.92138,0.0
1174,0,0,0,-4875.0600,-2975.2900,317.3920,6.23157,0.0
1175,0,0,0,-4985.5000,-2986.5000,314.9590,3.17603,3.0
1175,0,0,0,-4968.1000,-2998.1100,317.2350,0.47111,3.0
1175,0,0,0,-4945.4600,-2963.5700,321.4600,0.58614,3.0
1175,0,0,0,-4941.9500,-2976.1200,321.7790,1.27428,3.0
1175,0,0,0,-4940.2800,-2969.3200,321.6720,5.18458,3.0
1175,0,0,0,-4934.7200,-2963.4300,317.7490,2.49517,3.0
1175,0,0,0,-4927.8000,-2973.6500,317.3490,3.70382,3.0
1175,0,0,0,-4919.1100,-2959.9300,316.5370,2.41555,5.0
1175,0,0,0,-4918.1100,-2994.2600,319.7310,0.38750,3.0
1175,0,0,0,-4897.9500,-2984.3400,318.2320,2.95700,3.0
1175,0,0,0,-4892.7800,-2974.5600,317.0740,0.83201,0.0
1175,0,0,0,-4865.2200,-2998.4100,317.3420,0.41686,3.0
1175,0,0,0,-4846.6500,-2974.6200,322.5130,3.01124,0.0
1176,0,0,0,-5297.7400,-2723.3900,342.7370,5.37174,0.0
1176,0,0,0,-5293.8800,-2703.4000,344.1390,5.04951,3.0
1176,0,0,0,-5282.4300,-2718.7000,342.3620,2.24709,5.0
1176,0,0,0,-4944.9200,-3014.3200,328.8080,5.39307,0.0
1176,0,0,0,-4944.1000,-3018.5600,328.3080,0.88845,0.0
1176,0,0,0,-4938.2200,-3022.8900,326.9330,2.68129,5.0
1176,0,0,0,-4919.1300,-2995.9400,332.2090,3.99680,0.0
1176,0,0,0,-4789.4800,-3023.8600,301.6030,4.60767,0.0
1176,0,0,0,-4787.6000,-2966.7200,322.0220,0.07754,3.0
1176,0,0,0,-4785.3900,-3029.0200,301.1520,6.09698,0.0
1176,0,0,0,-4781.7700,-2975.5200,323.0220,3.85409,0.0
1177,0,0,0,-4987.9600,-2959.7100,315.8530,5.64140,3.0
1177,0,0,0,-4980.7700,-2943.5400,316.1650,4.11357,3.0
1177,0,0,0,-4970.8600,-2956.6800,315.8580,3.11552,5.0
1178,0,0,0,-5111.0000,-3845.3700,320.9880,4.76514,5.0
1178,0,0,0,-5082.2600,-4080.9600,311.7140,1.07957,10.0
1178,0,0,0,-5072.9400,-3885.2300,321.9440,0.02878,5.0
1178,0,0,0,-5009.4600,-3890.0600,309.6640,2.09648,10.0
1178,0,0,0,-4981.3800,-3914.1500,306.0100,4.63279,3.0
1178,0,0,0,-4963.9300,-4022.9500,301.4720,3.79229,3.0
1178,0,0,0,-4958.2400,-3946.7800,301.1790,3.28957,5.0
1178,0,0,0,-4957.4200,-3915.3900,305.2410,1.86585,10.0
1178,0,0,0,-4948.5500,-3748.5200,318.7550,0.36412,5.0
1178,0,0,0,-4915.2000,-3986.0900,296.6650,0.22681,3.0
1178,0,0,0,-4902.3500,-3910.2600,300.7350,1.74533,0.0
1178,0,0,0,-4884.6700,-3813.7800,304.1260,1.87155,5.0
1178,0,0,0,-4880.8000,-3747.4000,312.4900,0.88879,10.0
1178,0,0,0,-4879.8800,-3884.4200,303.6590,2.41620,0.0
1178,0,0,0,-4874.7200,-3906.1700,302.7950,3.10669,0.0
1179,0,0,0,-5080.0400,-3825.5700,317.2360,5.65999,5.0
1179,0,0,0,-5045.7000,-3876.8000,316.5530,2.87086,5.0
1179,0,0,0,-5043.6500,-3852.0500,326.6730,2.35101,5.0
1179,0,0,0,-5016.7200,-4019.2400,301.2570,5.51988,5.0
1179,0,0,0,-4951.5700,-3981.5000,297.1830,2.20612,10.0
1179,0,0,0,-4941.9500,-4032.9900,301.0190,1.46608,3.0
1179,0,0,0,-4926.3300,-3947.5500,298.3940,4.66741,10.0
1179,0,0,0,-4914.5400,-3852.1500,304.6820,5.07223,3.0
1179,0,0,0,-4898.5500,-3905.8500,300.5360,3.12414,0.0
1179,0,0,0,-4853.2200,-3782.5900,307.7270,3.58164,5.0
1179,0,0,0,-4851.3800,-3980.5000,303.1260,2.27311,5.0
1180,0,0,0,-4950.7500,-4055.1000,299.4790,1.78892,0.0
1180,0,0,0,-4860.0800,-3892.7000,303.2270,0.25685,0.0
1180,0,0,0,-4826.4200,-4079.7900,309.8750,2.38447,0.0
1180,0,0,0,-4809.6000,-4085.6100,309.7130,0.49911,2.0
1180,0,0,0,-4781.4900,-4065.0300,309.8830,1.88265,3.0
1180,0,0,0,-4767.1200,-4194.7600,303.2420,2.19912,2.0
1180,0,0,0,-4762.5000,-4186.8400,302.8670,5.38499,2.0
1180,0,0,0,-4743.4500,-4130.7400,307.3820,1.79769,0.0
1180,0,0,0,-4740.9600,-4125.5500,307.9280,2.65290,2.0
1181,0,0,0,-5049.7400,-4050.3400,306.8590,6.09468,5.0
1181,0,0,0,-4896.1600,-3884.9500,303.0710,1.44547,10.0
1181,0,0,0,-4885.0900,-3848.9000,302.6920,2.16486,10.0
1181,0,0,0,-4850.7400,-4017.3100,311.6500,0.00000,0.0
1181,0,0,0,-4815.2800,-3932.6200,322.5110,1.73562,5.0
1183,0,0,0,-4950.1400,-4067.9400,299.1830,1.06470,2.0
1183,0,0,0,-4944.4800,-4074.9600,300.2940,2.32642,2.0
1183,0,0,0,-4835.0500,-3886.1500,301.4680,2.80211,3.0
1183,0,0,0,-4831.0600,-3878.7400,302.5600,3.94444,3.0
1183,0,0,0,-4750.6300,-4111.3500,311.8600,3.28939,2.0
1184,0,0,0,-5927.8900,-3517.8000,329.5760,3.47817,5.0
1184,0,0,0,-5913.2500,-3655.0800,353.9620,1.36843,10.0
1184,0,0,0,-5908.9000,-3596.7600,354.1340,4.85732,10.0
1184,0,0,0,-5844.4200,-3387.7500,304.4170,4.45367,10.0
1184,0,0,0,-5830.1500,-3346.6000,299.7720,0.84607,10.0
1184,0,0,0,-5819.4400,-3337.4100,301.8970,5.71808,5.0
1184,0,0,0,-5819.3600,-3272.0300,296.6550,2.13768,10.0
1184,0,0,0,-5699.1200,-3555.0800,306.4130,6.26590,10.0
1184,0,0,0,-5686.6300,-3567.9200,309.0790,3.63464,10.0
1184,0,0,0,-5667.2300,-3720.8900,318.7010,0.36129,10.0
1184,0,0,0,-5511.8100,-3717.6200,307.9660,0.77746,10.0
1184,0,0,0,-5488.4500,-3721.5600,305.8500,1.61569,10.0
1184,0,0,0,-5468.7800,-3777.2300,317.5290,3.06542,10.0
1184,0,0,0,-5451.6100,-3854.4000,324.3540,4.83577,10.0
1184,0,0,0,-5437.2800,-3917.5300,339.8240,2.01085,10.0
1184,0,0,0,-5424.7200,-3804.1600,313.3850,4.97727,10.0
1184,0,0,0,-5423.1200,-3957.2600,344.2530,4.92193,10.0
1185,0,0,0,-5240.0300,-4170.2400,358.8530,5.54571,5.0
1185,0,0,0,-5228.9600,-4210.4600,355.9800,4.82003,5.0
1185,0,0,0,-5223.8100,-4221.4600,360.7020,5.42461,5.0
1185,0,0,0,-5186.5400,-4084.4200,323.2430,0.23646,10.0
1185,0,0,0,-5186.2200,-4094.2500,322.3450,1.28177,10.0
1185,0,0,0,-5183.0100,-4043.8400,327.5010,2.78031,10.0
1185,0,0,0,-5157.0400,-4140.5900,331.7650,4.27930,5.0
1185,0,0,0,-5148.4500,-4079.7800,321.6070,1.26511,10.0
1185,0,0,0,-5125.5200,-4043.3300,323.0410,3.89937,10.0
1185,0,0,0,-5117.7400,-4131.2500,324.5840,2.71028,5.0
1185,0,0,0,-4916.5300,-3629.6500,300.9090,1.59423,10.0
1186,0,0,0,-5911.8500,-2565.7800,311.5400,1.15079,5.0
1186,0,0,0,-5875.7400,-2516.0500,307.3550,5.99682,5.0
1186,0,0,0,-5857.6100,-3082.0000,327.7580,5.33673,10.0
1186,0,0,0,-5807.1200,-3109.1100,322.2770,2.75658,10.0
1186,0,0,0,-5517.0900,-3044.8300,360.9010,2.62136,5.0
1186,0,0,0,-5478.3100,-2837.0200,354.1270,3.83315,5.0
1186,0,0,0,-5459.4400,-3020.0000,356.4780,1.60818,10.0
1186,0,0,0,-5453.8500,-3119.8100,348.7700,0.92259,10.0
1186,0,0,0,-5228.5700,-2804.3100,341.7960,4.98532,10.0
1186,0,0,0,-5228.3400,-2719.6100,347.0970,5.07509,10.0
1186,0,0,0,-5158.0900,-2676.7600,343.4720,3.80528,10.0
1186,0,0,0,-5099.1700,-3089.4500,314.1900,3.12987,10.0
1186,0,0,0,-5091.5100,-3019.9800,324.1610,3.01239,5.0
1186,0,0,0,-5078.1100,-2986.1500,332.2050,1.12201,10.0
1186,0,0,0,-5040.5700,-2916.1700,333.8150,-1.72715,10.0
1186,0,0,0,-5035.1800,-2935.5500,336.1710,2.74440,10.0
1186,0,0,0,-5034.8200,-2889.0400,337.4450,4.35110,10.0
1186,0,0,0,-5015.3300,-2753.0800,327.7560,5.65884,10.0
1186,0,0,0,-4954.1600,-2649.7400,330.3840,1.63724,5.0
1186,0,0,0,-4941.3400,-2824.8800,320.9320,0.03857,10.0
1186,0,0,0,-4748.6100,-2750.1000,325.1660,2.01323,10.0
1186,0,0,0,-4733.9900,-2795.9900,320.7220,5.51436,10.0
1186,0,0,0,-4681.1100,-2743.7200,324.8860,5.51160,5.0
1186,0,0,0,-4678.4900,-2836.3200,324.1940,4.75469,5.0
1187,0,0,0,-5691.6300,-4296.1100,407.8280,5.72972,0.0
1188,0,0,0,-5963.1000,-3736.6100,345.4020,0.24498,5.0
1188,0,0,0,-5886.3000,-3819.8800,348.4730,3.71715,10.0
1188,0,0,0,-5867.9300,-3610.4200,347.8480,4.90902,10.0
1188,0,0,0,-5852.5800,-3811.6000,345.6520,5.34832,10.0
1188,0,0,0,-5839.4400,-3770.0000,334.2420,2.83219,5.0
1188,0,0,0,-5835.5200,-3866.8600,351.3660,3.90213,10.0
1188,0,0,0,-5823.6200,-3880.9000,349.8030,2.96907,10.0
1188,0,0,0,-5770.5700,-3799.9900,328.5640,4.38199,10.0
1188,0,0,0,-5758.0000,-3605.6700,325.1400,3.31220,5.0
1188,0,0,0,-5752.1100,-4146.7500,388.2170,4.85739,10.0
1188,0,0,0,-5714.6000,-3118.5300,315.9200,5.26788,5.0
1188,0,0,0,-5659.8300,-3183.4900,319.9290,3.34818,10.0
1188,0,0,0,-5632.9000,-3121.7300,350.1460,0.45734,0.0
1188,0,0,0,-5615.0800,-3203.6300,327.1550,3.76322,5.0
1188,0,0,0,-5505.3900,-4033.0900,360.7550,4.38817,5.0
1188,0,0,0,-5497.9800,-4084.9900,368.0620,0.34894,10.0
1188,0,0,0,-5439.3100,-4093.5400,358.9860,2.52543,10.0
1188,0,0,0,-5419.2400,-4051.7800,339.0840,4.33344,10.0
1188,0,0,0,-5394.1800,-3866.5400,333.0470,4.42093,10.0
1188,0,0,0,-5358.3200,-3808.4500,317.7370,1.47230,10.0
1188,0,0,0,-5323.9500,-3823.5500,321.2230,2.30514,10.0
1188,0,0,0,-5283.5500,-3718.8900,303.3500,1.51650,10.0
1188,0,0,0,-5273.8200,-3819.4300,325.8440,2.41964,10.0
1189,0,0,0,-5653.3500,-3039.6000,385.9590,0.84825,3.0
1189,0,0,0,-5310.4300,-4003.1900,334.8990,6.16527,5.0
1189,0,0,0,-5310.4100,-4039.7500,332.2230,3.92962,10.0
1189,0,0,0,-5302.7900,-4083.2100,328.3360,3.18454,10.0
1189,0,0,0,-5274.6300,-3877.5300,333.2810,5.04279,10.0
1189,0,0,0,-5256.2800,-4101.7500,326.3500,1.87461,10.0
1189,0,0,0,-5252.8500,-4145.9400,335.3800,3.49237,5.0
1189,0,0,0,-5250.2200,-3886.8500,329.4850,0.71693,10.0
1189,0,0,0,-5232.0000,-3974.5500,328.9590,4.18286,10.0
1189,0,0,0,-5228.4200,-3972.0100,330.1620,0.58530,10.0
1189,0,0,0,-5181.6500,-3986.2900,333.1940,5.55865,10.0
1189,0,0,0,-5162.2800,-3976.7200,330.2400,4.34493,10.0
1189,0,0,0,-5157.3800,-3883.6000,329.0770,3.40836,10.0
1189,0,0,0,-5141.2900,-4012.8500,329.3620,3.43128,10.0
1189,0,0,0,-5121.6900,-3783.7200,316.9270,5.04648,5.0
1189,0,0,0,-5106.2800,-3748.4900,312.7540,0.52133,5.0
1189,0,0,0,-5095.4100,-3707.0600,312.9090,4.27198,10.0
1189,0,0,0,-5082.3200,-3616.2900,303.0250,0.91724,10.0
1189,0,0,0,-5029.3400,-3771.1200,318.4060,3.93804,5.0
1189,0,0,0,-5016.3700,-3619.7200,300.1880,4.23928,10.0
1189,0,0,0,-4982.9700,-3649.8000,304.8630,0.93946,10.0
1189,0,0,0,-4951.5500,-3621.2400,299.6160,2.13461,10.0
1190,0,0,0,-5349.1700,-2818.8900,345.5230,4.95500,10.0
1190,0,0,0,-5221.5000,-3019.5400,335.7570,4.10991,10.0
1190,0,0,0,-5206.8600,-2745.3200,339.3540,6.09844,10.0
1190,0,0,0,-5194.1800,-3026.5800,332.0190,4.53376,10.0
1190,0,0,0,-5185.4800,-3046.3900,330.7740,1.75938,10.0
1190,0,0,0,-5158.5900,-2818.7700,331.2760,0.09773,10.0
1190,0,0,0,-5157.6300,-2953.9100,333.8040,4.06582,5.0
1190,0,0,0,-5153.1000,-3020.7500,332.7600,3.79978,10.0
1190,0,0,0,-5152.1500,-3055.7700,327.6050,0.48636,10.0
1190,0,0,0,-5133.2200,-2901.8100,332.9270,2.39352,10.0
1190,0,0,0,-5122.5200,-3013.1400,330.9520,0.05240,0.0
1190,0,0,0,-5120.0500,-3019.9800,329.3410,3.79242,10.0
1190,0,0,0,-5117.3400,-3046.9700,327.7760,1.30591,10.0
1190,0,0,0,-5112.2200,-2972.7500,338.4040,2.65322,10.0
1190,0,0,0,-5102.7700,-2913.5100,326.8450,5.99128,10.0
1190,0,0,0,-5090.9600,-2797.1500,324.8760,3.46582,10.0
1190,0,0,0,-5072.4700,-2927.5000,330.5390,2.79128,0.0
1190,0,0,0,-5048.8600,-2941.1500,333.7480,4.79261,10.0
1190,0,0,0,-5025.0100,-3083.7200,314.3870,3.18204,5.0
1190,0,0,0,-4977.6100,-2758.9000,322.1680,1.70800,5.0
1190,0,0,0,-4930.8400,-2871.4700,331.7730,0.78528,5.0
1190,0,0,0,-4914.7900,-2783.2100,328.3420,4.17264,10.0
1190,0,0,0,-4881.6800,-2663.3300,334.6050,5.87111,5.0
1190,0,0,0,-4792.1700,-2837.8000,322.6630,4.47973,10.0
1190,0,0,0,-4770.0100,-2835.9400,326.2150,5.08419,10.0
1190,0,0,0,-4743.0300,-2690.8300,326.5600,3.40895,5.0
1191,0,0,0,-5861.5500,-3441.7400,315.7560,0.59505,10.0
1191,0,0,0,-5842.4000,-4142.2000,387.1390,0.81865,10.0
1191,0,0,0,-5838.6600,-3432.5800,317.4760,2.37277,10.0
1191,0,0,0,-5821.9100,-4053.5300,376.1940,1.63561,10.0
1191,0,0,0,-5803.8300,-3394.8200,306.0510,5.57244,10.0
1191,0,0,0,-5754.7300,-3825.6200,325.0640,3.81610,5.0
1191,0,0,0,-5748.9100,-3347.1300,301.4410,3.73397,10.0
1191,0,0,0,-5709.4600,-3251.3400,313.2010,3.39905,10.0
1191,0,0,0,-5698.8200,-3613.5700,313.7000,4.96305,10.0
1191,0,0,0,-5696.3000,-3752.9100,321.7770,5.69247,5.0
1191,0,0,0,-5693.9800,-3655.5000,312.1630,1.36831,10.0
1191,0,0,0,-5660.1500,-3643.1900,314.2800,3.06931,10.0
1191,0,0,0,-5657.6000,-3552.4300,302.7750,5.73908,5.0
1191,0,0,0,-5652.9900,-3786.7600,323.8480,0.45316,5.0
1191,0,0,0,-5642.9000,-3213.4000,324.2980,1.81341,5.0
1191,0,0,0,-5639.4300,-2936.0800,402.7390,2.06818,5.0
1191,0,0,0,-5624.7100,-3650.9300,316.3840,1.40035,10.0
1191,0,0,0,-5614.4800,-3606.7600,310.0230,1.93914,10.0
1191,0,0,0,-5596.4400,-3719.9700,313.9440,3.71281,10.0
1191,0,0,0,-5590.3100,-3722.4300,314.3350,0.39651,10.0
1191,0,0,0,-5581.6400,-3647.1500,308.6770,3.58601,10.0
1191,0,0,0,-5578.3000,-3763.4200,318.6200,5.33287,10.0
1191,0,0,0,-5554.8600,-3804.3300,323.4890,3.57468,10.0
1191,0,0,0,-5545.4800,-3730.9800,315.8290,1.41882,10.0
1191,0,0,0,-5542.4300,-3692.5000,303.3240,5.56931,10.0
1191,0,0,0,-5534.6500,-3768.1300,325.2000,0.04188,10.0
1191,0,0,0,-5504.3000,-3146.7200,344.4280,3.54059,10.0
1191,0,0,0,-5452.2500,-4048.9400,349.6940,5.93073,10.0
1191,0,0,0,-5430.3300,-3069.1200,351.5680,2.60619,10.0
1191,0,0,0,-5419.3500,-3743.1800,302.3930,2.84513,10.0
1191,0,0,0,-5378.4800,-3792.9200,309.3120,1.38413,10.0
1191,0,0,0,-5353.0300,-3745.8600,304.5210,1.42177,10.0
1192,0,0,0,-5419.9100,-4056.3500,340.8340,3.29889,10.0
1192,0,0,0,-5353.6300,-4125.6300,336.2240,1.49870,10.0
1192,0,0,0,-5345.5600,-4082.4300,332.5600,0.17863,10.0
1192,0,0,0,-5262.6200,-4056.0800,324.5280,6.16562,10.0
1192,0,0,0,-5259.0400,-3796.7700,319.5750,4.59288,10.0
1192,0,0,0,-5249.0500,-3685.5600,304.1210,1.79382,10.0
1192,0,0,0,-5247.3000,-3851.9100,327.2430,5.31015,10.0
1192,0,0,0,-5225.5200,-3823.4400,321.2060,2.01397,10.0
1192,0,0,0,-5222.3300,-3730.9700,312.9390,4.68505,10.0
1192,0,0,0,-5216.2900,-3681.3300,303.9680,1.59032,10.0
1192,0,0,0,-5212.6100,-3844.1700,324.7400,0.65248,10.0
1192,0,0,0,-5201.9000,-3784.9500,318.1270,3.21954,10.0
1192,0,0,0,-5193.4800,-3714.5200,308.2820,5.20223,10.0
1192,0,0,0,-5192.2500,-3818.2200,327.4770,2.95984,10.0
1192,0,0,0,-5184.5700,-3648.8700,303.8360,2.09622,10.0
1192,0,0,0,-5182.3000,-3928.0200,332.2540,0.21237,10.0
1192,0,0,0,-5153.8400,-3658.4500,304.7990,1.12638,10.0
1192,0,0,0,-5133.2600,-3736.9100,311.3650,1.65491,5.0
1192,0,0,0,-5111.3300,-3654.6300,302.3410,5.60020,10.0
1193,0,0,0,-5002.4100,-3564.7100,294.0210,1.86567,10.0
1193,0,0,0,-4983.1800,-3251.3700,284.1210,0.00000,0.0
1193,0,0,0,-4975.6900,-3190.8100,279.1670,0.30403,10.0
1193,0,0,0,-4951.1000,-3555.3000,292.6700,5.71883,10.0
1193,0,0,0,-4929.9200,-3179.7900,279.3220,6.07756,10.0
1193,0,0,0,-4919.1400,-3252.1400,290.2830,5.91179,10.0
1193,0,0,0,-4895.2300,-3227.1900,283.7940,3.98231,10.0
1193,0,0,0,-4884.7600,-3215.8200,277.5210,0.00000,0.0
1193,0,0,0,-4884.3800,-3501.9800,291.6120,1.32940,10.0
1193,0,0,0,-4853.2600,-3481.0200,292.2040,2.93309,10.0
1193,0,0,0,-4852.6900,-3186.7100,285.7630,5.94152,10.0
1193,0,0,0,-4820.9400,-3455.1500,290.9660,2.93358,10.0
1193,0,0,0,-4816.7900,-3183.8100,285.5660,0.00000,0.0
1193,0,0,0,-4814.6000,-3411.1300,289.6290,2.24103,10.0
1193,0,0,0,-4811.9100,-3286.3700,288.5120,6.16099,10.0
1193,0,0,0,-4808.2900,-3347.2500,287.0510,3.46602,10.0
1193,0,0,0,-4806.8800,-3217.9800,281.4850,6.20484,10.0
1193,0,0,0,-4798.7600,-3318.0900,288.8500,4.09622,10.0
1193,0,0,0,-4798.7400,-3383.0900,290.0500,0.11106,10.0
1193,0,0,0,-4784.1400,-3219.2700,276.3690,0.43600,10.0
1193,0,0,0,-4780.4100,-3485.1100,289.5050,0.00000,0.0
1193,0,0,0,-4760.7600,-3194.6800,275.9760,0.63204,10.0
1193,0,0,0,-4750.6500,-3449.6100,280.8130,0.00000,0.0
1193,0,0,0,-4750.4500,-3479.5500,292.6580,3.72182,10.0
1193,0,0,0,-4749.8100,-3416.7200,284.2230,0.00000,0.0
1193,0,0,0,-4748.5800,-3484.4200,283.4190,0.00000,0.0
1194,0,0,0,-5901.3200,-4160.4200,394.4040,1.92957,5.0
1194,0,0,0,-5886.1800,-4149.7700,392.5620,3.89385,10.0
1194,0,0,0,-5882.4300,-3882.3200,355.7360,0.32175,10.0
1194,0,0,0,-5872.1600,-4126.4300,389.5800,6.07399,10.0
1194,0,0,0,-5863.6600,-3954.4700,356.6130,6.16174,5.0
1194,0,0,0,-5863.2200,-4097.4500,390.5120,0.50513,5.0
1194,0,0,0,-5850.8400,-3940.1300,353.7150,1.28739,10.0
1194,0,0,0,-5848.7000,-4116.8800,389.9370,0.85999,10.0
1194,0,0,0,-5821.8200,-4047.2200,376.4770,1.73370,10.0
1194,0,0,0,-5820.0500,-4146.2700,389.0360,1.94260,10.0
1194,0,0,0,-5819.7800,-3954.2800,362.9340,3.53623,10.0
1194,0,0,0,-5818.0700,-4087.0300,380.5900,4.55558,10.0
1194,0,0,0,-5783.7100,-4084.2700,374.9500,0.52399,5.0
1194,0,0,0,-5732.2700,-4055.0800,367.8540,3.43780,10.0
1194,0,0,0,-5717.3700,-4181.8000,383.9650,1.83140,10.0
1194,0,0,0,-5669.8200,-4048.2300,366.4630,0.19663,5.0
1194,0,0,0,-5659.1200,-4178.3100,391.6670,3.23738,5.0
1194,0,0,0,-5658.7400,-4111.3700,388.7020,4.46343,5.0
1194,0,0,0,-5576.0900,-4169.3700,378.0780,1.78101,10.0
1194,0,0,0,-5560.2800,-4120.2800,371.9710,3.02209,5.0
1194,0,0,0,-5553.7000,-4159.6300,377.0580,2.83219,10.0
1194,0,0,0,-5542.1700,-4122.5100,372.2640,5.03228,10.0
1194,0,0,0,-5510.1700,-4113.7400,370.0120,5.88599,10.0
1194,0,0,0,-5455.2800,-3948.3300,344.8840,2.15878,10.0
1194,0,0,0,-5416.8100,-3879.9400,334.0160,3.52558,10.0
1195,0,0,0,-6022.9600,-2525.8100,308.5060,2.10084,5.0
1195,0,0,0,-5861.4600,-3081.9500,328.1890,4.45556,10.0
1195,0,0,0,-5847.1800,-3011.7400,340.2840,5.65998,3.0
1195,0,0,0,-5829.7100,-3082.8500,325.5930,1.50826,10.0
1195,0,0,0,-5804.4000,-2577.0900,309.8380,4.76779,5.0
1195,0,0,0,-5536.0300,-2781.7100,364.1480,3.33867,10.0
1195,0,0,0,-5484.4600,-2940.2600,354.2830,1.60505,10.0
1195,0,0,0,-5459.2400,-2976.9500,357.3090,2.00211,5.0
1195,0,0,0,-5447.5100,-2852.4400,346.2030,6.26059,5.0
1195,0,0,0,-5442.9000,-2788.4400,363.6730,6.10071,10.0
1195,0,0,0,-5420.0000,-2818.2000,356.9170,1.88823,5.0
1195,0,0,0,-5390.7100,-2782.0900,365.2600,5.71796,10.0
1195,0,0,0,-5348.8000,-2809.7900,349.2570,1.66559,10.0
1195,0,0,0,-5316.5500,-2834.9300,336.8550,6.14356,2.0
1195,0,0,0,-5308.7900,-2821.5500,343.2830,0.27105,10.0
1195,0,0,0,-5258.0800,-2759.0800,350.8570,1.75049,10.0
1195,0,0,0,-5252.0900,-2851.0500,344.8240,1.70921,5.0
1195,0,0,0,-5239.2300,-2929.4300,340.2590,2.34514,5.0
1195,0,0,0,-5233.1300,-2919.5200,338.2860,4.61023,5.0
1195,0,0,0,-5182.0200,-2692.7300,349.8460,1.99352,10.0
1195,0,0,0,-5120.9800,-2985.4800,335.3490,3.35624,10.0
1195,0,0,0,-5087.1700,-2887.1400,325.8930,0.15488,10.0
1195,0,0,0,-5068.3000,-3056.4100,321.1420,0.84902,5.0
1195,0,0,0,-5060.2300,-3002.1000,326.0660,6.09460,10.0
1195,0,0,0,-5054.1700,-3004.1700,325.9580,5.41232,10.0
1195,0,0,0,-5053.4800,-2785.7000,326.4460,6.26938,5.0
1195,0,0,0,-5050.6700,-2898.7300,335.9720,3.65590,10.0
1195,0,0,0,-5050.5300,-2851.5000,329.1150,0.41176,5.0
1195,0,0,0,-4903.8600,-2818.6100,322.6070,0.81025,10.0
1195,0,0,0,-4878.4500,-2758.7300,326.3890,3.68134,10.0
1195,0,0,0,-4852.0800,-2821.6100,326.2570,1.59793,10.0
1195,0,0,0,-4827.2900,-2813.8000,322.1380,2.62072,10.0
1195,0,0,0,-4824.9500,-2748.6700,325.4900,2.60017,5.0
1195,0,0,0,-4801.7100,-2880.0600,327.7360,4.23301,10.0
1195,0,0,0,-4797.0900,-2785.6300,325.8680,3.11816,10.0
1196,0,0,0,-5957.0300,-480.4630,408.5350,2.05878,10.0
1196,0,0,0,-5955.3000,-498.3180,409.1490,5.07905,10.0
1196,0,0,0,-5921.8500,-624.9930,399.6520,3.57032,10.0
1196,0,0,0,-5888.7300,-1089.2800,383.1220,3.06750,10.0
1196,0,0,0,-5845.3200,-1395.7400,396.5080,4.85732,10.0
1196,0,0,0,-5833.8100,300.7450,420.9660,5.60570,10.0
1196,0,0,0,-5826.3700,-672.1040,398.0890,5.14807,10.0
1196,0,0,0,-5744.2000,-1200.8500,384.6210,4.34899,10.0
1196,0,0,0,-5722.0700,487.0890,394.8890,2.46110,10.0
1196,0,0,0,-5707.7100,555.2980,393.7350,5.94476,10.0
1196,0,0,0,-5689.3100,522.7430,388.4230,2.02134,10.0
1196,0,0,0,-5666.9100,420.5410,385.6530,4.36595,10.0
1196,0,0,0,-5643.3600,-677.0350,403.9820,0.06059,10.0
1196,0,0,0,-5592.1700,418.1390,380.4490,1.46771,10.0
1196,0,0,0,-5583.7500,-1116.9800,390.6720,3.90310,10.0
1196,0,0,0,-5574.9200,338.1280,391.4830,4.78926,10.0
1196,0,0,0,-5534.0200,-1472.9900,406.7500,5.33400,10.0
1196,0,0,0,-5515.4300,212.8200,400.0360,5.67476,10.0
1196,0,0,0,-5473.1100,-2141.5500,413.6580,1.07831,10.0
1196,0,0,0,-5456.1500,-1880.8900,401.2260,1.53009,10.0
1196,0,0,0,-5440.8500,441.9560,385.4320,6.11634,10.0
1196,0,0,0,-5437.8900,406.1420,391.7030,1.42780,10.0
1196,0,0,0,-5426.1800,207.7240,396.9850,0.80039,10.0
1196,0,0,0,-5417.8000,34.0006,414.6170,5.90087,10.0
1196,0,0,0,-5417.4400,478.4290,384.3420,0.35924,10.0
1196,0,0,0,-5399.5700,546.4080,387.2710,2.96873,10.0
1196,0,0,0,-5319.3200,-26.9008,393.7780,5.97920,10.0
1196,0,0,0,-5303.7600,-94.8990,400.8860,4.52040,10.0
1196,0,0,0,-5297.7500,-968.5920,389.8090,3.75646,10.0
1196,0,0,0,-5293.4000,-717.5000,388.4570,5.09433,10.0
1196,0,0,0,-5292.1100,420.8570,388.8600,4.78662,10.0
1196,0,0,0,-5285.8400,-75.1347,401.9100,1.57080,10.0
1196,0,0,0,-5278.4000,371.0680,394.7560,4.62827,10.0
1196,0,0,0,-5264.6500,315.3380,396.4360,4.78078,10.0
1196,0,0,0,-5242.6000,-56.3073,396.1700,5.92624,10.0
1196,0,0,0,-5240.0700,359.1820,397.2370,0.63480,10.0
1196,0,0,0,-5217.1400,277.9760,396.3430,2.24331,10.0
1196,0,0,0,-5199.9900,-114.4050,407.8440,2.00034,10.0
1196,0,0,0,-5145.8600,236.2820,397.9080,6.27733,10.0
1196,0,0,0,-5085.3400,159.3690,397.8500,3.00052,10.0
1196,0,0,0,-5056.0700,68.3708,395.5870,5.66157,10.0
1196,0,0,0,-5028.8300,294.8990,396.0380,1.72953,10.0
1196,0,0,0,-4990.8400,-58.1003,386.7580,2.88709,10.0
1196,0,0,0,-4929.4600,116.8130,388.4850,1.23168,10.0
1196,0,0,0,-4877.0700,20.2735,388.3660,2.92886,10.0
1196,0,0,0,-4871.8500,99.7302,389.4020,5.81539,10.0
1196,0,0,0,-4834.8100,-228.9430,399.4680,6.26547,10.0
1196,0,0,0,-4822.0300,-356.8840,396.4300,6.18500,10.0
1197,0,0,0,-6231.6600,-2950.1600,402.5940,5.02683,2.0
1197,0,0,0,-6227.1600,-2945.0900,403.3710,5.78787,2.0
1197,0,0,0,-6223.2300,-2952.5300,402.9900,5.27555,2.0
1197,0,0,0,-6219.4500,-2990.9300,397.3390,1.57080,0.0
1197,0,0,0,-6214.6500,-3008.0600,385.1020,5.70263,2.0
1197,0,0,0,-6214.3500,-2926.1600,401.9800,6.18262,5.0
1197,0,0,0,-6208.3000,-2998.8700,386.2010,1.45448,2.0
1197,0,0,0,-6189.7300,-2989.4700,388.5580,0.65942,3.0
1197,0,0,0,-6172.8800,-2938.9500,405.8310,1.89966,2.0
1197,0,0,0,-6169.2300,-2961.1200,387.5000,3.28122,2.0
1197,0,0,0,-6161.8300,-2993.7100,388.7660,4.74389,2.0
1197,0,0,0,-6144.4300,-3028.8100,393.5840,4.70981,2.0
1197,0,0,0,-6101.3200,-3044.5400,400.7290,4.10801,0.0
1197,0,0,0,-6100.8100,-3048.2400,400.8260,2.08385,0.0
1197,0,0,0,-6073.7800,-3027.4200,401.8700,4.86481,0.0
1197,0,0,0,-4987.3300,-3484.1900,305.5650,5.35816,0.0
1197,0,0,0,-4983.4000,-3515.6100,301.3910,5.65368,5.0
1197,0,0,0,-4973.6400,-3497.3200,305.3570,2.73420,0.0
1197,0,0,0,-4965.4800,-3487.5000,306.4410,4.65677,0.0
1197,0,0,0,-4948.8100,-3474.5600,311.2860,2.67248,5.0
1197,0,0,0,-4940.6300,-3421.8800,305.5230,5.92704,0.0
1197,0,0,0,-4926.9300,-3443.2700,308.0230,0.00000,2.0
1197,0,0,0,-4920.5600,-3425.7800,304.6130,0.08006,5.0
1198,0,0,0,-9469.2800,-1355.2400,47.4289,1.02974,0.0
1199,0,0,0,-5913.9300,-194.2440,369.5760,2.70591,10.0
1199,0,0,0,-5879.3300,-110.4800,364.7470,0.74255,10.0
1199,0,0,0,-5875.6800,-84.7733,366.7500,2.04335,10.0
1199,0,0,0,-5869.4900,-101.4020,363.1650,1.43409,10.0
1199,0,0,0,-5866.3000,51.6890,358.5640,1.13511,10.0
1199,0,0,0,-5862.5000,-4.1660,357.2030,0.18115,10.0
1199,0,0,0,-5855.9600,-328.3770,364.2070,1.71573,10.0
1199,0,0,0,-5849.4600,-158.3640,360.6780,2.97099,10.0
1199,0,0,0,-5848.8400,-242.4860,360.4300,5.21096,10.0
1199,0,0,0,-5835.6800,-347.3670,369.9430,3.65392,10.0
1199,0,0,0,-5809.9400,-178.8090,352.0260,2.52271,10.0
1199,0,0,0,-5805.9600,-432.4790,368.5780,4.10375,10.0
1199,0,0,0,-5796.5800,-426.6680,365.1430,4.08298,10.0
1199,0,0,0,-5778.8200,-287.6920,357.8770,1.13394,10.0
1199,0,0,0,-5730.9400,-316.4220,363.0890,0.82825,10.0
1201,0,0,0,-5956.0800,-527.0720,408.0400,1.75645,10.0
1201,0,0,0,-5951.0000,-559.0000,406.5710,0.60700,10.0
1201,0,0,0,-5910.7200,-584.2050,402.8380,1.59622,10.0
1201,0,0,0,-5906.0200,-638.2080,400.6050,3.35762,10.0
1201,0,0,0,-5880.7100,-1130.1800,381.1410,1.34810,10.0
1201,0,0,0,-5873.7900,-1125.4000,380.5010,2.41008,10.0
1201,0,0,0,-5865.5300,-626.1960,398.2950,1.10286,10.0
1201,0,0,0,-5860.7800,-948.4750,406.3940,0.73151,10.0
1201,0,0,0,-5854.1500,-1329.2200,390.3770,1.40404,10.0
1201,0,0,0,-5853.8200,-657.4350,398.3710,2.66080,10.0
1201,0,0,0,-5847.7500,-1170.0700,380.3020,5.42865,10.0
1201,0,0,0,-5835.5300,-1078.5800,386.0620,2.91890,10.0
1201,0,0,0,-5834.4900,-1213.9500,382.9240,2.54926,10.0
1201,0,0,0,-5819.5400,-1283.8000,382.7740,4.70410,10.0
1201,0,0,0,-5818.5100,-587.5670,398.4200,2.78763,10.0
1201,0,0,0,-5812.7800,-917.8080,396.2780,6.12445,10.0
1201,0,0,0,-5808.6900,-1156.0400,377.0390,3.08685,10.0
1201,0,0,0,-5802.2800,-1108.0400,382.6000,2.90324,10.0
1201,0,0,0,-5782.2100,-1150.9000,377.5710,3.11311,10.0
1201,0,0,0,-5780.6700,-979.0750,394.1080,1.23184,10.0
1201,0,0,0,-5773.2700,-848.2920,398.0600,3.97464,10.0
1201,0,0,0,-5759.3800,-1298.2500,388.4830,3.34436,10.0
1201,0,0,0,-5755.0000,-890.0080,399.8580,0.93511,10.0
1201,0,0,0,-5748.9500,-1243.5300,382.1520,6.24739,10.0
1201,0,0,0,-5734.6400,-1268.0600,387.0400,0.39200,10.0
1201,0,0,0,-5733.4700,-852.8640,405.0130,5.78026,10.0
1201,0,0,0,-5733.1900,-576.4080,399.4140,2.88073,10.0
1201,0,0,0,-5724.1800,-1008.4700,395.6590,6.26042,10.0
1201,0,0,0,-5711.3400,-1126.4000,385.1040,4.60282,10.0
1201,0,0,0,-5709.4500,-1044.8500,397.3100,6.11836,10.0
1201,0,0,0,-5680.9900,-979.5160,393.7240,2.10358,10.0
1201,0,0,0,-5675.0400,445.2110,386.3220,6.27733,10.0
1201,0,0,0,-5656.3600,368.8050,388.0550,0.43382,10.0
1201,0,0,0,-5636.1300,408.9040,383.0550,1.53886,10.0
1201,0,0,0,-5635.8000,391.6880,383.5460,5.18477,10.0
1201,0,0,0,-5606.1100,-959.7850,396.0770,2.44885,10.0
1201,0,0,0,-5591.1700,-972.5200,393.6150,4.02707,10.0
1201,0,0,0,-5545.6600,349.7850,391.8410,6.09268,10.0
1201,0,0,0,-5508.8900,369.4900,389.2220,3.63580,10.0
1201,0,0,0,-5483.2200,414.5990,386.0780,6.14018,10.0
1201,0,0,0,-5468.1700,196.8560,397.1110,4.41572,10.0
1201,0,0,0,-5447.4600,483.9580,385.7460,2.00944,10.0
1201,0,0,0,-5441.7900,108.3790,396.5520,2.44372,10.0
1201,0,0,0,-5418.4000,481.3740,384.7540,3.20424,10.0
1201,0,0,0,-5417.5800,536.1850,386.7560,0.54577,10.0
1201,0,0,0,-5353.7900,415.8790,388.8760,3.41024,10.0
1201,0,0,0,-5272.7000,442.6750,385.9280,4.67123,0.0
1201,0,0,0,-5192.9700,318.0880,398.7470,3.43679,10.0
1201,0,0,0,-5189.3600,411.9830,393.4080,4.56624,10.0
1201,0,0,0,-5176.9300,357.4120,395.8390,4.44110,10.0
1201,0,0,0,-5175.9200,265.3250,397.0160,2.23852,10.0
1201,0,0,0,-5170.2000,265.7140,397.3400,5.36389,10.0
1201,0,0,0,-5137.5800,-88.7495,387.3290,3.54315,10.0
1201,0,0,0,-5118.7300,169.4390,394.8600,4.41289,10.0
1201,0,0,0,-5111.6500,-2247.3400,400.8250,5.14892,10.0
1201,0,0,0,-5110.6200,-7.2236,397.5510,4.48390,10.0
1201,0,0,0,-5098.3700,-2091.3500,414.8590,0.35511,10.0
1201,0,0,0,-5083.9400,-47.5227,395.2940,0.31781,10.0
1201,0,0,0,-5071.1900,60.7926,397.7260,2.99046,10.0
1201,0,0,0,-5068.7000,-2086.7200,421.7710,1.81341,10.0
1201,0,0,0,-5057.2100,-2155.6100,401.2720,3.37805,10.0
1201,0,0,0,-5050.0700,82.5392,394.5130,0.02077,10.0
1201,0,0,0,-5037.9800,-2099.9600,418.7040,1.23053,10.0
1201,0,0,0,-5034.9900,123.8710,391.9940,0.67671,10.0
1201,0,0,0,-5026.7000,68.6194,391.0140,1.29169,10.0
1201,0,0,0,-4978.0600,-83.9934,380.9440,0.62048,10.0
1201,0,0,0,-4923.4500,-4.1242,391.3350,4.96904,10.0
1201,0,0,0,-4893.6500,-302.3590,393.8810,4.06442,5.0
1201,0,0,0,-4891.4300,-48.5917,388.2310,5.05403,10.0
1201,0,0,0,-4887.1900,-173.1530,383.4710,3.17868,10.0
1201,0,0,0,-4870.3200,-363.2950,392.0160,5.98458,10.0
1202,0,0,0,-5299.2500,-2716.7900,343.4980,5.32325,0.0
1202,0,0,0,-5296.0900,-2716.7100,343.0070,4.16762,0.0
1202,0,0,0,-5293.4800,-2723.7200,342.7370,4.96419,0.0
1202,0,0,0,-5291.5500,-2696.6500,344.7160,3.17606,3.0
1202,0,0,0,-5285.2000,-2697.8800,344.5260,5.32325,0.0
1202,0,0,0,-5274.9000,-2703.0200,343.6080,2.82743,0.0
1202,0,0,0,-4941.1400,-3014.3800,328.3080,3.94444,0.0
1202,0,0,0,-4803.0800,-2971.9500,321.5990,2.10747,0.0
1202,0,0,0,-4801.6500,-2964.4500,321.8300,5.72468,0.0
1202,0,0,0,-4800.1200,-3033.3600,303.3300,3.58412,5.0
1202,0,0,0,-4793.2900,-2980.2800,323.2720,1.19696,0.0
1202,0,0,0,-4725.8700,-3081.5100,307.7790,1.98558,5.0
1202,0,0,0,-4714.9300,-3090.7200,307.2370,2.01586,0.0
1202,0,0,0,-4709.3200,-3077.7500,309.2370,0.62669,0.0
1205,0,0,0,-6151.4500,-2952.7800,411.6020,2.67035,0.0
1206,0,0,0,-6158.1300,-2951.2700,410.8150,6.24828,0.0
1207,0,0,0,-6153.2700,-2949.1300,411.8720,4.36332,0.0
1211,0,0,0,-5364.0400,543.2510,386.9900,1.58291,5.0
1211,0,0,0,-5349.0100,548.2600,385.7400,3.68992,0.0
1211,0,0,0,-5343.2100,584.9310,386.9260,0.16017,0.0
1211,0,0,0,-5334.2700,561.9420,395.8740,4.08995,0.0
1211,0,0,0,-5315.9600,583.0910,388.4980,1.20870,0.0
1211,0,0,0,-5314.8900,483.7130,384.3100,5.90742,0.0
1211,0,0,0,-5312.1000,546.1900,383.9200,3.44000,5.0
1211,0,0,0,-5311.4400,520.6240,384.9460,0.12460,0.0
1211,0,0,0,-5309.6000,598.9310,390.6440,5.93616,0.0
1211,0,0,0,-5302.2400,620.9190,391.9680,5.37211,0.0
1211,0,0,0,-5291.6400,598.3700,388.0930,4.30000,0.0
1211,0,0,0,-5288.6200,459.8840,383.6360,2.90539,5.0
1211,0,0,0,-5288.1800,536.8600,384.4100,5.98000,5.0
1211,0,0,0,-5288.1800,585.7270,387.3490,6.03063,0.0
1211,0,0,0,-5285.1500,581.2640,386.8490,3.79016,0.0
1211,0,0,0,-5282.5800,581.7600,386.8490,5.48548,0.0
1211,0,0,0,-5281.5900,486.9860,384.6220,3.90797,5.0
1211,0,0,0,-5279.2500,515.3870,385.8850,0.50319,5.0
1211,0,0,0,-5251.1900,486.9360,386.0110,3.29077,5.0
1211,0,0,0,-5246.0600,585.7400,403.1120,6.21870,5.0
1211,0,0,0,-5215.2600,519.8100,387.3900,0.40000,0.0
1211,0,0,0,-5192.7300,576.4900,401.5500,4.81000,0.0
1211,0,0,0,-5187.6100,608.4380,408.9680,4.87859,0.0
1211,0,0,0,-5183.3500,555.4000,395.2800,4.40000,0.0
1211,0,0,0,-5178.4200,607.8650,409.0650,4.70149,0.0
1211,0,0,0,-5169.9200,585.3560,406.0080,5.95157,0.0
1211,0,0,0,-5120.2700,524.7590,407.9950,1.85442,0.0
1211,0,0,0,-5102.0200,459.9130,403.3950,3.41763,0.0
1211,0,0,0,-5092.1000,515.0320,406.7020,2.64376,0.0
1211,0,0,0,-5089.2500,438.1640,410.2570,0.11179,0.0
1211,0,0,0,-5086.5000,462.9970,405.5070,3.92020,0.0
1211,0,0,0,-5081.5700,420.6270,415.9690,3.11621,0.0
1211,0,0,0,-5078.4000,489.3800,401.9210,3.29002,0.0
1211,0,0,0,-5073.2300,440.3340,411.0660,4.20571,0.0
1211,0,0,0,-5072.5900,441.6110,423.8820,5.08146,0.0
1211,0,0,0,-5071.9800,459.9910,410.5070,0.40189,0.0
1211,0,0,0,-5070.4800,480.1160,401.8510,3.02022,0.0
1211,0,0,0,-5056.9800,418.3210,421.5680,5.51575,0.0
1211,0,0,0,-5052.9400,453.2740,412.4040,5.08973,0.0
1211,0,0,0,-5048.7500,478.5350,404.6100,1.34722,0.0
1211,0,0,0,-5047.4600,506.1100,408.9320,5.59929,0.0
1213,0,0,0,-8898.2300,-119.8380,82.0160,2.74017,0.0
1214,0,0,0,-5702.5200,-3781.7900,322.9020,4.38078,0.0
1216,0,0,0,-11462.9000,1731.1000,9.9405,5.56708,10.0
1216,0,0,0,-11451.1000,1762.0400,5.9498,5.42914,10.0
1216,0,0,0,-11336.6000,1944.3800,0.9938,2.20304,10.0
1216,0,0,0,-11329.5000,1895.7900,9.2646,0.69944,10.0
1216,0,0,0,-11310.5000,1941.7900,7.4559,2.55754,5.0
1216,0,0,0,-11301.9000,1969.2600,3.4273,1.21420,10.0
1216,0,0,0,-11278.7000,1995.9900,1.9940,1.02656,10.0
1216,0,0,0,-11278.6000,1964.8200,9.4054,3.16943,10.0
1216,0,0,0,-11249.8000,1985.6400,8.9713,1.07896,10.0
1216,0,0,0,-11235.3000,2003.1700,3.5855,0.84099,5.0
1216,0,0,0,-11229.9000,1984.2600,10.2792,4.17918,10.0
1216,0,0,0,-11215.0000,2009.6600,5.9992,5.77569,5.0
1216,0,0,0,-10969.5000,2116.6100,-1.1908,3.81565,5.0
1216,0,0,0,-10962.4000,2096.0100,4.3156,0.83010,10.0
1216,0,0,0,-10958.0000,2117.4400,-0.2439,3.11035,10.0
1216,0,0,0,-10944.5000,2109.0200,3.0967,3.94166,10.0
1216,0,0,0,-10933.2000,2127.1800,-0.3523,1.93208,10.0
1216,0,0,0,-10928.4000,2115.5900,2.8758,2.89468,10.0
1216,0,0,0,-10910.3000,2132.3700,0.2814,0.64819,10.0
1216,0,0,0,-10908.9000,2121.9600,3.0246,3.02509,10.0
1216,0,0,0,-10891.3000,2130.4400,0.3904,2.03881,10.0
1216,0,0,0,-10885.9000,2114.2900,5.1030,0.83994,10.0
1218,0,0,0,-9060.0000,148.5660,115.2220,1.60600,0.0
1222,0,0,0,-4729.4900,-3549.4100,304.1500,1.72788,0.0
1222,0,0,0,-4724.6800,-3545.2800,304.7750,2.46091,0.0
1224,0,0,0,-5627.3000,-3337.8900,283.5770,2.58467,10.0
1224,0,0,0,-5619.4900,-3417.6500,274.4530,5.22120,10.0
1224,0,0,0,-5608.8700,-3489.7800,288.6250,5.33942,10.0
1224,0,0,0,-5552.4100,-3379.5500,281.7880,0.42462,10.0
1224,0,0,0,-5494.1900,-3609.2600,288.3560,5.55697,10.0
1224,0,0,0,-5420.0700,-3320.8600,265.8260,0.83365,10.0
1224,0,0,0,-5416.8500,-3250.3300,273.0370,3.72009,10.0
1224,0,0,0,-5415.4100,-3391.1300,262.3280,4.57889,10.0
1224,0,0,0,-5413.6900,-3590.8800,285.7940,0.33717,10.0
1224,0,0,0,-5411.2900,-3644.1900,284.8770,6.10661,10.0
1224,0,0,0,-5355.5400,-3415.1500,261.2110,1.08880,10.0
1224,0,0,0,-5350.9000,-3350.1100,254.9350,2.79951,10.0
1224,0,0,0,-5350.9000,-3619.0400,276.3140,4.45128,10.0
1224,0,0,0,-5350.4800,-3474.0300,257.4720,2.42082,10.0
1224,0,0,0,-5349.0800,-3555.6800,270.4350,0.22797,10.0
1224,0,0,0,-5294.2300,-3581.5300,288.0660,2.22245,10.0
1224,0,0,0,-5242.1000,-3238.4500,258.2750,3.96708,10.0
1224,0,0,0,-5220.4300,-3229.7500,272.0090,0.77066,10.0
1224,0,0,0,-5220.3200,-3319.5900,247.0900,6.23097,10.0
1224,0,0,0,-5193.0400,-3325.6900,240.5930,5.68654,10.0
1224,0,0,0,-5108.3500,-3339.4800,262.2350,0.55492,10.0
1225,0,0,0,-5716.1800,-3110.8100,316.7870,3.06542,0.0
1226,0,0,0,-5590.5600,-529.6570,399.7350,2.23402,0.0
1228,0,0,0,-5586.9400,-537.1730,403.6240,5.89921,0.0
1229,0,0,0,-5605.7300,-530.3850,399.7380,0.17453,0.0
1231,0,0,0,-5618.5400,-454.0710,407.8420,5.30580,0.0
1232,0,0,0,-5586.7600,-542.1630,403.6240,1.09956,0.0
1234,0,0,0,-5604.4400,-540.3230,399.1800,5.23599,0.0
1236,0,0,0,-9939.5500,1448.8300,39.6373,0.73009,3.0
1236,0,0,0,-9880.8900,1449.9000,43.6066,0.12973,3.0
1236,0,0,0,-9877.3700,1430.5500,44.0194,1.30677,0.0
1236,0,0,0,-9866.4700,1455.0200,41.6068,3.70767,3.0
1236,0,0,0,-9852.6300,1401.4200,37.5871,2.87751,0.0
1236,0,0,0,-9830.7300,1429.9800,37.0235,2.49284,0.0
1236,0,0,0,-9826.6600,1404.0800,37.3115,1.82128,0.0
1237,0,0,0,-5671.1900,-1577.1500,383.3290,3.43830,0.0
1238,0,0,0,-5582.0200,-423.1000,397.4090,5.00910,0.0
1240,0,0,0,-5576.2100,-422.0310,397.4090,4.20624,0.0
1243,0,0,0,-6015.5100,-201.5110,407.4370,0.03491,0.0
1245,0,0,0,-5576.3700,-429.7710,397.3260,2.91470,0.0
1249,0,0,0,-9653.9500,659.6510,38.7355,5.68977,0.0
1250,0,0,0,-9483.1000,-1356.2500,47.0410,0.76794,0.0
1252,0,0,0,-5644.3700,-499.1630,396.7520,1.79769,0.0
1253,0,0,0,-5350.6100,-1040.9800,394.9910,1.62316,0.0
1254,0,0,0,-5726.5800,-1600.2900,386.0840,3.33358,0.0
1255,0,0,0,-5670.1900,-1594.2800,383.3880,3.17650,0.0
1256,0,0,0,-5676.3100,-1604.0900,383.3880,2.19912,0.0
1260,0,0,0,-5670.6900,647.0650,388.3390,6.25313,5.0
1260,0,0,0,-5657.9400,694.3500,388.5950,2.91833,5.0
1260,0,0,0,-5602.9300,612.6530,389.8000,0.72000,5.0
1260,0,0,0,-5586.9100,680.0540,384.9580,4.05244,5.0
1260,0,0,0,-5577.4400,738.9880,392.4930,6.15967,5.0
1260,0,0,0,-5552.2900,629.5490,399.1550,5.04597,5.0
1261,0,0,0,-5537.0300,-1323.6700,399.1590,0.10472,0.0
1263,0,0,0,-5547.6200,-1306.4500,398.4090,4.45606,0.0
1265,0,0,0,-5513.7800,-1304.7100,404.6090,3.50811,0.0
1266,0,0,0,-5573.0100,99.3317,483.9100,5.11381,0.0
1268,0,0,0,-5498.2900,-457.8740,395.6440,0.10472,0.0
1269,0,0,0,-5497.9400,-455.8350,395.4380,5.63683,0.0
1271,0,0,0,-5656.0000,-96.0000,419.2400,1.04200,0.0
1273,0,0,0,-5590.6700,-428.4160,397.4090,5.46288,0.0
1344,0,0,0,-5694.6500,-3812.4500,321.7000,1.09956,0.0
1345,0,0,0,-5713.7500,-3783.7800,323.0180,5.55015,0.0
1352,0,0,0,-5546.1300,-1301.8800,399.9090,1.25519,0.0
1354,0,0,0,-6368.7700,562.0930,385.7140,1.69297,0.0
1355,0,0,0,-5666.2200,-1565.4400,383.2040,2.32129,0.0
1358,0,0,0,-5689.3800,-1603.3300,383.2270,1.02974,0.0
1360,0,0,0,-5685.6800,-1596.6700,383.3290,4.08407,0.0
1362,0,0,0,-4822.4300,-2659.4100,327.2120,0.68068,0.0
1365,0,0,0,-4882.5200,-952.7960,501.5470,3.28122,0.0
1366,0,0,0,-8747.2800,535.4830,96.4380,1.01889,0.0
1367,0,0,0,-8745.9300,534.7490,96.4380,0.99484,0.0
1368,0,0,0,-8582.0300,633.6340,96.4380,4.98933,0.0
1370,0,0,0,-8580.5100,635.1080,96.4380,4.98933,0.0
1371,0,0,0,-8583.8800,633.1270,96.4380,4.98933,0.0
1373,0,0,0,-5605.9600,-544.4510,392.5300,0.97738,0.0
1374,0,0,0,-5378.4000,315.2910,394.2890,4.46804,0.0
1375,0,0,0,-5372.0300,315.4280,394.4440,4.57276,0.0
1376,0,0,0,-5488.9900,-682.3300,394.4360,1.06465,0.0
1377,0,0,0,-5473.1900,-641.7980,393.3000,0.17453,0.0
1378,0,0,0,-5466.5300,-632.1410,393.9390,0.00000,0.0
1379,0,0,0,-5764.8100,-3433.9300,305.8900,5.30580,0.0
1388,0,0,0,-5389.0000,-1282.0000,445.9900,2.44300,0.0
1393,0,0,0,-5697.5300,-3869.4700,331.6620,4.13643,0.0
1393,0,0,0,-5669.9200,-3948.6400,319.8310,5.32325,3.0
1393,0,0,0,-5651.9900,-3996.8900,325.4470,5.92764,5.0
1393,0,0,0,-5638.1700,-3875.8100,330.0450,3.97935,0.0
1393,0,0,0,-5635.5000,-3888.3300,330.0570,2.28638,0.0
1395,0,0,0,-8691.9000,444.2200,100.1320,5.13127,0.0
1397,0,0,0,-5372.2200,-224.2430,443.6490,4.17533,5.0
1397,0,0,0,-5371.7200,-271.3850,438.8980,3.78877,5.0
1397,0,0,0,-5354.9400,-240.6240,444.3260,3.31181,5.0
1397,0,0,0,-5350.3800,-221.8050,443.9400,3.90228,5.0
1397,0,0,0,-5341.2200,-271.6240,446.6420,5.69854,5.0
1397,0,0,0,-5337.2200,-225.2500,440.4650,5.14872,0.0
1397,0,0,0,-5334.1200,-236.3470,440.4650,5.32325,0.0
1397,0,0,0,-5315.9600,-247.5770,440.8350,5.86799,5.0
1397,0,0,0,-5284.2400,-184.5430,440.6840,4.42848,0.0
1397,0,0,0,-5078.6500,-278.5900,448.9990,0.79781,0.0
1397,0,0,0,-5078.3300,-306.9020,446.7270,5.95739,0.0
1397,0,0,0,-5054.4900,-318.6000,451.1210,3.38155,5.0
1397,0,0,0,-5053.6900,-259.2610,441.3920,2.30383,0.0
1397,0,0,0,-5052.2600,-289.2300,441.5940,6.06620,0.0
1397,0,0,0,-5046.7400,-257.1530,441.3920,5.48033,0.0
1397,0,0,0,-5036.6200,-243.8570,444.9040,0.15568,5.0
1397,0,0,0,-5033.8600,-254.4080,444.3420,1.93182,0.0
1397,0,0,0,-5025.7300,-200.8430,445.1580,1.41372,0.0
1397,0,0,0,-5023.9500,-281.6680,442.5800,4.84310,0.0
1397,0,0,0,-5023.3600,-204.9430,444.9910,4.04916,0.0
1397,0,0,0,-5004.9500,-269.7390,443.5450,0.40410,0.0
1397,0,0,0,-5004.5700,-230.8080,443.4910,2.08519,5.0
1397,0,0,0,-4985.2400,-293.5650,449.3330,1.65928,0.0
1402,0,0,0,-8795.2200,675.2060,102.0360,0.34907,0.0
1405,0,0,0,-8713.6600,801.1500,98.0096,3.43830,0.0
1412,0,0,0,-9001.0000,852.7900,105.6630,0.05400,5.0
1412,0,0,0,-8972.0000,858.7850,106.1620,1.38300,5.0
1412,0,0,0,-8959.0000,880.3790,105.6810,2.59500,5.0
1412,0,0,0,-8942.0000,956.9230,117.1180,2.47200,5.0
1412,0,0,0,-8923.9700,945.1070,117.4400,5.82104,5.0
1412,0,0,0,-8902.0000,959.4820,117.3610,0.59900,5.0
1412,0,0,0,-8895.0000,888.5980,103.1200,5.45400,5.0
1412,0,0,0,-8890.0700,909.1820,110.5160,4.83021,5.0
1412,0,0,0,-5919.9800,-3619.7900,353.1850,5.35871,10.0
1412,0,0,0,-5919.0900,-2545.4200,306.6230,0.76596,10.0
1412,0,0,0,-5886.8100,-2530.0900,306.2300,4.00640,10.0
1412,0,0,0,-5877.2400,-2605.2800,313.5430,5.97048,10.0
1412,0,0,0,-5825.9000,-2575.4900,309.1470,3.50074,10.0
1412,0,0,0,-5817.9600,-3316.8100,298.8020,2.01236,10.0
1412,0,0,0,-5806.2000,-2564.1700,308.5470,2.44699,10.0
1412,0,0,0,-5793.3900,-2575.8700,310.2060,0.87570,10.0
1412,0,0,0,-5775.3200,-3586.2500,332.7820,5.97498,10.0
1412,0,0,0,-5684.4200,-3186.1900,319.5180,4.86311,10.0
1412,0,0,0,-5566.3500,-2777.4200,367.4380,0.97846,10.0
1412,0,0,0,-5517.1700,-2888.8200,355.5770,3.25311,10.0
1412,0,0,0,-5440.6300,-2917.1900,347.2460,3.14159,10.0
1412,0,0,0,-5423.0700,-2973.5600,350.9860,0.23063,10.0
1412,0,0,0,-5421.1600,-2846.8100,345.5240,1.71854,10.0
1412,0,0,0,-5388.6900,-3079.9900,352.6760,2.50047,10.0
1412,0,0,0,-5381.2700,-3078.8000,352.0510,3.50134,10.0
1412,0,0,0,-5353.4800,-2993.7700,328.2490,1.59900,10.0
1412,0,0,0,-5349.2000,-3092.8900,350.4790,6.10937,10.0
1412,0,0,0,-5342.6900,-2948.5200,323.6340,2.31135,10.0
1412,0,0,0,-5330.8800,-2919.9300,345.6560,3.46567,10.0
1412,0,0,0,-5327.4100,-3092.7400,347.5240,0.89661,10.0
1412,0,0,0,-5320.0600,-2999.3700,336.3670,4.51518,10.0
1412,0,0,0,-5311.6200,-2987.3300,340.8490,4.44660,10.0
1412,0,0,0,-5287.3600,-2775.9500,353.2130,2.15649,10.0
1412,0,0,0,-5283.4400,-3781.6300,313.2650,5.28680,10.0
1412,0,0,0,-5268.3300,-3065.3000,344.0190,4.04870,10.0
1412,0,0,0,-5248.6700,-3814.4100,320.7940,5.28631,10.0
1412,0,0,0,-5243.0600,-2818.9800,345.4140,0.74055,10.0
1412,0,0,0,-5212.5000,-2795.8300,340.3960,5.17142,10.0
1412,0,0,0,-5179.5100,-3822.7000,327.3880,3.72692,10.0
1412,0,0,0,-5153.1700,-3715.9600,312.5400,1.90280,10.0
1412,0,0,0,-5152.9700,-2981.8700,331.4680,5.01574,10.0
1412,0,0,0,-5137.6600,-3077.8000,322.2040,0.16097,10.0
1412,0,0,0,-5096.5600,-2717.9000,342.9020,3.48794,10.0
1412,0,0,0,-5076.2400,-2855.0400,323.3070,5.77611,10.0
1412,0,0,0,-5030.7300,-3102.8700,317.8720,5.19342,10.0
1412,0,0,0,-5021.6500,-2770.7000,323.9430,5.97564,10.0
1412,0,0,0,-5019.8800,-3717.2400,311.6390,1.86599,10.0
1412,0,0,0,-4978.6200,-2678.2400,325.0600,3.76674,10.0
1412,0,0,0,-4921.9200,-3680.9900,310.1860,5.20487,10.0
1412,0,0,0,-4813.1300,-3656.2000,303.5900,5.11833,10.0
1412,0,0,0,-4808.7500,-2777.9400,325.0870,3.76463,10.0
1412,0,0,0,-4808.3300,-2575.0000,355.6570,1.06428,10.0
1412,0,0,0,-4779.2900,-3614.3600,305.8510,3.91318,10.0
1412,0,0,0,-4687.1600,-2826.7200,323.9040,0.92156,10.0
1412,0,0,0,-77.5867,1284.1700,57.5194,1.86121,10.0
1412,0,0,0,439.6780,1218.8000,87.4069,0.05469,10.0
1412,0,0,0,1217.4300,1968.9700,10.5966,6.06568,10.0
1419,0,0,0,-8994.1900,947.0690,118.3480,4.29351,0.0
1420,0,0,0,-10845.8000,-3979.8600,19.2282,4.87227,5.0
1420,0,0,0,-10651.2000,-3762.0400,18.0268,2.61324,5.0
1420,0,0,0,-10618.4000,-3666.9400,23.9986,3.49188,5.0
1420,0,0,0,-10528.8000,-2564.6500,20.3808,2.58341,5.0
1420,0,0,0,-10492.6000,-3392.2800,17.6325,3.22808,5.0
1420,0,0,0,-10377.5000,-3446.6200,18.0939,4.85732,5.0
1420,0,0,0,-10366.8000,-2741.0500,18.7491,1.13696,5.0
1420,0,0,0,-10326.7000,-4280.0900,17.8872,4.77883,5.0
1420,0,0,0,-10310.8000,-3297.3900,21.0641,4.42523,5.0
1420,0,0,0,-10162.4000,-2467.9000,27.6994,4.31519,5.0
1420,0,0,0,-10040.3000,-4147.1100,18.8715,1.48474,5.0
1420,0,0,0,-4127.7400,-3173.2500,11.4239,2.29533,10.0
1420,0,0,0,-4067.3400,-2893.0500,6.2549,2.52712,10.0
1420,0,0,0,-4019.8200,-2935.4200,8.0640,1.80923,10.0
1420,0,0,0,-3850.1600,-790.8340,5.6153,1.88266,10.0
1420,0,0,0,-3789.4200,-2853.7700,6.9713,2.83836,10.0
1420,0,0,0,-3762.6300,-803.1820,10.6035,1.33434,10.0
1420,0,0,0,-3737.1400,-688.0940,9.0020,5.63766,10.0
1420,0,0,0,-3692.6200,-873.5840,10.3455,3.53443,10.0
1420,0,0,0,-3645.3100,-798.4380,10.7048,0.09104,10.0
1420,0,0,0,-3633.5700,-933.7270,-9.4160,4.87035,10.0
1420,0,0,0,-3608.7100,-839.0000,-11.6273,5.56693,10.0
1420,0,0,0,-3514.0900,-2816.2500,9.5318,0.75502,10.0
1420,0,0,0,-3456.5200,-2707.0600,7.6369,1.39794,10.0
1420,0,0,0,-3441.8900,-1030.0800,7.8100,5.78898,10.0
1420,0,0,0,-3423.0100,-1158.4200,6.6704,3.00976,10.0
1420,0,0,0,-3273.3000,-1476.9600,8.1343,4.19106,10.0
1420,0,0,0,-3245.8400,-1761.9600,7.6643,1.95130,10.0
1420,0,0,0,-3219.3400,-2537.8600,7.2125,0.59274,10.0
1420,0,0,0,-3201.2700,-1712.7100,5.8233,0.33225,10.0
1420,0,0,0,-3192.2900,-2451.8900,9.8345,1.87834,10.0
1420,0,0,0,-3173.6000,-1790.3100,5.6232,0.21926,10.0
1420,0,0,0,-3156.8300,-1679.3200,10.3775,1.99793,10.0
1420,0,0,0,-3149.5100,-1975.5800,12.0985,0.83377,10.0
1420,0,0,0,-3076.7300,-2380.4000,6.9665,1.76743,10.0
1420,0,0,0,-3074.1000,-1408.8400,13.9082,5.94909,10.0
1420,0,0,0,-3048.7000,-1271.0900,11.7266,5.42589,10.0
1420,0,0,0,-3015.1000,-2127.8500,6.2125,3.53794,10.0
1420,0,0,0,-2933.6400,-1839.4200,6.3445,5.85847,10.0
1420,0,0,0,-2885.8100,-1303.4300,9.6275,4.91898,10.0
1420,0,0,0,-2837.8100,-1424.4100,12.7294,1.46759,10.0
1420,0,0,0,-2114.7600,-1988.4800,3.5207,4.72190,10.0
1420,0,0,0,-2086.1500,-2082.2800,8.1085,1.41641,10.0
1420,0,0,0,422.9850,647.2390,26.5941,1.64346,10.0
1420,0,0,0,608.3410,598.9490,33.7812,3.53699,10.0
1420,0,0,0,641.0430,966.3710,38.5904,4.99337,10.0
1420,0,0,0,789.0620,761.1890,27.9448,0.54742,10.0
1420,0,0,0,1060.7100,1076.7600,35.5059,5.73255,10.0
1420,0,0,0,1134.0900,696.1610,29.1998,1.97620,10.0
1420,0,0,0,1159.6200,950.7850,32.4903,2.02789,10.0
1420,0,0,0,1308.4100,719.2610,34.2072,3.20023,10.0
1424,0,0,0,-9843.0100,1390.7300,38.1707,5.66296,0.0
1425,0,0,0,-4985.4500,-2947.4500,315.5130,5.03197,0.0
1426,0,0,0,-10581.5000,2003.6200,-6.3880,3.13363,3.0
1426,0,0,0,-10580.1000,1979.0500,-4.3470,5.98916,3.0
1426,0,0,0,-10558.5000,1957.1800,-3.1244,1.06297,3.0
1426,0,0,0,-10536.6000,2003.7000,-8.6642,2.34942,3.0
1426,0,0,0,-10509.5000,1957.6900,6.9281,1.67018,3.0
1426,0,0,0,-10477.8000,1939.6700,8.0599,3.05218,0.0
1426,0,0,0,-10474.9000,1990.8400,9.4214,2.22722,0.0
1426,0,0,0,-10458.9000,1954.2900,8.3236,6.23570,0.0
1427,0,0,0,-8782.9000,640.1880,97.4065,5.68977,0.0
1429,0,0,0,-8962.0000,809.7120,109.5460,2.08700,0.0
1430,0,0,0,-9466.9900,-4.5340,57.0330,1.64061,0.0
1437,0,0,0,-3644.8900,-754.9850,9.9751,3.57897,0.0
1439,0,0,0,-8562.7800,369.6920,108.5690,0.47124,0.0
1440,0,0,0,-8346.0000,383.9280,122.3740,2.24200,0.0
1445,0,0,0,-3667.3900,-733.4980,10.9584,2.74017,0.0
1446,0,0,0,-3673.0700,-731.0840,10.9426,5.70723,0.0
1447,0,0,0,-3741.1900,-888.7980,11.0104,1.71042,0.0
1448,0,0,0,-3712.1600,-834.0660,11.4796,2.58165,0.0
1465,0,0,0,-5391.7300,-2974.8800,325.9470,0.30745,0.0
1469,0,0,0,-5286.9200,-2981.9900,341.8920,5.05660,0.0
1473,0,0,0,-5380.4700,-2999.7600,330.7190,0.22689,0.0
1474,0,0,0,-5331.3900,-2985.2400,325.2590,3.89208,0.0
1476,0,0,0,-3816.1100,-831.2610,9.5674,3.64644,0.0
1479,0,0,0,-3713.9800,-811.7930,25.4030,2.41864,0.0
1480,0,0,0,-3769.1800,-881.0150,10.9641,0.89542,0.0
1481,0,0,0,-3767.4700,-778.8530,8.9137,5.16370,0.0
1482,0,0,0,-3674.2400,-734.2370,10.9442,0.68843,0.0
1483,0,0,0,-3743.2200,-797.5700,11.4796,2.64953,0.0
1484,0,0,0,-3743.4300,-886.8780,11.0121,3.57173,0.0
1499,0,0,0,2305.9100,265.1640,38.7532,0.83776,0.0
1500,0,0,0,2262.2600,244.2570,33.7170,3.42085,0.0
1501,0,0,0,1872.0600,1503.1200,88.0423,2.66062,5.0
1501,0,0,0,1886.9300,1455.5600,78.4480,0.27481,5.0
1501,0,0,0,1888.0400,1520.4200,88.1731,1.82163,0.0
1501,0,0,0,1893.5800,1540.5600,88.2019,1.38298,5.0
1501,0,0,0,1897.7700,1493.7900,94.0501,1.81434,2.0
1501,0,0,0,1899.3100,1547.7200,89.1474,0.29671,0.0
1501,0,0,0,1901.4500,1524.8200,87.7641,0.14686,10.0
1501,0,0,0,1901.9800,1571.7600,89.0864,6.02667,0.0
1501,0,0,0,1902.3900,1491.7300,89.1655,5.23592,0.0
1501,0,0,0,1904.3700,1645.9400,90.7070,2.69251,5.0
1501,0,0,0,1905.0600,1462.1100,82.1722,5.87028,5.0
1501,0,0,0,1905.4100,1601.5400,86.3339,4.53082,5.0
1501,0,0,0,1912.9700,1516.6800,87.0453,0.60833,5.0
1501,0,0,0,1914.1800,1533.7200,86.9618,6.27027,0.0
1501,0,0,0,1919.4900,1623.6800,85.5839,4.92853,5.0
1501,0,0,0,1920.6600,1574.6400,85.9355,3.70597,5.0
1501,0,0,0,1922.8500,1593.8000,84.4355,2.93639,10.0
1501,0,0,0,1939.4700,1571.1900,83.0324,0.00000,0.0
1501,0,0,0,1940.1500,1629.4300,80.1276,5.53251,10.0
1501,0,0,0,1940.9700,1562.8200,87.0045,-1.29707,0.0
1501,0,0,0,1945.6500,1455.6000,73.3928,0.32009,10.0
1501,0,0,0,1946.6600,1470.2700,76.7557,3.95143,10.0
1501,0,0,0,1963.5800,1606.2400,88.2010,1.12033,3.0
1501,0,0,0,1965.0600,1610.4100,83.4242,0.31518,0.0
1501,0,0,0,1966.1400,1636.9600,78.0026,1.17677,10.0
1501,0,0,0,1969.0000,1611.1200,88.1992,4.22559,2.0
1501,0,0,0,1977.1400,1647.2900,75.3515,-1.24838,0.0
1501,0,0,0,1983.2000,1641.6100,76.1643,1.18989,5.0
1502,0,0,0,1852.5100,1507.4800,88.8269,1.75722,5.0
1502,0,0,0,1853.8100,1487.7700,91.1091,1.36340,5.0
1502,0,0,0,1858.3800,1527.9600,88.6499,0.64641,2.0
1502,0,0,0,1864.5500,1528.0800,88.6208,1.35432,2.0
1502,0,0,0,1881.1700,1526.8200,88.1731,4.49383,5.0
1502,0,0,0,1898.7800,1504.8400,89.1851,1.96264,0.0
1502,0,0,0,1903.6300,1504.3400,93.9357,6.17590,2.0
1502,0,0,0,1903.9400,1489.8200,94.0517,1.08002,2.0
1502,0,0,0,1905.9000,1561.9000,88.1273,4.92183,0.0
1502,0,0,0,1913.0200,1501.9800,89.1851,1.12645,5.0
1502,0,0,0,1921.0900,1487.4900,87.7721,0.83283,5.0
1502,0,0,0,1923.0800,1547.9200,87.3368,1.87310,0.0
1502,0,0,0,1926.7900,1522.1800,87.3504,2.68243,5.0
1502,0,0,0,1928.7600,1603.6400,83.3339,4.93894,5.0
1502,0,0,0,1930.2100,1662.6900,79.1377,3.80412,5.0
1502,0,0,0,1930.9900,1498.8800,86.3843,5.12447,5.0
1502,0,0,0,1934.1000,1518.7300,88.0872,3.57589,5.0
1502,0,0,0,1934.1100,1579.1700,82.5360,3.29743,5.0
1502,0,0,0,1945.0100,1506.9000,87.3372,5.93766,5.0
1502,0,0,0,1945.5800,1591.0100,82.7152,5.30879,5.0
1502,0,0,0,1946.8600,1561.3200,87.4658,0.24497,2.0
1502,0,0,0,1952.1900,1608.9700,83.4339,0.95583,0.0
1502,0,0,0,1956.2500,1553.1900,88.0450,5.95711,0.0
1502,0,0,0,1961.6400,1603.7000,83.5338,2.05830,0.0
1502,0,0,0,1962.8200,1559.8300,84.7525,5.90830,5.0
1502,0,0,0,1964.6800,1550.6900,85.8947,1.53650,5.0
1502,0,0,0,1965.1000,1598.7000,88.1981,3.64610,2.0
1502,0,0,0,1973.7000,1597.1400,82.3567,3.85391,5.0
1502,0,0,0,1976.3100,1515.0400,86.9381,6.13592,5.0
1502,0,0,0,1987.9600,1614.6900,82.1956,4.82802,3.0
1502,0,0,0,1990.4500,1549.6200,80.1622,0.58665,5.0
1502,0,0,0,1994.9600,1532.4800,78.3820,0.00000,0.0
1502,0,0,0,2008.6300,1478.1100,69.4733,4.57726,5.0
1502,0,0,0,2008.9300,1567.1900,79.1212,3.27444,5.0
1502,0,0,0,2013.6600,1581.9700,77.1212,1.63115,5.0
1504,0,0,0,2016.1000,1770.8900,105.3470,4.71727,5.0
1504,0,0,0,2035.0800,1760.7800,101.6400,0.38044,5.0
1504,0,0,0,2042.1200,1781.0000,98.0553,4.16728,5.0
1504,0,0,0,2046.4800,1729.1000,80.4178,4.63342,10.0
1504,0,0,0,2047.3900,1704.6100,76.1127,4.95543,10.0
1504,0,0,0,2054.8200,1808.7700,103.1980,1.65094,5.0
1504,0,0,0,2055.1900,1763.6000,87.0146,0.29201,5.0
1504,0,0,0,2057.6000,1745.2700,81.8896,3.94670,5.0
1504,0,0,0,2064.3000,1789.2000,91.4989,5.12211,5.0
1504,0,0,0,2076.6400,1692.9900,69.9850,1.16920,10.0
1504,0,0,0,2081.5300,1751.8200,77.1040,0.00000,10.0
1504,0,0,0,2086.2200,1716.2600,67.4429,1.78024,10.0
1504,0,0,0,2091.8800,1795.6800,104.6670,2.48413,5.0
1504,0,0,0,2100.5800,1714.5600,67.1622,2.39110,10.0
1504,0,0,0,2107.5000,1753.7700,78.5072,4.27949,5.0
1504,0,0,0,2107.5600,1680.3500,71.6100,6.00689,5.0
1504,0,0,0,2117.5800,1758.9600,85.3126,4.05153,5.0
1504,0,0,0,2118.2300,1721.5600,73.3410,0.59341,0.0
1504,0,0,0,2121.0600,1779.0700,93.3710,5.43961,5.0
1504,0,0,0,2121.5500,1685.1300,75.9850,3.94828,10.0
1504,0,0,0,2131.4200,1811.0000,106.2380,1.02082,5.0
1504,0,0,0,2134.5900,1745.1200,83.5088,3.76549,10.0
1504,0,0,0,2136.2500,1651.9200,78.8605,3.70541,10.0
1504,0,0,0,2145.5400,1820.8800,114.1790,0.34842,5.0
1504,0,0,0,2146.5900,1717.6300,89.1338,5.35081,10.0
1504,0,0,0,2152.7200,1794.5800,111.8300,4.76015,5.0
1504,0,0,0,2154.0700,1687.3700,86.5780,1.59658,3.0
1504,0,0,0,2161.9800,1758.5700,96.4834,0.73847,10.0
1504,0,0,0,2162.6900,1707.0700,93.3838,5.43568,3.0
1504,0,0,0,2175.5600,1773.0600,106.2560,5.15284,5.0
1505,0,0,0,2008.1200,1940.4900,104.0970,5.63867,3.0
1505,0,0,0,2010.7200,1927.2500,105.4410,4.63097,5.0
1505,0,0,0,2011.6100,1950.1800,102.7840,4.99225,3.0
1505,0,0,0,2017.3500,1852.3600,102.7160,5.50816,3.0
1505,0,0,0,2019.2500,1896.6200,103.7490,2.33423,0.0
1505,0,0,0,2020.1400,1910.7200,105.8170,3.74741,3.0
1505,0,0,0,2022.5600,1972.3600,99.8971,4.71197,5.0
1505,0,0,0,2023.8700,1847.8800,102.9570,5.65308,3.0
1505,0,0,0,2028.4500,1919.7900,107.1090,4.76898,5.0
1505,0,0,0,2031.6700,1982.4100,99.6013,5.47444,5.0
1505,0,0,0,2034.4800,1884.7600,103.2000,0.15322,0.0
1505,0,0,0,2037.4800,1849.0600,103.9490,2.98668,0.0
1505,0,0,0,2038.7500,1927.2500,107.1540,1.66668,5.0
1505,0,0,0,2039.2200,1912.8700,102.5870,5.07578,3.0
1505,0,0,0,2040.2900,1847.2700,104.3380,1.92848,0.0
1505,0,0,0,2040.9900,1986.8600,99.7469,0.84376,0.0
1505,0,0,0,2043.8300,1862.4000,102.8500,4.18525,3.0
1505,0,0,0,2044.0200,1896.4900,101.8320,1.21590,5.0
1505,0,0,0,2045.1000,1831.2400,107.8790,3.39880,5.0
1505,0,0,0,2046.7900,1875.4100,102.0560,5.74451,5.0
1505,0,0,0,2048.1300,1912.9500,102.7500,3.79019,5.0
1505,0,0,0,2053.5800,1905.1400,101.3990,6.00857,3.0
1505,0,0,0,2056.8100,1972.3600,100.8470,5.48545,3.0
1505,0,0,0,2062.1900,1975.5700,100.7990,2.90281,5.0
1505,0,0,0,2077.1600,1960.4700,97.0297,5.54291,5.0
1505,0,0,0,2077.1600,1950.3800,98.1403,3.59272,5.0
1505,0,0,0,2081.1300,1968.8300,101.1960,5.56363,3.0
1506,0,0,0,1678.7900,1330.8800,130.0100,3.76314,5.0
1506,0,0,0,1702.6300,1363.1900,118.6110,3.81337,5.0
1506,0,0,0,1728.3500,1327.0600,108.1160,1.90598,5.0
1506,0,0,0,1747.3100,1282.7200,112.2190,0.20971,5.0
1506,0,0,0,1752.9600,1325.0000,99.9812,4.63906,10.0
1506,0,0,0,1768.7500,1336.7000,90.5801,3.83170,5.0
1506,0,0,0,1770.1600,1376.8300,90.0053,1.41803,0.0
1506,0,0,0,1771.1200,1409.4300,95.1356,1.09421,0.0
1506,0,0,0,1775.1300,1303.4200,104.5590,4.84573,5.0
1506,0,0,0,1790.3900,1345.2100,89.3329,0.89194,0.0
1506,0,0,0,1798.1400,1299.3300,103.7500,5.12213,5.0
1506,0,0,0,1804.3000,1333.5600,88.1740,4.86114,10.0
1506,0,0,0,1810.6000,1360.7500,83.8749,3.52339,10.0
1506,0,0,0,1814.3500,1395.2900,78.5285,1.24603,10.0
1506,0,0,0,1814.6100,1284.9500,98.0074,0.33673,5.0
1506,0,0,0,1835.8800,1340.2300,81.4634,4.07856,5.0
1506,0,0,0,1836.4800,1365.1000,74.4481,4.46190,5.0
1506,0,0,0,1844.6400,1290.7800,102.4840,3.62851,0.0
1506,0,0,0,1861.8700,1379.9200,75.7530,5.00450,10.0
1506,0,0,0,1862.3700,1327.3300,76.8690,3.44423,10.0
1506,0,0,0,1873.3700,1361.3200,70.4063,1.29634,10.0
1506,0,0,0,1875.6700,1303.8600,90.8630,1.06303,0.0
1506,0,0,0,1939.1900,1366.7000,68.0464,3.61504,5.0
1507,0,0,0,1719.7500,1294.1000,127.2240,3.61536,5.0
1507,0,0,0,1730.2900,1367.5000,104.4480,1.21610,5.0
1507,0,0,0,1741.4500,1342.8100,104.0400,4.25900,5.0
1507,0,0,0,1745.9300,1385.3800,99.0041,0.97942,5.0
1507,0,0,0,1777.7300,1385.4900,91.8299,1.71090,0.0
1507,0,0,0,1781.2600,1293.3100,110.7500,5.42494,5.0
1507,0,0,0,1789.4800,1335.2000,89.7295,1.36136,0.0
1507,0,0,0,1795.9100,1342.8100,89.0869,2.22754,0.0
1507,0,0,0,1829.7300,1327.4900,86.4345,3.30384,5.0
1507,0,0,0,1877.6600,1285.8100,97.7998,2.32532,5.0
1508,0,0,0,1770.3200,1517.1600,111.0110,4.28476,10.0
1508,0,0,0,1782.3900,1725.9000,118.9900,1.24428,5.0
1508,0,0,0,1808.2000,1541.7200,97.2886,3.88889,10.0
1508,0,0,0,1812.1500,1703.8800,105.5450,3.63478,10.0
1508,0,0,0,1814.5500,1485.2000,90.6575,4.44157,10.0
1508,0,0,0,1859.2400,1704.6400,93.9552,2.30812,5.0
1508,0,0,0,1888.9200,1729.8400,94.5244,4.74942,5.0
1508,0,0,0,1909.9800,1670.8800,82.4885,0.00879,5.0
1508,0,0,0,1942.0200,1673.6800,77.8776,1.86114,5.0
1508,0,0,0,1965.3000,1636.7900,78.0914,0.78678,10.0
1508,0,0,0,1973.3700,1701.8800,80.6756,3.54931,5.0
1508,0,0,0,2006.3800,1643.1200,73.2069,4.64239,10.0
1508,0,0,0,2041.2600,1591.7300,71.0407,4.28768,5.0
1508,0,0,0,2077.3200,1612.4400,71.0952,0.55388,5.0
1508,0,0,0,2093.5800,1457.0800,62.7387,2.25568,10.0
1508,0,0,0,2104.4700,1587.3100,75.5794,5.99224,10.0
1508,0,0,0,2121.8400,1487.2600,68.8893,2.98184,5.0
1508,0,0,0,2162.2000,1630.7700,86.0558,6.14599,5.0
1509,0,0,0,1855.7500,1424.4600,80.4898,0.85816,10.0
1509,0,0,0,1873.8800,1471.8500,83.2394,4.16876,5.0
1509,0,0,0,1912.7100,1305.8500,90.6524,3.20540,10.0
1509,0,0,0,1922.2700,1384.1200,68.8264,5.88265,10.0
1509,0,0,0,1925.7600,1366.6800,68.2069,4.54467,10.0
1509,0,0,0,1940.7300,1325.7300,77.6020,1.12098,10.0
1509,0,0,0,1953.2000,1471.7100,79.2557,3.94180,10.0
1509,0,0,0,1960.1300,1419.9200,67.2200,4.95589,5.0
1509,0,0,0,2005.8300,1377.9000,61.7779,1.27262,10.0
1509,0,0,0,2010.6700,1330.4700,76.3184,4.33550,5.0
1509,0,0,0,2045.5700,1421.0500,64.7015,3.89872,10.0
1509,0,0,0,2064.2700,1471.2900,67.2453,3.27782,10.0
1509,0,0,0,2067.9000,1343.6800,63.2778,5.74856,5.0
1509,0,0,0,2107.9000,1448.6200,62.5113,5.08433,10.0
1509,0,0,0,2112.7600,1421.7900,61.8798,1.97195,10.0
1509,0,0,0,2123.4000,1367.9400,63.8943,5.80867,10.0
1509,0,0,0,2125.3800,1475.6900,66.6393,5.21998,5.0
1509,0,0,0,2150.7300,1410.9600,71.0966,1.05952,10.0
1509,0,0,0,2151.1900,1334.4500,57.6619,5.49917,5.0
1512,0,0,0,1652.0800,1611.9200,148.0020,1.53477,10.0
1512,0,0,0,1653.9400,1706.3500,148.8980,4.31429,10.0
1512,0,0,0,1679.9900,1586.5700,128.8220,1.13599,10.0
1512,0,0,0,1685.7200,1420.3800,135.4720,4.97205,10.0
1512,0,0,0,1686.4500,1448.1900,133.0500,1.56201,10.0
1512,0,0,0,1706.1000,1415.0200,127.2670,3.20901,10.0
1512,0,0,0,1707.8700,1483.1100,146.6970,1.67292,10.0
1512,0,0,0,1717.7200,1445.4100,123.9750,2.96100,10.0
1512,0,0,0,1718.9400,1680.2300,132.0860,1.43740,10.0
1512,0,0,0,1742.2400,1453.9700,131.8400,3.14648,10.0
1512,0,0,0,1744.7500,1569.4900,115.2280,4.67350,10.0
1512,0,0,0,1745.2500,1481.9300,130.6320,4.96211,10.0
1512,0,0,0,1750.1900,1646.8000,118.6980,6.19436,10.0
1512,0,0,0,1751.1500,1421.9000,113.9500,0.14039,10.0
1512,0,0,0,1753.6500,1709.5600,126.9650,4.75733,10.0
1512,0,0,0,1756.7400,1740.4400,139.7550,5.22366,10.0
1512,0,0,0,1782.2800,1487.9500,105.5680,0.22365,10.0
1512,0,0,0,1794.0800,1721.5400,113.7010,2.23537,10.0
1512,0,0,0,1806.6200,1774.7200,132.9740,3.13085,10.0
1512,0,0,0,1826.5900,1523.7900,90.4232,3.83090,10.0
1512,0,0,0,1827.9400,1716.6800,102.8990,5.09471,10.0
1512,0,0,0,1842.4800,1680.3600,97.5541,4.12050,10.0
1512,0,0,0,1863.3500,1669.1300,93.6798,4.36509,10.0
1512,0,0,0,1884.9300,1772.6400,117.0670,3.13433,10.0
1512,0,0,0,1907.3800,1691.0700,85.3940,5.04437,10.0
1512,0,0,0,1911.8900,1753.7800,96.4376,2.50895,10.0
1512,0,0,0,1920.7700,1754.4100,95.3078,6.25479,10.0
1512,0,0,0,1921.4200,1686.9800,80.0345,3.56188,10.0
1512,0,0,0,1922.8600,1778.0600,117.4780,2.14774,10.0
1512,0,0,0,1952.7500,1751.1600,114.0050,5.14466,10.0
1512,0,0,0,1963.8000,1696.2700,79.4307,4.90902,10.0
1512,0,0,0,1984.6000,1673.9200,77.7889,5.38853,10.0
1512,0,0,0,1998.5200,1702.0900,79.2207,5.47174,10.0
1512,0,0,0,2038.1800,1636.3500,70.7680,4.91933,10.0
1512,0,0,0,2083.2700,1495.5500,65.6588,0.07569,10.0
1512,0,0,0,2088.0600,1552.1700,72.9855,3.90605,10.0
1512,0,0,0,2091.3900,1627.6300,72.5215,3.77039,10.0
1512,0,0,0,2112.1000,1507.1700,68.1521,4.41300,10.0
1512,0,0,0,2143.4900,1608.0800,79.2258,5.89356,10.0
1512,0,0,0,2144.3800,1565.6300,78.1720,5.06625,10.0
1513,0,0,0,1825.9700,1456.6400,85.6311,3.85075,10.0
1513,0,0,0,1843.1400,1447.2000,80.4335,6.05085,10.0
1513,0,0,0,1868.2300,1493.3000,87.9405,2.52543,5.0
1513,0,0,0,1888.6400,1441.5200,74.6557,0.58800,5.0
1513,0,0,0,1898.0200,1365.0800,69.6885,0.75115,10.0
1513,0,0,0,1940.3100,1433.4200,67.7195,3.77771,10.0
1513,0,0,0,1970.4000,1323.1300,78.7402,4.20651,5.0
1513,0,0,0,1970.8300,1358.3500,67.2825,1.81564,10.0
1513,0,0,0,1977.0700,1423.2200,64.3089,3.16810,5.0
1513,0,0,0,1977.8500,1501.1000,85.6051,5.32992,5.0
1513,0,0,0,1988.3900,1454.8200,72.0954,4.04741,5.0
1513,0,0,0,2036.8300,1351.3400,63.8865,3.64032,5.0
1513,0,0,0,2043.2700,1477.4400,67.5220,0.80280,5.0
1513,0,0,0,2046.7500,1333.0300,69.2192,1.97851,10.0
1513,0,0,0,2061.1700,1445.7700,67.4551,2.32901,10.0
1513,0,0,0,2072.3900,1385.9000,59.9138,4.20885,5.0
1513,0,0,0,2082.4100,1423.8600,61.7008,2.13820,5.0
1513,0,0,0,2090.5800,1329.6800,60.4422,0.53004,10.0
1513,0,0,0,2110.2600,1494.6200,68.1782,6.06376,5.0
1513,0,0,0,2128.1700,1443.8600,66.8825,1.17082,10.0
1513,0,0,0,2135.0300,1371.7500,67.5564,4.45096,10.0
1515,0,0,0,2278.0800,295.5870,35.3301,1.93731,0.0
1518,0,0,0,2259.0400,347.0480,36.1025,4.86947,0.0
1520,0,0,0,2504.6600,831.0010,120.9610,1.46048,5.0
1520,0,0,0,2508.9500,834.0810,120.8860,0.75049,0.0
1520,0,0,0,2513.1700,741.3340,120.8650,4.57276,0.0
1520,0,0,0,2514.2900,917.6890,81.8103,2.06918,10.0
1520,0,0,0,2529.8700,802.5840,110.8490,0.60766,5.0
1520,0,0,0,2531.9700,956.7790,92.0752,2.71060,10.0
1520,0,0,0,2536.4000,770.1580,110.8610,0.62667,5.0
1520,0,0,0,2547.9300,805.1580,110.7580,1.58825,0.0
1520,0,0,0,2562.5100,806.4220,109.0340,0.28466,5.0
1520,0,0,0,2593.7400,1019.9800,99.4340,6.28148,5.0
1520,0,0,0,2619.5100,961.9590,109.7030,1.50699,10.0
1520,0,0,0,2637.7600,1049.9700,103.2770,1.12534,5.0
1520,0,0,0,2660.4200,952.0830,114.1980,0.35216,5.0
1520,0,0,0,2668.6400,952.1390,114.2130,6.01835,5.0
1520,0,0,0,2682.7100,981.2260,114.6910,6.02197,5.0
1520,0,0,0,2689.0000,817.7300,109.6970,4.96615,10.0
1520,0,0,0,2720.9600,879.5710,113.4880,2.47125,5.0
1520,0,0,0,2727.9700,795.7060,112.2620,0.51450,5.0
1520,0,0,0,2750.0500,948.1250,113.0330,6.14599,5.0
1520,0,0,0,2754.9000,807.5620,113.1740,1.67552,0.0
1520,0,0,0,2805.3500,949.7890,117.1080,0.43649,5.0
1521,0,0,0,2249.0600,236.7850,41.2981,0.00000,0.0
1522,0,0,0,2527.2600,810.8810,110.7360,4.06415,5.0
1522,0,0,0,2545.9600,987.5050,87.9090,2.77729,10.0
1522,0,0,0,2547.2500,883.5110,91.3032,2.79174,0.0
1522,0,0,0,2547.2700,823.2580,106.5230,4.23214,5.0
1522,0,0,0,2572.3200,909.8580,101.5990,2.65978,10.0
1522,0,0,0,2582.6600,850.8600,98.2156,2.29520,5.0
1522,0,0,0,2588.3300,982.4310,100.8940,6.25390,5.0
1522,0,0,0,2612.0400,891.0200,108.8300,2.57336,10.0
1522,0,0,0,2616.7400,981.0060,107.6280,5.55095,5.0
1522,0,0,0,2617.3900,1018.5600,101.6710,1.23861,5.0
1522,0,0,0,2636.8200,920.1250,109.7050,3.63509,10.0
1522,0,0,0,2644.3500,983.5030,111.9780,1.32227,5.0
1522,0,0,0,2648.8400,849.5390,110.3340,3.92368,10.0
1522,0,0,0,2684.3600,889.5310,110.4310,0.01665,10.0
1522,0,0,0,2684.3700,1027.6100,108.8460,5.15828,5.0
1522,0,0,0,2704.8300,1026.0300,110.7180,3.21753,5.0
1522,0,0,0,2706.4700,921.0220,112.9230,0.01562,10.0
1522,0,0,0,2706.4900,852.0490,112.4190,4.78475,5.0
1522,0,0,0,2706.5000,993.2360,110.9400,1.84367,10.0
1522,0,0,0,2728.2300,779.2510,112.3360,2.28638,0.0
1522,0,0,0,2745.5100,808.0800,113.2050,1.16937,0.0
1522,0,0,0,2746.7500,781.9110,114.9280,1.53589,0.0
1522,0,0,0,2750.7400,887.7050,113.1510,0.54897,5.0
1522,0,0,0,2752.4800,792.3340,119.2180,1.72788,0.0
1522,0,0,0,2754.0300,1005.2900,111.6550,2.99748,10.0
1522,0,0,0,2775.2400,818.0820,112.6250,2.74466,5.0
1522,0,0,0,2778.7500,1104.7200,85.2753,6.01869,5.0
1522,0,0,0,2784.3900,1048.4400,110.1640,4.83468,5.0
1522,0,0,0,2786.6700,913.8020,115.7260,5.23632,5.0
1522,0,0,0,2786.7300,987.5870,112.3460,0.51998,10.0
1522,0,0,0,2806.5100,1097.8300,86.2252,2.11234,0.0
1522,0,0,0,2809.3200,818.4120,112.8290,1.79769,0.0
1522,0,0,0,2810.3900,831.5370,111.9660,2.89722,3.0
1522,0,0,0,2811.5500,869.9710,111.9510,2.97899,5.0
1522,0,0,0,2813.1500,728.1390,139.6970,3.94310,5.0
1522,0,0,0,2816.9800,809.3520,113.6870,5.61802,0.0
1522,0,0,0,2824.4600,1117.8900,85.4170,4.50567,5.0
1522,0,0,0,2827.1700,809.8240,113.6970,2.42349,0.0
1522,0,0,0,2831.8800,915.4150,121.2500,4.64692,5.0
1522,0,0,0,2857.0000,1075.7200,117.9890,5.26917,5.0
1522,0,0,0,2860.9800,988.1480,118.2570,0.61291,5.0
1522,0,0,0,2864.4100,904.5380,118.5880,0.89446,5.0
1522,0,0,0,2865.4500,1104.0600,116.0200,1.27731,0.0
1522,0,0,0,2874.3600,927.7550,119.8300,5.04834,5.0
1522,0,0,0,2883.1400,946.1420,119.5010,4.43252,5.0
1522,0,0,0,2888.2700,753.7240,120.4550,0.46428,10.0
1522,0,0,0,2896.3200,879.2600,119.0780,6.20127,5.0
1522,0,0,0,2911.2800,877.1340,118.9750,3.15220,5.0
1522,0,0,0,2917.8600,1050.7800,100.9780,0.05531,5.0
1522,0,0,0,2920.7000,971.5910,119.2460,5.36691,5.0
1522,0,0,0,2922.8000,854.7110,111.9680,4.17390,5.0
1522,0,0,0,2928.2600,894.6730,118.6000,2.85835,5.0
1522,0,0,0,2951.5700,947.0090,120.6300,4.05554,5.0
1522,0,0,0,2957.3200,876.2610,109.0070,4.98913,10.0
1522,0,0,0,2975.9500,1063.4300,89.4666,3.37308,5.0
1522,0,0,0,2997.7100,812.1240,90.8305,3.16898,5.0
1523,0,0,0,2772.0000,1054.6100,109.7890,4.87979,5.0
1523,0,0,0,2783.2900,847.9280,111.8640,3.53961,0.0
1523,0,0,0,2784.9300,791.1350,114.8040,3.75304,5.0
1523,0,0,0,2794.6100,997.6720,113.3460,1.36393,10.0
1523,0,0,0,2802.3500,880.4520,111.9250,4.27606,0.0
1523,0,0,0,2816.5000,1014.4000,115.7090,0.79760,10.0
1523,0,0,0,2821.7300,823.1220,113.5770,1.51844,0.0
1523,0,0,0,2827.0500,948.9580,120.7700,0.00000,5.0
1523,0,0,0,2834.9400,812.2940,113.6710,4.27606,0.0
1523,0,0,0,2837.7300,714.8010,136.7700,3.58022,5.0
1523,0,0,0,2845.1400,854.1560,113.2020,5.18363,0.0
1523,0,0,0,2846.1800,797.8290,113.7690,0.40207,5.0
1523,0,0,0,2847.7500,844.0610,112.2700,4.59094,10.0
1523,0,0,0,2854.6300,1052.7800,113.4400,1.06740,10.0
1523,0,0,0,2885.0300,815.6240,115.4330,2.28923,10.0
1523,0,0,0,2888.8900,1006.8500,111.2430,0.07333,5.0
1523,0,0,0,2893.9200,1075.2100,105.6950,1.61281,5.0
1523,0,0,0,2927.7200,952.8350,121.8120,6.03625,5.0
1523,0,0,0,2929.0300,911.3320,116.3860,6.08905,5.0
1523,0,0,0,2955.2400,1006.7900,109.1750,4.60993,10.0
1523,0,0,0,2960.5800,828.3300,102.4220,4.84923,10.0
1523,0,0,0,2979.5100,980.6530,115.0690,5.74269,5.0
1523,0,0,0,2993.2700,905.5250,106.6250,5.51358,5.0
1523,0,0,0,2997.0100,851.3930,99.3045,4.33007,5.0
1525,0,0,0,2040.5500,576.1330,34.8365,4.63803,5.0
1525,0,0,0,2049.1000,647.2430,36.9350,4.65601,5.0
1525,0,0,0,2081.1000,683.1420,38.8764,0.86373,10.0
1525,0,0,0,2082.1000,612.5470,34.5395,4.77549,10.0
1525,0,0,0,2088.7100,689.7530,37.7739,0.49967,10.0
1525,0,0,0,2111.5300,549.0180,40.6193,4.57229,10.0
1525,0,0,0,2117.5000,650.8750,34.7979,5.91032,10.0
1525,0,0,0,2123.0800,576.1270,36.6854,2.32582,10.0
1525,0,0,0,2137.7900,636.3450,34.3417,0.47829,5.0
1525,0,0,0,2143.4800,622.0570,34.8244,5.83732,10.0
1525,0,0,0,2149.7200,784.0850,35.7567,4.06662,0.0
1525,0,0,0,2151.1800,590.9950,37.4913,1.54898,10.0
1525,0,0,0,2154.3000,609.9870,35.5916,2.04405,10.0
1525,0,0,0,2154.5100,580.6920,39.5968,6.26377,10.0
1525,0,0,0,2201.6700,569.4250,28.8984,1.47459,5.0
1525,0,0,0,2203.7600,630.9800,24.8213,2.60363,5.0
1525,0,0,0,2210.8300,643.2420,24.8583,5.58453,5.0
1525,0,0,0,2216.5800,716.1340,37.0888,4.99164,10.0
1525,0,0,0,2217.6600,781.8780,33.9091,0.43633,10.0
1525,0,0,0,2225.4100,638.2870,24.8583,2.78981,5.0
1525,0,0,0,2282.8400,716.6900,34.4655,0.06981,10.0
1525,0,0,0,2290.2600,531.4120,36.6697,0.52360,0.0
1525,0,0,0,2315.8700,551.0300,30.3656,2.39110,0.0
1525,0,0,0,2319.5400,679.1730,37.4399,3.35103,10.0
1525,0,0,0,2321.8400,582.6910,24.7530,2.40762,10.0
1525,0,0,0,2324.4400,622.7180,33.8684,3.24631,10.0
1525,0,0,0,2329.3400,574.7660,26.3381,5.40517,10.0
1525,0,0,0,2342.3500,564.9350,28.1900,2.39110,0.0
1525,0,0,0,2351.0500,649.2390,33.7291,5.74213,0.0
1525,0,0,0,2388.2800,538.5100,39.0321,2.26893,0.0
1525,0,0,0,2402.6500,500.5040,39.7787,5.41052,0.0
1525,0,0,0,2408.2000,687.6920,33.2312,2.84489,0.0
1525,0,0,0,2410.6700,612.5710,30.9438,3.92699,0.0
1525,0,0,0,2440.7200,486.9740,44.5880,4.48550,10.0
1525,0,0,0,2441.0200,676.8700,33.3577,1.97222,0.0
1525,0,0,0,2442.0700,614.0410,30.8747,3.59538,0.0
1526,0,0,0,2011.9900,610.1760,40.0855,0.04884,5.0
1526,0,0,0,2039.5800,676.9890,41.3478,3.65191,10.0
1526,0,0,0,2043.9100,685.5560,41.9728,2.78179,10.0
1526,0,0,0,2054.7400,556.2320,41.3810,0.86117,5.0
1526,0,0,0,2099.7100,700.5380,35.8355,3.17876,10.0
1526,0,0,0,2102.3900,604.7350,35.2568,1.69219,10.0
1526,0,0,0,2116.8400,511.1790,54.4878,6.24410,10.0
1526,0,0,0,2120.4200,621.2720,34.9725,0.56185,10.0
1526,0,0,0,2134.4500,674.4910,35.3170,2.82787,5.0
1526,0,0,0,2163.4000,808.1230,40.3986,3.84416,5.0
1526,0,0,0,2175.9800,805.8090,40.5386,6.16054,5.0
1526,0,0,0,2206.0600,744.9450,38.7574,0.14304,10.0
1526,0,0,0,2206.1300,561.7970,29.8770,4.99789,5.0
1526,0,0,0,2207.2900,612.5320,24.9246,2.02159,5.0
1526,0,0,0,2217.1300,687.8860,35.6444,2.75492,10.0
1526,0,0,0,2222.1500,568.7550,33.2636,0.56254,5.0
1526,0,0,0,2245.4300,641.4330,24.8747,5.43462,5.0
1526,0,0,0,2247.6200,712.3600,35.3892,4.71451,10.0
1526,0,0,0,2261.5900,672.4200,34.7255,4.00091,5.0
1526,0,0,0,2264.2700,672.9110,34.0255,1.07309,5.0
1526,0,0,0,2280.5100,640.4950,24.8747,0.32372,10.0
1526,0,0,0,2284.9700,584.2110,33.7497,3.72898,10.0
1526,0,0,0,2293.5600,589.8560,30.7497,1.03610,10.0
1526,0,0,0,2317.2200,655.7280,31.9779,2.03095,10.0
1526,0,0,0,2321.4200,569.7070,25.1275,3.21266,10.0
1526,0,0,0,2367.5200,524.8610,31.5716,5.56482,5.0
1526,0,0,0,2370.9800,679.1810,35.2148,5.54725,5.0
1526,0,0,0,2373.7800,613.4870,31.9903,1.86604,5.0
1526,0,0,0,2375.7600,585.3860,32.6571,2.20658,5.0
1526,0,0,0,2388.2300,653.2100,31.0050,5.76090,5.0
1526,0,0,0,2414.0200,650.3230,32.7641,2.55596,5.0
1526,0,0,0,2454.0500,650.5230,33.3108,2.78248,5.0
1526,0,0,0,2469.5200,683.3970,42.0381,4.69015,5.0
1526,0,0,0,2480.5400,596.0320,32.2197,4.60534,5.0
1527,0,0,0,2519.4500,-18.7093,26.4906,3.18036,5.0
1527,0,0,0,2525.7900,-43.9199,28.2046,3.74604,5.0
1527,0,0,0,2540.6300,-17.4988,28.0394,2.15175,5.0
1527,0,0,0,2556.2700,-46.1772,29.0212,1.44717,5.0
1527,0,0,0,2557.3500,-22.0600,28.1963,3.86008,5.0
1527,0,0,0,2564.1400,-7.7110,26.4977,0.86310,5.0
1527,0,0,0,2567.0000,-28.3954,30.2328,0.88514,5.0
1527,0,0,0,2579.7800,-109.4410,30.5484,2.82384,3.0
1527,0,0,0,2588.1100,-59.5868,27.2833,5.87983,5.0
1527,0,0,0,2598.8800,-114.6540,34.5484,1.79853,3.0
1528,0,0,0,2478.5100,19.1697,25.7809,0.45441,0.0
1528,0,0,0,2487.8600,18.6828,26.3382,1.67701,0.0
1528,0,0,0,2512.9600,-37.3931,26.0322,0.04298,5.0
1528,0,0,0,2525.1700,-72.7583,35.4884,2.61061,5.0
1529,0,0,0,1945.9100,-317.9890,34.9644,0.89159,5.0
1529,0,0,0,1946.3900,-439.0020,35.5250,1.89252,5.0
1529,0,0,0,1949.9100,-409.9710,35.5772,2.66689,5.0
1529,0,0,0,1980.6300,-349.8230,35.5772,5.51277,10.0
1529,0,0,0,1993.2200,-451.6760,34.6500,4.84612,5.0
1529,0,0,0,2022.4400,-515.6860,43.2568,1.61769,5.0
1529,0,0,0,2026.6000,-434.3820,35.2750,0.54595,3.0
1529,0,0,0,2036.9500,-351.6390,35.5721,3.98287,10.0
1529,0,0,0,2042.2400,-423.9880,35.5727,1.88380,3.0
1529,0,0,0,2043.4500,-382.2950,35.5497,4.96575,5.0
1529,0,0,0,2044.8900,-336.6300,35.5635,4.14321,5.0
1529,0,0,0,2046.0200,-483.6160,41.1848,1.74654,3.0
1530,0,0,0,2837.2500,708.4830,138.9800,1.51954,5.0
1530,0,0,0,2850.9100,678.5850,135.7840,4.29069,5.0
1530,0,0,0,2874.8200,837.1940,111.2940,6.20262,5.0
1530,0,0,0,2886.4200,691.8130,122.7360,2.53876,5.0
1530,0,0,0,2889.9800,709.3700,119.9660,5.18477,5.0
1530,0,0,0,2899.5100,625.1130,103.5090,3.46862,5.0
1530,0,0,0,2919.2100,631.0100,101.2210,1.76322,5.0
1530,0,0,0,2919.4500,681.5610,109.7610,4.99669,5.0
1530,0,0,0,2958.9800,745.5570,100.9880,5.65101,5.0
1530,0,0,0,2970.3200,775.2610,92.6865,2.02483,5.0
1530,0,0,0,2990.6900,717.7840,94.1032,1.73414,5.0
1530,0,0,0,2991.6700,716.6670,93.8610,1.30761,5.0
1530,0,0,0,3024.0600,693.1720,66.1504,1.36453,5.0
1530,0,0,0,3024.2600,655.0260,75.4332,0.24435,5.0
1530,0,0,0,3030.5900,657.6650,58.2253,0.25246,5.0
1530,0,0,0,3032.7600,687.4940,66.5581,6.22086,5.0
1530,0,0,0,3034.5300,654.6890,75.4340,0.69813,5.0
1530,0,0,0,3042.0600,665.8920,58.1919,0.21388,0.0
1530,0,0,0,3044.2600,683.0900,66.7504,1.58539,5.0
1530,0,0,0,3045.4400,654.6140,75.4352,0.89012,5.0
1530,0,0,0,3051.9700,649.5230,96.2976,4.59262,5.0
1530,0,0,0,3056.7300,659.6810,58.1504,5.71003,5.0
1531,0,0,0,2380.3500,630.2520,30.2444,1.33931,25.0
1531,0,0,0,2463.7800,623.2080,29.7211,4.78220,25.0
1531,0,0,0,2631.4600,916.3610,109.1830,4.78220,0.0
1531,0,0,0,2817.4400,843.9210,111.8460,5.77210,0.0
1532,0,0,0,1985.6200,-320.6910,36.8912,0.46322,5.0
1532,0,0,0,1988.2100,-381.8670,35.5772,3.66628,10.0
1532,0,0,0,1991.2100,-488.3650,34.7926,5.14194,5.0
1532,0,0,0,1998.0100,-367.7620,35.5772,2.96288,10.0
1532,0,0,0,2007.8100,-422.7190,35.4582,3.07848,10.0
1532,0,0,0,2015.5700,-356.2340,35.5772,2.84128,10.0
1532,0,0,0,2015.6200,-425.2060,35.5517,4.70848,10.0
1532,0,0,0,2048.6100,-512.0230,44.3251,3.52147,5.0
1532,0,0,0,2056.2100,-359.2060,35.4470,3.25010,5.0
1532,0,0,0,2068.1900,-423.5460,39.0140,4.12169,5.0
1532,0,0,0,2070.6000,-462.6060,39.4806,5.28183,3.0
1532,0,0,0,2084.2600,-365.9570,38.9844,5.10916,5.0
1533,0,0,0,2885.0400,973.3060,116.9830,0.19997,0.0
1534,0,0,0,2890.2200,562.9500,105.5550,3.02060,5.0
1534,0,0,0,2905.0100,729.7080,114.5300,1.04075,5.0
1534,0,0,0,2938.0000,538.4250,94.0032,6.05435,5.0
1534,0,0,0,2945.2400,595.0500,93.6539,6.07217,5.0
1534,0,0,0,2946.2600,562.1710,91.2648,3.43794,5.0
1534,0,0,0,2956.2200,708.4720,105.8850,4.77548,5.0
1534,0,0,0,2956.4700,655.5520,105.1780,0.84480,5.0
1534,0,0,0,2961.1900,589.2380,95.8473,4.35385,5.0
1534,0,0,0,2982.3600,687.7520,96.1466,1.96581,5.0
1534,0,0,0,2983.8900,603.4070,98.2324,1.83568,5.0
1534,0,0,0,2985.0800,680.9550,96.4132,5.07085,5.0
1534,0,0,0,3008.3300,668.7500,90.4354,3.89572,5.0
1534,0,0,0,3010.5500,673.1610,90.4979,2.10172,5.0
1534,0,0,0,3026.1100,642.4150,90.3782,0.23577,5.0
1534,0,0,0,3026.2600,685.9420,66.1504,1.54437,5.0
1534,0,0,0,3026.5700,670.8930,90.5505,3.19246,5.0
1534,0,0,0,3041.3000,659.1670,57.7504,4.70929,5.0
1534,0,0,0,3043.1200,671.6970,81.1792,4.44264,5.0
1534,0,0,0,3052.6700,688.9450,66.5504,4.55945,5.0
1534,0,0,0,3057.4000,688.2740,66.1504,3.15593,5.0
1534,0,0,0,3060.6900,654.9230,75.5504,2.32581,5.0
1534,0,0,0,3065.5000,685.4640,66.5504,1.57262,5.0
1535,0,0,0,2288.9500,1490.4800,32.8677,0.52575,10.0
1535,0,0,0,2292.9100,1656.7600,46.8670,3.11114,5.0
1535,0,0,0,2294.9500,1559.2900,37.4996,1.55029,5.0
1535,0,0,0,2298.3800,1595.0400,39.9222,5.18259,10.0
1535,0,0,0,2319.1300,1614.7400,38.1725,3.14159,10.0
1535,0,0,0,2321.2300,1542.9700,34.2747,2.36095,10.0
1535,0,0,0,2332.2600,1680.0900,43.6263,0.66242,5.0
1535,0,0,0,2347.1300,1690.5200,40.8542,3.84261,5.0
1535,0,0,0,2348.3300,1475.9000,33.3439,2.45032,10.0
1535,0,0,0,2351.2500,1582.0800,34.8732,0.95055,5.0
1535,0,0,0,2354.2600,1513.0700,35.3082,5.02473,5.0
1535,0,0,0,2357.3300,1660.2300,34.5440,2.34507,10.0
1535,0,0,0,2378.4500,1619.7800,33.7167,1.73658,10.0
1535,0,0,0,2379.3400,1514.8800,35.9603,4.88692,0.0
1535,0,0,0,2384.7300,1552.5900,31.7073,0.58006,10.0
1535,0,0,0,2386.0500,1364.5700,34.4887,1.59686,0.0
1535,0,0,0,2396.4000,1485.8200,34.2861,0.89956,5.0
1535,0,0,0,2400.3800,1343.1100,34.2280,5.17516,5.0
1535,0,0,0,2403.3000,1648.7600,32.0077,1.99185,10.0
1535,0,0,0,2409.2200,1398.8000,33.7258,6.02541,5.0
1535,0,0,0,2409.4400,1583.8800,32.9756,4.27606,0.0
1535,0,0,0,2410.6700,1518.0200,34.2359,3.82045,10.0
1535,0,0,0,2430.0900,1577.9200,37.2447,3.80482,0.0
1535,0,0,0,2432.6600,1544.2100,34.5419,3.46242,5.0
1535,0,0,0,2434.5300,1638.5100,35.0626,0.00496,3.0
1535,0,0,0,2438.0900,1595.8400,72.3399,3.03687,0.0
1535,0,0,0,2439.1600,1599.6100,50.9602,5.86431,0.0
1535,0,0,0,2442.8600,1601.8200,37.1504,4.93928,0.0
1535,0,0,0,2444.5100,1601.6600,66.7561,4.72984,0.0
1535,0,0,0,2446.0100,1643.8900,33.7011,5.40014,0.0
1535,0,0,0,2450.4700,1592.6000,37.1535,2.86234,0.0
1535,0,0,0,2454.3800,1588.0800,72.3392,5.37561,0.0
1535,0,0,0,2455.3100,1601.8400,72.3392,0.69813,0.0
1535,0,0,0,2473.1300,1514.1500,33.9130,3.70284,5.0
1535,0,0,0,2482.0100,1580.4700,36.8568,0.86674,5.0
1536,0,0,0,1737.4900,726.4900,48.5953,3.07021,10.0
1536,0,0,0,1764.1800,767.0650,56.7175,4.69923,5.0
1536,0,0,0,1785.7700,621.7860,41.4007,5.30692,10.0
1536,0,0,0,1796.6700,749.4340,49.1112,2.23402,0.0
1536,0,0,0,1806.5100,648.4980,38.3679,0.71330,10.0
1536,0,0,0,1821.3800,763.3420,43.3882,1.58573,5.0
1536,0,0,0,1826.0400,825.9730,26.0906,1.11701,0.0
1536,0,0,0,1828.2400,699.3490,45.1569,0.43633,0.0
1536,0,0,0,1837.8500,855.6460,25.2396,2.89931,5.0
1536,0,0,0,1850.2000,882.2550,28.0977,3.93582,5.0
1536,0,0,0,1874.1700,1079.7100,25.4531,4.06983,10.0
1536,0,0,0,1879.7200,1024.2300,28.5879,1.34822,5.0
1536,0,0,0,1908.1200,923.9460,29.7386,0.00693,5.0
1537,0,0,0,1742.3100,685.2600,46.9681,6.18161,5.0
1537,0,0,0,1750.5400,577.7340,34.1766,4.96333,5.0
1537,0,0,0,1757.8000,642.3080,40.5509,4.71578,10.0
1537,0,0,0,1772.1400,676.7090,44.1020,4.41272,0.0
1537,0,0,0,1790.2100,746.8250,49.1620,1.08210,0.0
1537,0,0,0,1801.1200,720.5190,49.0874,3.17016,0.0
1537,0,0,0,1801.2900,705.4760,48.9744,4.32842,0.0
1537,0,0,0,1808.2900,653.9120,38.9971,4.62242,10.0
1537,0,0,0,1815.1300,676.7270,43.7270,4.45206,5.0
1537,0,0,0,1824.6400,601.6030,42.3981,1.82762,10.0
1537,0,0,0,1843.9200,827.2050,25.3005,4.74278,5.0
1537,0,0,0,1846.4200,694.8800,40.1448,3.45977,10.0
1537,0,0,0,1849.3100,608.5280,48.1101,1.76196,5.0
1537,0,0,0,1858.1000,722.1050,37.6762,4.33504,10.0
1537,0,0,0,1887.9700,753.3490,39.6658,5.67622,5.0
1537,0,0,0,2117.7600,-594.8260,78.6910,2.74017,0.0
1537,0,0,0,2124.6100,-625.8960,93.3734,5.79139,5.0
1537,0,0,0,2127.3000,-454.2080,75.1479,2.42601,3.0
1537,0,0,0,2139.6800,-577.8140,80.6594,1.18866,5.0
1537,0,0,0,2144.5900,-440.7310,73.7041,1.42556,0.0
1537,0,0,0,2149.4900,-508.6540,81.7641,2.53073,0.0
1537,0,0,0,2168.7400,-626.8720,87.9570,1.21185,0.0
1537,0,0,0,2174.4300,-412.1270,71.5903,3.23935,10.0
1537,0,0,0,2175.4200,-563.3540,78.7361,1.12538,5.0
1537,0,0,0,2176.8900,-452.1690,75.7226,3.41451,3.0
1537,0,0,0,2187.1900,-657.2430,89.6795,5.35480,0.0
1537,0,0,0,2187.7200,-428.9810,76.3403,1.24629,3.0
1537,0,0,0,2514.2200,-936.1220,66.0034,4.13643,0.0
1537,0,0,0,2528.3600,-843.5480,59.2939,0.91928,5.0
1537,0,0,0,2529.1100,-918.4900,56.4659,2.81400,3.0
1537,0,0,0,2530.4400,-890.3270,55.7939,0.34931,0.0
1537,0,0,0,2534.8900,-903.1890,56.8890,2.56563,0.0
1537,0,0,0,2544.8700,-918.0020,56.2483,0.75049,3.0
1537,0,0,0,2549.7400,-822.9710,64.4813,4.77404,5.0
1537,0,0,0,2554.6800,-952.8930,74.2141,0.20944,0.0
1537,0,0,0,2560.1500,-902.1250,55.6462,3.90369,3.0
1537,0,0,0,2564.6500,-890.2310,55.6520,3.59538,0.0
1537,0,0,0,2577.0900,-855.4840,60.1559,0.12726,5.0
1537,0,0,0,2581.1100,-913.9900,69.4303,5.74213,0.0
1537,0,0,0,2587.1600,-897.5130,61.5298,1.81514,0.0
1538,0,0,0,2112.7800,-625.0560,93.5988,3.43830,0.0
1538,0,0,0,2113.3900,-405.7290,71.6010,3.10200,5.0
1538,0,0,0,2123.3400,-632.0330,93.5874,5.07891,0.0
1538,0,0,0,2142.8000,-505.6470,81.7233,1.98477,5.0
1538,0,0,0,2143.2900,-554.6310,81.5568,5.79449,0.0
1538,0,0,0,2143.5700,-529.9840,81.7805,5.60251,0.0
1538,0,0,0,2149.2700,-513.3660,81.8476,2.12930,0.0
1538,0,0,0,2165.1700,-556.6630,79.3422,5.44543,0.0
1538,0,0,0,2169.0600,-520.5640,81.7340,4.86947,0.0
1538,0,0,0,2177.1300,-610.9770,80.7263,5.22851,5.0
1538,0,0,0,2184.1900,-450.6190,75.4925,2.49582,0.0
1538,0,0,0,2237.7700,-653.9300,78.2610,2.04207,0.0
1538,0,0,0,2484.2200,-879.0370,60.5000,0.03322,5.0
1538,0,0,0,2517.7500,-898.9810,56.1185,1.98968,0.0
1538,0,0,0,2528.3600,-904.6470,57.0912,0.97738,0.0
1538,0,0,0,2540.3800,-886.9110,55.5066,4.88814,3.0
1538,0,0,0,2550.3800,-905.0220,56.9280,0.95993,3.0
1538,0,0,0,2563.6600,-895.4770,55.6279,2.46091,0.0
1538,0,0,0,2750.0200,-531.1860,104.6350,2.79253,0.0
1538,0,0,0,2896.5600,-537.5320,106.5660,3.24631,0.0
1538,0,0,0,3051.7100,-551.0060,126.5130,3.26377,0.0
1538,0,0,0,3054.7900,-558.5130,125.7490,4.58007,0.0
1538,0,0,0,3097.1600,-552.2210,126.7050,2.99377,0.0
1539,0,0,0,2858.7200,-512.1370,107.1630,3.52556,0.0
1539,0,0,0,2977.9400,-537.4310,112.4470,5.61996,0.0
1539,0,0,0,3021.4200,-541.8540,119.4230,2.86234,0.0
1539,0,0,0,3066.2500,-538.5460,126.7650,3.39442,0.0
1539,0,0,0,3094.4400,-568.9450,126.8980,1.09956,0.0
1540,0,0,0,2750.3100,-521.5810,106.3240,2.35619,0.0
1540,0,0,0,2769.8900,-485.5630,107.2480,3.78736,0.0
1540,0,0,0,2791.8100,-473.6940,101.7530,1.25664,0.0
1540,0,0,0,2848.7400,-511.4600,106.9780,5.12463,10.0
1540,0,0,0,2849.8300,-475.3670,99.6665,1.67552,0.0
1540,0,0,0,2870.5700,-497.2850,101.1740,5.39186,10.0
1540,0,0,0,2943.7500,-554.2640,109.3170,3.22052,5.0
1540,0,0,0,3052.1200,-565.5280,126.3970,2.72271,0.0
1540,0,0,0,3101.3200,-548.3100,126.8980,0.92502,0.0
1543,0,0,0,2464.1200,1662.4000,14.5767,3.06407,10.0
1543,0,0,0,2479.4300,1702.8900,24.6397,1.01830,3.0
1543,0,0,0,2481.3100,1648.4200,15.1975,3.04617,5.0
1543,0,0,0,2483.3300,1693.5500,24.4366,4.48550,0.0
1543,0,0,0,2490.9900,1455.6600,5.4887,1.22403,5.0
1543,0,0,0,2492.6800,1671.9300,10.0031,2.37369,5.0
1543,0,0,0,2493.9500,1645.9100,14.9423,0.27925,0.0
1543,0,0,0,2506.9900,1482.7600,0.6909,1.45366,5.0
1543,0,0,0,2523.7900,1672.2600,3.7721,4.98783,0.0
1543,0,0,0,2533.4300,1657.3100,5.5617,2.05949,0.0
1543,0,0,0,2541.3500,1400.1900,5.7327,4.41568,0.0
1543,0,0,0,2541.5500,1410.0800,5.1079,1.06614,5.0
1543,0,0,0,2567.5000,1424.3900,-1.1960,2.64526,5.0
1543,0,0,0,2574.2700,1361.5000,10.8943,1.18682,0.0
1543,0,0,0,2593.8100,1470.2200,-8.5496,1.57080,0.0
1543,0,0,0,2604.8100,1466.9100,-8.5496,2.14675,0.0
1543,0,0,0,2656.3000,1398.3300,-3.0585,5.16577,5.0
1543,0,0,0,2912.8500,203.0160,7.7546,4.61628,10.0
1543,0,0,0,2951.8500,251.1390,7.9956,2.91190,5.0
1543,0,0,0,2968.3800,335.0470,8.0846,0.40143,0.0
1543,0,0,0,2969.1300,386.9050,15.9195,5.96903,0.0
1543,0,0,0,2970.2800,389.2610,15.7945,5.32325,0.0
1543,0,0,0,2983.1000,287.3020,2.2904,1.67076,5.0
1543,0,0,0,2984.8600,426.0900,21.2527,5.42797,0.0
1543,0,0,0,2990.0700,387.3580,7.9195,4.68613,5.0
1543,0,0,0,2996.7100,177.1500,0.5443,3.27865,5.0
1543,0,0,0,2998.1200,247.2140,-0.4074,0.24435,0.0
1543,0,0,0,3008.5400,181.0540,0.6747,3.43830,0.0
1543,0,0,0,3018.6900,289.9800,0.1847,6.16101,0.0
1543,0,0,0,3021.0700,371.1700,1.6479,2.30383,0.0
1543,0,0,0,3025.9800,239.0580,-0.9254,5.22211,5.0
1543,0,0,0,3028.4000,386.3230,1.1068,3.40339,0.0
1543,0,0,0,3039.2400,407.4240,0.5675,2.80968,5.0
1543,0,0,0,3052.3600,426.2420,7.2863,4.06662,0.0
1544,0,0,0,2413.3100,1855.4200,0.8062,4.09161,5.0
1544,0,0,0,2441.3800,1847.5800,26.8344,2.67008,0.0
1544,0,0,0,2456.2700,1715.8700,24.5339,2.94092,5.0
1544,0,0,0,2479.1300,1369.2000,13.3845,4.13327,0.0
1544,0,0,0,2483.7200,1641.1200,15.7732,1.74533,0.0
1544,0,0,0,2488.6000,1685.3500,15.4571,1.15482,5.0
1544,0,0,0,2494.7300,1390.3000,6.6810,1.28458,5.0
1544,0,0,0,2503.8200,1426.5400,4.8103,3.49057,5.0
1544,0,0,0,2519.5500,1615.8400,-3.9573,0.43518,5.0
1544,0,0,0,2523.3600,1648.3000,7.2439,2.98451,0.0
1544,0,0,0,2526.7200,1469.0300,-1.8091,2.25170,5.0
1544,0,0,0,2527.2000,1414.4000,1.9582,3.35103,0.0
1544,0,0,0,2530.8600,1656.5300,5.7700,3.29867,2.0
1544,0,0,0,2532.3300,1424.5000,0.4000,0.65914,5.0
1544,0,0,0,2535.5500,1646.7300,3.3646,0.43633,0.0
1544,0,0,0,2537.0300,1629.5000,-6.3886,3.25516,5.0
1544,0,0,0,2545.3300,1408.1100,6.0703,1.22173,0.0
1544,0,0,0,2548.0900,1512.4300,-6.6185,4.81148,5.0
1544,0,0,0,2571.5100,1375.0900,10.4084,1.85005,0.0
1544,0,0,0,2584.3900,1476.6100,-10.2658,5.32200,5.0
1544,0,0,0,2608.1300,1463.9700,3.0195,5.21853,0.0
1544,0,0,0,2609.0400,1361.1200,3.4160,1.72788,0.0
1544,0,0,0,2609.5600,1453.6600,0.1189,2.70526,0.0
1544,0,0,0,2614.2800,1387.1100,0.3703,2.12618,10.0
1544,0,0,0,2647.7300,1415.9700,-4.9732,2.71522,5.0
1544,0,0,0,2754.6500,1382.7600,2.2031,0.89056,5.0
1544,0,0,0,2914.9800,139.6300,6.6399,3.31477,5.0
1544,0,0,0,2934.0900,263.4720,8.0852,6.26573,0.0
1544,0,0,0,2939.9400,117.1250,6.5191,0.64577,0.0
1544,0,0,0,2941.6900,102.4620,6.3106,6.05629,0.0
1544,0,0,0,2949.2300,182.6390,2.9566,3.94979,5.0
1544,0,0,0,2961.6200,347.7650,8.2580,0.47124,0.0
1544,0,0,0,2967.5700,333.3070,7.9769,5.68977,0.0
1544,0,0,0,2969.7600,189.2750,12.6575,3.29867,0.0
1544,0,0,0,2973.3600,139.9080,1.4094,4.19148,5.0
1544,0,0,0,2982.5200,318.8650,5.9434,1.34810,5.0
1544,0,0,0,2983.5200,349.6000,7.9413,1.46289,5.0
1544,0,0,0,2985.4400,220.0670,-0.1272,4.80623,5.0
1544,0,0,0,2985.7100,197.3120,0.1693,4.18072,5.0
1544,0,0,0,2988.0700,244.1160,1.0926,4.89775,5.0
1544,0,0,0,2990.2100,396.9620,8.0445,5.23599,0.0
1544,0,0,0,2999.3700,168.3520,0.8306,2.47837,0.0
1544,0,0,0,3006.4500,392.1620,6.9573,1.16655,5.0
1544,0,0,0,3006.8000,283.0510,1.0395,3.50811,0.0
1544,0,0,0,3015.7500,315.4770,-1.0983,4.20651,5.0
1544,0,0,0,3017.7100,280.2090,-1.0393,0.16457,5.0
1544,0,0,0,3021.8000,373.9010,1.6660,3.45575,0.0
1544,0,0,0,3026.2500,-362.3910,4.4294,5.98648,0.0
1544,0,0,0,3037.8800,-361.7110,1.9195,2.21657,0.0
1544,0,0,0,3045.3100,417.4300,0.6566,5.65487,0.0
1544,0,0,0,3060.8200,-15.7454,0.4765,5.55015,0.0
1544,0,0,0,3062.0500,-154.2600,4.0034,3.08923,0.0
1544,0,0,0,3072.1900,-34.8902,0.4757,2.84489,0.0
1544,0,0,0,3076.1200,-150.2040,2.4402,0.00000,5.0
1544,0,0,0,3088.7500,-9.7780,0.2348,2.42601,0.0
1544,0,0,0,3100.4300,-13.3247,4.2377,3.59538,0.0
1545,0,0,0,2377.4900,1881.8000,0.7226,3.60169,3.0
1545,0,0,0,2380.8600,1858.5000,1.2072,3.38658,0.0
1545,0,0,0,2411.0200,1889.9300,11.3087,1.83165,0.0
1545,0,0,0,2428.5100,1821.7500,22.9221,1.71974,0.0
1545,0,0,0,2483.0600,1460.2200,7.3613,0.89819,5.0
1545,0,0,0,2524.3400,1483.6900,-0.2349,3.35221,5.0
1545,0,0,0,2549.2000,1654.6000,-1.7113,2.47317,5.0
1545,0,0,0,2553.4200,1386.8800,5.4825,5.28045,5.0
1545,0,0,0,2559.3400,1459.2100,-4.4321,0.98702,5.0
1545,0,0,0,2587.4100,1684.3200,-1.6402,0.79833,5.0
1545,0,0,0,2588.9000,1417.3700,-1.5710,5.30332,5.0
1545,0,0,0,2613.4000,1382.5000,0.9759,2.75060,10.0
1545,0,0,0,2681.1200,1382.4800,-0.2894,4.36963,5.0
1545,0,0,0,2780.0500,1315.8100,-4.9493,3.13342,5.0
1545,0,0,0,2784.4700,1186.1700,-0.5947,0.80473,5.0
1545,0,0,0,2790.8000,1246.1800,-0.1650,4.92301,5.0
1545,0,0,0,2916.4400,1289.8800,1.8469,1.67153,5.0
1545,0,0,0,2920.8000,86.4658,4.4573,1.41864,10.0
1545,0,0,0,2922.1900,111.3950,5.0149,3.70010,0.0
1545,0,0,0,2922.8600,108.6570,4.6249,2.75762,0.0
1545,0,0,0,2940.1000,43.7624,6.0698,0.89257,10.0
1545,0,0,0,2943.2500,121.3380,6.3246,4.22370,0.0
1545,0,0,0,2945.1200,116.0610,6.1106,5.51524,0.0
1545,0,0,0,2948.7900,1312.6500,-4.4256,2.69621,5.0
1545,0,0,0,2948.9300,-18.7436,7.7241,4.14629,10.0
1545,0,0,0,2961.8000,116.9460,-0.1053,4.21289,5.0
1545,0,0,0,2974.5900,-39.6916,7.7084,2.05949,0.0
1545,0,0,0,2975.7100,81.9219,2.9223,2.80628,5.0
1545,0,0,0,2979.8700,-26.0370,7.2022,0.95409,10.0
1545,0,0,0,2990.2400,18.4292,1.5849,0.32391,5.0
1545,0,0,0,3005.2100,-354.3800,7.4849,1.66088,10.0
1545,0,0,0,3012.2700,-363.2330,7.2349,5.24215,5.0
1545,0,0,0,3012.8600,52.7821,0.0000,2.32029,5.0
1545,0,0,0,3014.8500,-20.1467,5.0295,4.04806,10.0
1545,0,0,0,3016.6000,-220.5740,7.4422,3.95625,5.0
1545,0,0,0,3019.2400,-279.2570,7.5096,1.96253,5.0
1545,0,0,0,3020.6300,-148.9490,5.3206,0.88904,10.0
1545,0,0,0,3021.4600,-346.8830,6.9849,0.57841,5.0
1545,0,0,0,3026.8500,-373.2020,2.7266,0.73304,0.0
1545,0,0,0,3031.4800,-359.6560,3.4265,4.41604,0.0
1545,0,0,0,3041.9200,-251.2750,6.7175,0.85576,10.0
1545,0,0,0,3042.3400,-335.7740,4.1999,2.31064,5.0
1545,0,0,0,3042.4500,-375.9720,0.3490,6.26573,0.0
1545,0,0,0,3042.7600,-381.4100,0.1102,0.98907,0.0
1545,0,0,0,3046.4500,11.1085,0.2340,4.48550,0.0
1545,0,0,0,3049.0500,6.1037,0.3005,2.98451,0.0
1545,0,0,0,3049.1500,-314.1060,5.2787,2.75023,5.0
1545,0,0,0,3049.1600,-185.2790,3.1086,3.81163,10.0
1545,0,0,0,3050.4300,-385.3690,-0.4220,3.47168,5.0
1545,0,0,0,3051.3800,-244.4310,5.3953,2.39110,0.0
1545,0,0,0,3052.3800,-49.2990,4.6629,2.56563,0.0
1545,0,0,0,3053.8600,-112.0320,5.4104,1.37325,10.0
1545,0,0,0,3059.1000,-30.1828,2.1475,2.87359,5.0
1545,0,0,0,3065.3200,-137.4600,0.2598,1.25551,5.0
1545,0,0,0,3065.7000,-235.4690,2.7018,0.45321,5.0
1545,0,0,0,3070.7600,-87.2641,0.4580,3.98744,10.0
1545,0,0,0,3071.7100,-70.8640,-0.8548,4.65863,5.0
1545,0,0,0,3077.8500,-220.7260,0.5246,4.59791,5.0
1545,0,0,0,3084.8500,-285.9620,-1.8128,5.57775,5.0
1545,0,0,0,3085.1700,-132.4690,0.0000,5.10808,5.0
1547,0,0,0,1877.4800,-157.6500,37.7468,4.22341,10.0
1547,0,0,0,1916.1300,-111.6000,37.0173,1.47501,10.0
1547,0,0,0,1924.3400,-3.5590,12.3541,3.70225,5.0
1547,0,0,0,1976.0200,103.2400,23.6812,0.22365,5.0
1547,0,0,0,2061.6800,820.3310,36.1265,0.51079,5.0
1547,0,0,0,2063.8400,135.2540,35.3976,1.12814,5.0
1547,0,0,0,2072.8200,865.0830,34.4453,1.89563,5.0
1547,0,0,0,2094.5700,43.9203,35.2253,0.47456,5.0
1547,0,0,0,2096.2800,-57.3671,38.8500,3.24714,0.0
1547,0,0,0,2109.6900,949.1560,34.4249,3.73393,5.0
1547,0,0,0,2119.8000,1024.1500,32.9390,6.17560,5.0
1547,0,0,0,2123.4400,345.1530,47.6532,4.94695,10.0
1547,0,0,0,2123.9900,29.5543,39.8536,2.39134,0.0
1547,0,0,0,2133.4500,135.1850,42.4659,1.64113,5.0
1547,0,0,0,2139.9700,1217.6400,48.6557,4.87417,5.0
1547,0,0,0,2143.8700,1144.2700,33.7075,1.16308,10.0
1547,0,0,0,2158.4900,1179.5400,41.0759,0.81890,5.0
1547,0,0,0,2161.1200,326.9100,42.6405,1.41689,10.0
1547,0,0,0,2161.8900,45.0957,39.1117,4.68213,5.0
1547,0,0,0,2162.2300,273.4590,44.3304,3.12616,10.0
1547,0,0,0,2179.7900,-15.0453,38.2403,2.71289,5.0
1547,0,0,0,2182.9900,205.5220,47.0929,0.17269,5.0
1547,0,0,0,2198.6900,-65.8595,32.8837,0.80373,5.0
1547,0,0,0,2201.4100,805.9980,36.7559,1.48871,5.0
1547,0,0,0,2205.7500,999.4270,37.0199,5.21142,5.0
1547,0,0,0,2210.2700,184.1160,47.5927,0.98902,10.0
1547,0,0,0,2220.5400,836.4490,44.2383,0.30744,5.0
1547,0,0,0,2221.6900,477.4850,43.9162,1.99249,5.0
1547,0,0,0,2224.5000,116.7980,44.9611,2.84238,10.0
1547,0,0,0,2229.2500,534.1980,41.6742,4.64400,5.0
1547,0,0,0,2231.0600,1028.3500,36.2459,5.73307,5.0
1547,0,0,0,2249.6900,421.2040,40.2005,2.04204,10.0
1547,0,0,0,2250.8800,1194.6700,34.3002,1.66191,10.0
1547,0,0,0,2251.7700,-18.5390,26.2334,0.05296,10.0
1547,0,0,0,2271.2000,1254.5500,35.7271,1.24370,5.0
1547,0,0,0,2306.3900,171.5830,35.1592,4.00172,10.0
1547,0,0,0,2315.1700,724.5570,35.1217,5.18040,10.0
1547,0,0,0,2321.3700,47.0512,30.0518,1.81380,10.0
1547,0,0,0,2329.7000,1105.8000,36.4571,0.75704,5.0
1547,0,0,0,2338.4700,775.9260,34.4231,3.40924,10.0
1547,0,0,0,2342.7300,1165.7600,35.5770,3.71985,5.0
1547,0,0,0,2356.7200,89.3276,27.6658,4.28231,10.0
1547,0,0,0,2367.4200,1157.5200,41.5128,2.54031,5.0
1547,0,0,0,2383.7300,122.8520,29.5404,0.28195,5.0
1547,0,0,0,2393.2200,190.5900,35.6678,5.58562,10.0
1547,0,0,0,2411.0700,774.0320,42.7019,6.09154,5.0
1547,0,0,0,2412.4900,1295.1100,29.6979,0.99336,10.0
1547,0,0,0,2423.1200,215.1440,35.4579,5.68381,10.0
1547,0,0,0,2441.9200,162.7890,32.2517,3.37614,5.0
1547,0,0,0,2444.2600,1230.0800,46.1397,2.93998,10.0
1547,0,0,0,2463.9000,240.0530,44.5706,3.73664,10.0
1547,0,0,0,2467.9800,1282.6400,33.5491,2.10756,5.0
1547,0,0,0,2477.5100,1339.4100,21.8734,1.75248,5.0
1547,0,0,0,2483.1600,1191.7700,61.1158,3.73880,5.0
1547,0,0,0,2492.3700,1281.1600,37.0641,1.90221,5.0
1547,0,0,0,2499.0500,276.2810,44.7329,5.22063,5.0
1547,0,0,0,2515.5000,255.2840,47.1736,0.37320,10.0
1547,0,0,0,2519.8800,1226.5200,56.3978,3.12206,10.0
1547,0,0,0,2521.5700,1283.9800,42.9961,5.23513,5.0
1547,0,0,0,2528.1800,154.8650,31.8311,6.27614,10.0
1547,0,0,0,2538.3600,115.1420,27.4419,2.75420,10.0
1547,0,0,0,2546.3700,1195.7800,67.8597,0.41513,5.0
1547,0,0,0,2554.7200,1266.4100,50.4380,4.82596,5.0
1547,0,0,0,2559.3200,1141.1500,76.7329,5.72417,10.0
1547,0,0,0,2579.4700,1288.9800,48.6220,2.69629,5.0
1547,0,0,0,2582.0900,157.6750,32.6812,3.83778,5.0
1547,0,0,0,2588.7200,1317.8200,39.8154,2.89590,5.0
1547,0,0,0,2595.0700,1206.0200,69.9978,2.81861,10.0
1547,0,0,0,2610.2100,1272.3700,55.7273,4.08646,5.0
1547,0,0,0,2613.3700,1107.2300,93.3081,0.99688,5.0
1547,0,0,0,2616.8700,194.1780,32.4052,0.67474,5.0
1547,0,0,0,2619.1000,298.5910,40.1173,5.63091,5.0
1547,0,0,0,2619.2200,249.0180,37.4058,2.16497,5.0
1547,0,0,0,2624.5300,1287.2300,49.4790,3.04077,5.0
1547,0,0,0,2628.2200,124.6120,31.5387,0.31156,5.0
1547,0,0,0,2632.1300,56.3634,27.7780,4.65634,5.0
1547,0,0,0,2641.9400,1213.8000,69.3121,4.48874,10.0
1547,0,0,0,2650.5500,205.7450,29.8304,4.98104,5.0
1547,0,0,0,2690.0600,193.7510,31.9494,3.14405,5.0
1547,0,0,0,2710.9800,90.4149,35.0377,5.67406,5.0
1548,0,0,0,1589.7300,662.2940,85.3657,2.38866,5.0
1548,0,0,0,1612.6700,-454.8060,49.6208,3.91017,5.0
1548,0,0,0,1620.9100,516.8390,40.6040,5.08601,10.0
1548,0,0,0,1621.7500,-390.9720,45.3384,4.99564,10.0
1548,0,0,0,1649.1500,-353.6070,45.2139,3.04023,10.0
1548,0,0,0,1652.0700,-484.4220,45.4857,6.16961,10.0
1548,0,0,0,1652.3800,-604.2380,46.5339,1.67260,10.0
1548,0,0,0,1653.9100,645.6260,64.2479,0.96516,5.0
1548,0,0,0,1658.3500,683.2510,76.2178,1.68232,5.0
1548,0,0,0,1666.3700,-642.7730,46.3329,2.93309,5.0
1548,0,0,0,1674.4300,580.3590,35.8678,0.50125,10.0
1548,0,0,0,1688.0200,-469.9220,44.0814,3.81146,5.0
1548,0,0,0,1688.1100,665.2870,45.8873,5.21853,0.0
1548,0,0,0,1691.9800,510.1470,37.6366,0.49732,10.0
1548,0,0,0,1722.1400,720.1630,53.9895,4.62512,0.0
1548,0,0,0,1722.5500,-424.2100,34.6460,5.56549,5.0
1548,0,0,0,1732.3400,-347.5170,36.8038,2.42258,10.0
1548,0,0,0,1749.4900,-576.7450,40.7487,3.31297,5.0
1548,0,0,0,1765.8300,-355.9610,33.8679,2.36257,10.0
1548,0,0,0,1772.8400,-469.7760,35.9266,1.08095,5.0
1548,0,0,0,1774.2100,986.4530,47.7411,2.98078,10.0
1548,0,0,0,1787.2500,1080.6100,48.0811,4.23879,10.0
1548,0,0,0,1787.5300,-443.2860,33.3978,2.03561,5.0
1548,0,0,0,1797.1800,938.5410,41.9494,0.74327,5.0
1548,0,0,0,1805.3700,1136.4300,46.9695,1.26052,5.0
1548,0,0,0,1812.8400,-583.9660,40.2057,4.27668,5.0
1548,0,0,0,1819.7000,1014.7900,38.2073,0.40333,10.0
1548,0,0,0,1821.7600,590.6290,42.5656,3.15611,10.0
1548,0,0,0,1833.3600,-516.1580,40.6388,4.36437,5.0
1548,0,0,0,1846.3600,521.1230,35.5051,1.65070,10.0
1548,0,0,0,1846.8500,-568.1160,39.8610,1.79445,5.0
1548,0,0,0,1854.9600,787.7170,27.1079,4.47420,5.0
1548,0,0,0,1857.6300,593.4630,46.8154,4.71629,10.0
1548,0,0,0,1859.4500,516.8520,35.8201,2.12764,10.0
1548,0,0,0,1864.1000,1159.1900,47.2985,2.71464,10.0
1548,0,0,0,1874.7600,637.7340,40.0103,6.00341,5.0
1548,0,0,0,1883.2000,-442.4670,39.2225,4.24450,5.0
1548,0,0,0,1888.4100,-643.0620,48.3335,3.99264,10.0
1548,0,0,0,1891.9300,-375.4990,36.3996,2.77814,5.0
1548,0,0,0,1894.8900,1156.2900,42.8164,2.25728,5.0
1548,0,0,0,1898.7700,474.6940,37.3948,3.04377,5.0
1548,0,0,0,1902.7300,963.2900,29.2614,5.09049,5.0
1548,0,0,0,1909.7200,-620.3650,50.9364,2.99652,10.0
1548,0,0,0,1909.8900,-537.1670,43.7312,1.04076,10.0
1548,0,0,0,1912.5700,842.7210,42.1482,0.06089,5.0
1548,0,0,0,1919.2200,577.8060,47.0311,5.25733,10.0
1548,0,0,0,1927.4700,733.7860,34.2673,1.12485,10.0
1548,0,0,0,1927.5300,-479.9680,36.1509,0.23636,10.0
1548,0,0,0,1929.4700,877.0280,36.2013,0.75155,5.0
1548,0,0,0,1930.5500,618.7960,54.3717,1.86076,10.0
1548,0,0,0,1939.7100,436.4810,34.9743,1.45535,5.0
1548,0,0,0,1942.8300,810.9310,38.2196,1.53869,5.0
1548,0,0,0,1949.4500,393.2850,36.7743,3.21784,10.0
1548,0,0,0,1957.5500,1100.7700,33.0673,4.12086,10.0
1548,0,0,0,1958.3300,441.6660,34.5993,2.07104,10.0
1548,0,0,0,1961.9800,746.1160,35.2365,1.18273,10.0
1548,0,0,0,1964.6100,312.4680,41.5376,2.94496,5.0
1548,0,0,0,1969.4500,1053.5200,39.9501,1.26943,5.0
1548,0,0,0,1973.2000,1037.1000,39.9016,4.53376,5.0
1548,0,0,0,1974.9200,-217.1330,34.1384,3.08886,5.0
1548,0,0,0,1981.4700,1181.1000,45.4234,3.25613,5.0
1548,0,0,0,1982.5600,-545.9470,50.3998,3.15655,5.0
1548,0,0,0,1984.1500,-258.2300,34.3970,3.09276,5.0
1548,0,0,0,2002.3800,768.4780,39.6332,2.10133,10.0
1548,0,0,0,2003.8000,1200.6100,55.3113,2.57258,5.0
1548,0,0,0,2004.9500,996.1330,32.8124,3.56725,5.0
1548,0,0,0,2008.0900,347.6960,40.9121,4.54852,10.0
1548,0,0,0,2010.6100,921.4670,37.0247,2.08397,5.0
1548,0,0,0,2011.4500,414.9930,38.2466,0.02929,10.0
1548,0,0,0,2011.9100,-608.4930,62.5063,4.83793,5.0
1548,0,0,0,2012.7800,1051.2500,31.9038,3.60979,5.0
1548,0,0,0,2029.0500,708.4800,41.2072,2.95448,10.0
1548,0,0,0,2031.3600,393.7020,42.2540,3.32424,10.0
1548,0,0,0,2033.7700,-86.1085,34.9677,0.60696,10.0
1548,0,0,0,2042.6200,455.1490,45.6056,0.27162,5.0
1548,0,0,0,2045.1600,-181.3770,36.3115,1.10453,5.0
1548,0,0,0,2057.5400,-531.4480,50.3675,0.24493,5.0
1548,0,0,0,2059.3800,848.9580,36.2982,0.00134,5.0
1548,0,0,0,2071.4800,-592.2520,60.8234,4.27494,5.0
1548,0,0,0,2077.6100,1199.8400,44.5364,2.66353,10.0
1548,0,0,0,2081.9100,398.7280,52.8649,0.52836,5.0
1548,0,0,0,2083.0400,1033.2500,34.0872,2.93616,10.0
1548,0,0,0,2086.3400,1098.2500,40.2939,5.17886,5.0
1548,0,0,0,2123.6900,-259.1170,52.4861,0.08801,10.0
1548,0,0,0,2130.3100,836.8860,33.5899,2.34654,5.0
1548,0,0,0,2199.2400,1009.8500,37.2576,2.26710,5.0
1548,0,0,0,2200.6700,-335.7870,77.3698,0.06449,5.0
1548,0,0,0,2202.5400,-392.7240,74.3272,3.99990,10.0
1548,0,0,0,2258.8900,-409.3020,76.9831,3.05748,5.0
1548,0,0,0,2268.3200,-220.7160,47.0399,0.19261,5.0
1548,0,0,0,2301.8500,894.4660,53.7386,4.90491,5.0
1548,0,0,0,2305.4500,951.2880,57.5243,4.74265,10.0
1548,0,0,0,2327.3000,915.2420,60.0075,0.67261,10.0
1548,0,0,0,2331.2500,852.8170,48.4703,0.47020,10.0
1548,0,0,0,2334.7200,776.2100,33.6496,5.93613,10.0
1548,0,0,0,2354.0800,-246.2070,41.9070,3.19633,5.0
1548,0,0,0,2358.6200,892.0980,59.1870,1.64109,10.0
1548,0,0,0,2379.3700,865.6920,57.9920,1.02803,10.0
1548,0,0,0,2396.2600,996.8410,64.4066,3.98045,5.0
1548,0,0,0,2400.9400,993.5750,66.2804,6.12029,5.0
1548,0,0,0,2403.2500,-247.5530,46.5802,2.87671,5.0
1548,0,0,0,2414.3200,-213.1150,41.4596,1.14385,5.0
1548,0,0,0,2422.2300,1122.3600,54.7620,3.02910,5.0
1548,0,0,0,2424.3500,957.3130,71.8265,0.77775,5.0
1548,0,0,0,2437.6900,-250.6880,50.6142,0.01367,5.0
1548,0,0,0,2448.5700,943.1040,74.8224,2.06843,5.0
1548,0,0,0,2450.6400,-350.3060,72.5602,4.52061,5.0
1548,0,0,0,2468.6600,909.4340,80.8863,3.00097,10.0
1548,0,0,0,2470.7000,-384.8060,76.7350,4.42336,5.0
1548,0,0,0,2474.9700,1075.1000,67.6049,3.03555,5.0
1548,0,0,0,2475.4900,1021.8000,68.9588,2.10189,5.0
1548,0,0,0,2481.0900,1141.2800,63.5132,1.61203,5.0
1548,0,0,0,2500.4100,1169.1900,67.6298,2.25591,5.0
1548,0,0,0,2504.4700,-339.5350,77.5779,1.19627,5.0
1548,0,0,0,2515.7000,1001.4800,78.5695,0.42170,5.0
1548,0,0,0,2522.2900,-247.7610,36.8111,5.76186,5.0
1548,0,0,0,2544.4100,1057.3500,85.9605,1.73562,10.0
1548,0,0,0,2548.4200,1126.9500,79.8687,1.15257,10.0
1548,0,0,0,2556.3300,1214.1100,65.8785,4.17398,5.0
1548,0,0,0,2589.8800,-264.9980,52.9115,6.13303,5.0
1548,0,0,0,2620.8700,1018.6000,101.7680,2.74849,5.0
1548,0,0,0,2625.3400,-229.4930,36.7550,3.00633,5.0
1548,0,0,0,2691.0000,-274.5290,65.5054,3.52593,10.0
1548,0,0,0,2692.9200,-210.3950,35.8628,0.06644,5.0
1548,0,0,0,2703.5200,-335.2000,92.4379,6.12738,5.0
1548,0,0,0,2723.4100,-42.2911,30.1924,2.22449,5.0
1548,0,0,0,2747.5300,-49.4095,33.4922,0.76761,5.0
1548,0,0,0,2748.7400,-196.7490,39.7550,4.92280,10.0
1548,0,0,0,2751.1900,-146.4160,31.1943,5.85842,10.0
1548,0,0,0,2753.8200,-330.5490,77.8045,3.82670,10.0
1548,0,0,0,2764.7100,-87.2760,35.5216,0.10913,5.0
1548,0,0,0,2775.3700,-317.0520,71.9948,3.57344,10.0
1548,0,0,0,2784.4000,46.2677,29.1564,5.13534,5.0
1548,0,0,0,2789.0600,-434.2120,80.8521,3.77645,10.0
1548,0,0,0,2789.6300,17.9031,30.6347,4.69872,5.0
1548,0,0,0,2793.6700,-41.5503,33.9207,0.89176,5.0
1548,0,0,0,2815.1700,-81.3475,32.2269,2.83591,5.0
1548,0,0,0,2821.6100,169.3030,22.0373,4.41009,5.0
1548,0,0,0,2842.1900,-381.4870,77.0030,0.30718,5.0
1548,0,0,0,2850.2600,94.7335,19.9566,1.55029,5.0
1548,0,0,0,2853.0500,-492.4250,101.2470,3.33018,10.0
1548,0,0,0,2854.0300,-180.1190,42.3088,0.51048,10.0
1548,0,0,0,2854.9700,-248.5250,51.7207,1.06521,10.0
1548,0,0,0,2883.1000,-82.0583,31.2244,3.74068,5.0
1548,0,0,0,2883.7000,-277.5240,46.8063,1.66075,10.0
1548,0,0,0,2885.3400,-21.3686,23.3415,4.64206,5.0
1548,0,0,0,2887.7000,-153.2810,35.3354,5.14719,10.0
1548,0,0,0,2902.9100,-421.6420,81.4762,1.91211,10.0
1548,0,0,0,2912.4500,-51.8019,21.0566,3.01227,5.0
1548,0,0,0,2944.7400,-85.6328,23.5569,3.05359,5.0
1548,0,0,0,2945.8300,-420.9040,81.0726,4.55238,5.0
1548,0,0,0,2948.4300,-145.9550,24.2124,1.94598,5.0
1548,0,0,0,2949.7700,-223.3110,30.3764,4.45179,10.0
1548,0,0,0,2974.1900,-312.4830,21.1390,2.95090,10.0
1548,0,0,0,2978.0000,-115.1860,18.1899,2.82787,5.0
1548,0,0,0,2979.9800,-254.3530,19.5003,5.37035,10.0
1549,0,0,0,2319.7700,-716.5830,70.2825,4.09888,10.0
1549,0,0,0,2345.8600,-563.0000,81.8322,3.11023,5.0
1549,0,0,0,2367.1300,-716.4260,74.7676,3.11816,10.0
1549,0,0,0,2376.4700,-950.4490,69.6505,2.71907,10.0
1549,0,0,0,2381.9600,-682.6100,75.7777,2.31130,10.0
1549,0,0,0,2395.8100,-1007.2700,80.3142,3.37194,10.0
1549,0,0,0,2410.8200,-726.1880,71.9845,5.79021,10.0
1549,0,0,0,2417.9700,-1047.2800,89.7661,2.55757,10.0
1549,0,0,0,2420.7600,-670.1810,72.9800,2.35067,5.0
1549,0,0,0,2429.6600,-985.0820,76.5702,3.77943,10.0
1549,0,0,0,2439.9500,-950.5520,70.2235,3.31638,10.0
1549,0,0,0,2450.5200,-745.6890,67.6363,3.30449,10.0
1549,0,0,0,2450.9000,-916.0430,63.7258,3.84471,10.0
1549,0,0,0,2452.0100,-810.5430,64.7745,1.01095,5.0
1549,0,0,0,2471.7400,-896.4200,61.5998,0.71011,5.0
1549,0,0,0,2477.3100,-648.4090,71.8260,2.37345,10.0
1549,0,0,0,2480.0900,-851.6420,56.9514,4.21818,5.0
1549,0,0,0,2483.6100,-982.4370,75.8406,3.66951,10.0
1549,0,0,0,2505.9300,-757.5070,69.1937,1.45129,5.0
1549,0,0,0,2510.8500,-813.3300,65.3397,2.94094,5.0
1549,0,0,0,2515.4000,-1011.5300,88.0203,1.36043,10.0
1549,0,0,0,2517.6600,-952.7360,71.5761,4.86244,10.0
1549,0,0,0,2525.2800,-676.7910,71.1505,0.63817,10.0
1549,0,0,0,2559.1400,-589.4980,83.5296,1.27466,10.0
1549,0,0,0,2578.3000,-1024.2200,94.6768,3.20803,5.0
1549,0,0,0,2580.0900,-729.7360,70.1843,3.72526,5.0
1549,0,0,0,2580.5800,-954.5170,75.2265,3.14355,5.0
1549,0,0,0,2588.0900,-781.9040,70.6974,5.42313,10.0
1549,0,0,0,2588.6800,-757.8050,73.0231,3.13573,10.0
1549,0,0,0,2614.0000,-1049.5200,101.9310,4.25311,5.0
1549,0,0,0,2648.4500,-846.2100,74.0381,3.78490,10.0
1549,0,0,0,2659.8500,-888.4870,68.3556,6.25390,10.0
1549,0,0,0,2697.1700,-856.1860,79.3438,0.39087,5.0
1553,0,0,0,1853.4800,583.1810,42.7662,4.65570,10.0
1553,0,0,0,1880.1500,609.9480,45.8285,4.90289,10.0
1553,0,0,0,1905.4300,621.0520,50.0717,4.93890,10.0
1553,0,0,0,1908.7400,545.5860,47.2015,4.10326,5.0
1553,0,0,0,1915.0900,-175.5800,35.9630,0.54897,10.0
1553,0,0,0,1924.6600,661.3190,40.7566,3.86694,0.0
1553,0,0,0,1926.6600,525.6190,47.4764,4.14108,5.0
1553,0,0,0,1941.5800,475.9560,38.0183,1.52785,10.0
1553,0,0,0,1944.0600,-51.0565,26.2771,1.69999,5.0
1553,0,0,0,1952.5700,548.3010,51.0032,4.96728,10.0
1553,0,0,0,1962.0100,20.7182,16.7623,2.66484,5.0
1553,0,0,0,1978.0800,589.8010,49.2211,6.08253,5.0
1553,0,0,0,1981.6000,352.8880,39.7094,0.04852,5.0
1553,0,0,0,1986.3500,150.6160,21.4207,3.60131,5.0
1553,0,0,0,1999.8700,514.1510,40.8483,6.28123,5.0
1553,0,0,0,2004.5000,306.5900,44.2087,1.96979,10.0
1553,0,0,0,2025.0800,924.5340,35.2985,2.02550,5.0
1553,0,0,0,2038.5200,438.2730,44.8650,0.77711,5.0
1553,0,0,0,2041.0000,809.8330,35.5015,4.16461,5.0
1553,0,0,0,2050.3000,733.5220,37.5362,5.47360,10.0
1553,0,0,0,2063.0800,975.4780,35.5461,3.50783,5.0
1553,0,0,0,2076.6300,108.6310,37.4539,5.94693,10.0
1553,0,0,0,2077.2200,375.2540,41.2200,3.88834,5.0
1553,0,0,0,2090.1100,928.3020,37.6835,1.25886,5.0
1553,0,0,0,2099.6900,827.8020,30.4089,0.21655,0.0
1553,0,0,0,2106.5100,488.1210,58.2988,6.00623,10.0
1553,0,0,0,2107.8600,1148.6300,34.0916,5.39812,5.0
1553,0,0,0,2110.3400,120.4000,38.3280,0.60161,5.0
1553,0,0,0,2110.4500,1091.0100,34.8640,3.13322,5.0
1553,0,0,0,2110.7200,980.9510,36.4171,4.79455,5.0
1553,0,0,0,2117.9500,411.8950,58.4314,0.34677,10.0
1553,0,0,0,2120.3600,392.6570,51.2868,1.54151,5.0
1553,0,0,0,2122.7700,1160.4900,36.5427,4.84559,10.0
1553,0,0,0,2132.0500,74.0662,33.5892,1.15168,5.0
1553,0,0,0,2133.2200,221.5930,51.5336,3.45717,5.0
1553,0,0,0,2133.7500,3.8465,42.6289,0.18667,5.0
1553,0,0,0,2139.4000,961.1020,30.2701,3.32772,5.0
1553,0,0,0,2141.5100,272.2390,48.8777,3.06924,5.0
1553,0,0,0,2142.9300,890.7700,34.7697,2.04536,5.0
1553,0,0,0,2144.7000,1077.4300,32.4219,1.80843,5.0
1553,0,0,0,2145.1800,387.6030,52.2243,3.21589,10.0
1553,0,0,0,2147.9600,355.4830,43.7588,1.49427,10.0
1553,0,0,0,2153.3400,13.3870,41.7530,1.74531,5.0
1553,0,0,0,2154.5000,1055.6500,35.5858,1.25859,5.0
1553,0,0,0,2158.2700,464.1080,66.4453,1.40212,5.0
1553,0,0,0,2161.4500,1220.0900,47.2444,0.03068,5.0
1553,0,0,0,2172.9500,893.3330,43.0353,0.33534,5.0
1553,0,0,0,2173.5800,413.1410,59.6291,4.96021,5.0
1553,0,0,0,2179.9400,825.6920,41.3981,1.32819,5.0
1553,0,0,0,2183.8700,139.5240,51.6967,4.95744,5.0
1553,0,0,0,2186.2200,963.9720,34.3213,3.99751,5.0
1553,0,0,0,2192.6900,984.9050,35.1464,3.36312,5.0
1553,0,0,0,2193.4900,93.1966,37.5979,0.81854,10.0
1553,0,0,0,2195.2700,38.1541,36.1324,5.05607,5.0
1553,0,0,0,2198.2600,961.7430,34.9045,5.60646,5.0
1553,0,0,0,2204.3300,453.7300,60.8052,1.98456,5.0
1553,0,0,0,2207.2600,-38.7598,32.4709,4.44228,5.0
1553,0,0,0,2214.8100,-86.7683,27.6733,0.27875,5.0
1553,0,0,0,2220.8700,1139.7600,36.7542,5.69962,5.0
1553,0,0,0,2222.4500,26.9671,31.8840,2.43883,5.0
1553,0,0,0,2233.5200,56.4329,34.7082,0.52836,10.0
1553,0,0,0,2251.2000,1223.1600,33.5416,4.12435,10.0
1553,0,0,0,2254.8000,968.5840,41.7256,2.31033,5.0
1553,0,0,0,2255.3500,918.3450,48.3092,1.90397,5.0
1553,0,0,0,2276.9800,2.3509,23.6575,4.81323,10.0
1553,0,0,0,2295.0800,989.5570,47.8182,5.80992,5.0
1553,0,0,0,2306.0300,920.7210,58.3698,0.85802,10.0
1553,0,0,0,2322.8300,918.1270,60.2788,5.34104,10.0
1553,0,0,0,2326.8700,106.5110,35.8591,5.17254,10.0
1553,0,0,0,2327.2900,1024.2300,49.5907,2.81747,5.0
1553,0,0,0,2339.8000,178.0990,38.2255,5.57731,5.0
1553,0,0,0,2340.4600,796.8700,35.2987,2.99459,10.0
1553,0,0,0,2344.9500,712.5180,36.8012,0.25161,0.0
1553,0,0,0,2348.8900,1018.0300,51.2574,1.15346,5.0
1553,0,0,0,2354.8800,156.2070,36.5644,4.37581,5.0
1553,0,0,0,2372.0500,1211.6400,35.8553,2.40028,5.0
1553,0,0,0,2375.1400,774.7350,38.7992,2.87484,5.0
1553,0,0,0,2379.7900,689.4600,36.0025,4.11073,5.0
1553,0,0,0,2397.8300,1264.8100,36.3139,2.18832,5.0
1553,0,0,0,2401.4700,1101.4700,52.1745,2.06546,5.0
1553,0,0,0,2404.0600,174.3490,33.5899,4.05640,10.0
1553,0,0,0,2408.5900,1174.7500,46.5510,1.76690,5.0
1553,0,0,0,2413.4100,1384.3500,35.8526,4.77841,5.0
1553,0,0,0,2419.8400,173.8630,32.5952,4.69774,5.0
1553,0,0,0,2439.2900,898.4080,74.5187,2.33553,5.0
1553,0,0,0,2439.7100,1341.4000,27.9303,6.19064,5.0
1553,0,0,0,2445.7800,1085.8700,58.6103,4.86087,5.0
1553,0,0,0,2451.5100,128.4140,29.5504,1.22271,5.0
1553,0,0,0,2453.1000,188.0330,33.5250,0.93589,5.0
1553,0,0,0,2479.2200,867.7210,84.8567,0.24468,0.0
1553,0,0,0,2506.1400,1120.8200,72.5675,1.21800,5.0
1553,0,0,0,2508.2000,133.7630,28.7310,2.68886,5.0
1553,0,0,0,2511.5000,192.2290,36.3517,4.02865,10.0
1553,0,0,0,2514.6500,1319.3400,29.2068,5.99509,5.0
1553,0,0,0,2514.8200,217.9640,42.5614,3.42829,10.0
1553,0,0,0,2525.8600,209.7350,40.5732,5.53644,10.0
1553,0,0,0,2527.5600,1347.1900,22.1488,4.85650,5.0
1553,0,0,0,2537.6800,301.9280,40.8648,0.88356,5.0
1553,0,0,0,2561.2300,1114.3000,84.8773,0.29520,10.0
1553,0,0,0,2565.6400,1257.0800,56.3347,0.11152,5.0
1553,0,0,0,2565.8900,1176.9900,73.8434,1.16744,5.0
1553,0,0,0,2577.0300,323.1010,39.7199,4.60281,5.0
1553,0,0,0,2579.1800,210.0640,40.2324,6.05075,5.0
1553,0,0,0,2580.0500,88.1848,26.7950,5.92149,5.0
1553,0,0,0,2580.7400,174.0370,34.4650,5.89355,0.0
1553,0,0,0,2587.0700,1078.3100,88.8121,1.91231,5.0
1553,0,0,0,2590.8600,242.1420,41.9305,1.20860,5.0
1553,0,0,0,2619.3700,108.4800,33.0504,4.48512,5.0
1553,0,0,0,2622.9800,1145.8700,83.9937,3.41641,10.0
1553,0,0,0,2669.9000,247.3250,33.3646,5.73204,5.0
1553,0,0,0,2670.0500,1338.8100,33.9428,0.48111,5.0
1553,0,0,0,2671.9900,179.2930,32.6444,1.64600,5.0
1553,0,0,0,2675.1300,77.0714,35.7825,4.55944,5.0
1553,0,0,0,2675.4300,1294.6000,48.5679,2.34929,5.0
1553,0,0,0,2678.0700,281.1500,28.8312,3.22571,10.0
1553,0,0,0,2686.7800,101.5310,35.8526,5.79883,5.0
1553,0,0,0,2699.7800,137.4020,33.9065,5.38911,5.0
1553,0,0,0,2727.4300,222.3500,34.6677,4.55599,0.0
1553,0,0,0,2735.8800,126.4420,33.1411,3.71334,5.0
1553,0,0,0,2758.8100,191.0090,31.0955,3.05245,5.0
1554,0,0,0,1600.6100,-669.3100,55.2824,5.33911,5.0
1554,0,0,0,1625.8400,-517.5520,49.4926,5.72117,5.0
1554,0,0,0,1644.0300,-585.3040,45.1872,5.88972,10.0
1554,0,0,0,1655.6900,-377.1260,45.0213,2.69558,10.0
1554,0,0,0,1658.4600,-428.5940,45.0793,4.45554,10.0
1554,0,0,0,1677.7500,-519.0320,43.4189,4.06974,0.0
1554,0,0,0,1683.5500,-319.1200,54.1702,3.28948,5.0
1554,0,0,0,1690.3700,-443.8090,43.4174,3.34818,10.0
1554,0,0,0,1706.9500,-551.7310,42.8314,4.20415,5.0
1554,0,0,0,1713.3700,-613.3980,44.8726,3.17030,5.0
1554,0,0,0,1721.5800,-499.7480,38.7615,1.37755,5.0
1554,0,0,0,1736.9000,-522.7000,39.3133,5.41610,5.0
1554,0,0,0,1752.0100,-562.6440,38.4403,4.04009,5.0
1554,0,0,0,1755.9600,1005.2200,51.2938,4.19106,10.0
1554,0,0,0,1787.8500,1047.1900,41.8676,6.24508,5.0
1554,0,0,0,1794.4700,866.6930,37.0481,0.93784,5.0
1554,0,0,0,1796.7400,-597.7480,40.2708,5.21096,5.0
1554,0,0,0,1808.8200,-309.3960,36.8131,6.24104,10.0
1554,0,0,0,1810.8200,960.0800,37.1006,2.75035,5.0
1554,0,0,0,1817.2500,1084.9000,39.5664,1.30572,10.0
1554,0,0,0,1833.5600,-639.3770,42.7803,0.46178,5.0
1554,0,0,0,1836.5700,-612.3050,44.2679,0.17119,5.0
1554,0,0,0,1837.6100,916.2190,38.5644,0.19950,5.0
1554,0,0,0,1839.3100,-746.6960,68.6534,4.14986,10.0
1554,0,0,0,1840.6900,984.3110,32.1624,1.99686,5.0
1554,0,0,0,1843.9000,-419.3670,33.2209,0.11973,5.0
1554,0,0,0,1849.3700,-682.4740,51.8640,0.42913,5.0
1554,0,0,0,1869.8900,-250.9650,35.5866,0.49904,10.0
1554,0,0,0,1891.2200,-673.4260,49.8949,5.94075,10.0
1554,0,0,0,1891.3700,-524.2580,39.6179,0.76054,10.0
1554,0,0,0,1901.2600,-589.8370,48.6169,2.31130,5.0
1554,0,0,0,1908.5700,-350.6920,37.9920,3.02070,5.0
1554,0,0,0,1917.9200,-407.3950,36.6800,4.61068,5.0
1554,0,0,0,1920.0700,643.7400,44.4402,0.13914,5.0
1554,0,0,0,1922.5800,836.2440,41.6266,3.33018,0.0
1554,0,0,0,1928.4500,687.0120,40.5160,3.12695,5.0
1554,0,0,0,1929.0200,1152.2900,38.4958,1.53708,10.0
1554,0,0,0,1933.3200,847.1620,40.6721,4.17834,5.0
1554,0,0,0,1935.0800,1003.1500,34.1505,0.65171,5.0
1554,0,0,0,1938.1800,1079.5300,35.8189,1.98684,10.0
1554,0,0,0,1945.0100,975.0560,32.8790,1.45620,5.0
1554,0,0,0,1952.3900,-254.8780,36.5970,3.93022,5.0
1554,0,0,0,1952.7700,1025.8500,36.4255,2.97676,5.0
1554,0,0,0,1956.3500,-529.4320,45.3321,5.07893,5.0
1554,0,0,0,1959.3900,-585.3610,55.2583,3.47610,10.0
1554,0,0,0,1964.1400,885.9010,34.2882,3.46216,5.0
1554,0,0,0,1970.5600,832.2310,39.3912,1.32581,0.0
1554,0,0,0,1977.1000,711.1740,37.8315,0.99874,10.0
1554,0,0,0,1978.4000,741.8340,35.1912,2.55425,10.0
1554,0,0,0,1983.3600,942.5840,36.4777,0.60344,5.0
1554,0,0,0,1992.9600,-153.2780,34.5125,2.00396,5.0
1554,0,0,0,2003.8800,1152.0900,41.3042,3.39936,5.0
1554,0,0,0,2010.1300,-120.3910,35.3569,3.37538,10.0
1554,0,0,0,2020.8800,1012.5000,30.5955,3.14159,5.0
1554,0,0,0,2028.7700,1197.9400,47.2429,5.93642,5.0
1554,0,0,0,2035.2000,-223.8780,35.7451,3.15917,5.0
1554,0,0,0,2035.3000,813.8160,34.8428,0.58014,0.0
1554,0,0,0,2049.1600,1132.4700,34.0080,1.21205,5.0
1554,0,0,0,2049.6000,-282.1170,37.7761,1.19464,5.0
1554,0,0,0,2052.0600,-604.4700,60.2395,3.27879,5.0
1554,0,0,0,2060.8100,-547.7460,54.2997,1.43957,0.0
1554,0,0,0,2069.7600,-336.9260,38.2173,4.77827,0.0
1554,0,0,0,2072.6400,1127.6000,36.1753,1.34832,5.0
1554,0,0,0,2078.8900,-173.1300,42.2842,3.36407,5.0
1554,0,0,0,2081.4100,-254.8620,41.0105,6.17361,5.0
1554,0,0,0,2116.7600,-295.7970,52.6619,2.02396,5.0
1554,0,0,0,2157.0100,-385.0530,76.5501,0.08569,5.0
1554,0,0,0,2220.5100,-137.7560,25.4097,0.43579,5.0
1554,0,0,0,2242.0100,-355.2250,74.9291,4.97923,5.0
1554,0,0,0,2248.1400,-682.1960,66.0762,2.09999,10.0
1554,0,0,0,2283.2700,-750.7510,66.4682,5.73904,10.0
1554,0,0,0,2293.2700,-391.0750,75.1270,4.52764,5.0
1554,0,0,0,2329.3100,-186.7660,34.3258,1.46607,5.0
1554,0,0,0,2360.0300,-206.6750,39.1958,0.94028,5.0
1554,0,0,0,2370.6200,-548.9140,79.4124,2.72079,0.0
1554,0,0,0,2380.0100,-743.3940,71.7807,2.96681,5.0
1554,0,0,0,2382.7700,-436.5420,73.2287,4.19809,10.0
1554,0,0,0,2385.1900,-183.0870,33.3422,4.96494,5.0
1554,0,0,0,2385.9200,-633.2490,71.5223,4.37581,5.0
1554,0,0,0,2393.9100,-388.4740,69.6596,5.12440,5.0
1554,0,0,0,2414.0400,-335.3280,68.9412,2.69919,5.0
1554,0,0,0,2417.8000,-376.1100,70.3854,1.37632,5.0
1554,0,0,0,2419.3000,-251.4800,51.1503,4.68115,5.0
1554,0,0,0,2429.0000,-186.0180,32.3604,2.73470,5.0
1554,0,0,0,2442.9300,-708.9280,68.2445,4.37606,5.0
1554,0,0,0,2443.4900,-611.3840,70.3959,3.20608,10.0
1554,0,0,0,2445.8800,-476.2720,76.0914,3.27092,10.0
1554,0,0,0,2447.3900,-375.7210,69.1685,1.46316,5.0
1554,0,0,0,2455.1900,-535.3510,72.2975,3.74771,10.0
1554,0,0,0,2484.0900,-520.0170,83.6930,4.99767,5.0
1554,0,0,0,2485.0900,-779.3300,63.9923,0.95462,5.0
1554,0,0,0,2487.7400,-1050.9700,93.5811,5.58282,10.0
1554,0,0,0,2496.2900,-583.4330,76.4063,0.63354,5.0
1554,0,0,0,2502.5100,-719.9570,66.0479,0.58096,5.0
1554,0,0,0,2503.3400,-274.2600,48.0741,0.49467,5.0
1554,0,0,0,2505.4900,-344.4460,79.1171,5.63964,5.0
1554,0,0,0,2540.3700,-768.0700,71.2226,4.53529,10.0
1554,0,0,0,2547.3300,-974.7830,79.6675,5.63226,5.0
1554,0,0,0,2548.8500,-1050.3100,100.6680,4.10835,5.0
1554,0,0,0,2549.1400,-695.3360,67.3417,3.36619,10.0
1554,0,0,0,2553.0100,-259.1330,41.6946,0.99606,5.0
1554,0,0,0,2553.9100,-712.6680,64.9528,3.36256,10.0
1554,0,0,0,2608.8700,-790.7420,70.0149,4.18755,5.0
1554,0,0,0,2613.4100,-910.4950,60.0303,1.72374,10.0
1554,0,0,0,2614.6300,-277.2750,62.2164,4.52575,5.0
1554,0,0,0,2653.7800,-267.1490,58.9951,3.42326,5.0
1554,0,0,0,2659.5400,-800.6470,72.0753,4.79261,0.0
1554,0,0,0,2679.2800,-911.2390,76.0339,1.95130,10.0
1554,0,0,0,2717.0900,-249.0360,54.9964,0.03781,10.0
1554,0,0,0,2725.5200,-181.8520,34.1143,5.27844,5.0
1554,0,0,0,2736.2700,119.1180,33.4145,3.47085,5.0
1554,0,0,0,2750.2900,-285.4530,65.5412,4.96116,10.0
1554,0,0,0,2780.4400,-373.0840,79.5241,1.04076,5.0
1554,0,0,0,2784.7200,60.5524,29.4427,4.53664,5.0
1554,0,0,0,2789.5900,-114.5300,33.0318,0.29118,10.0
1554,0,0,0,2794.7600,-177.5560,42.0034,0.18265,0.0
1554,0,0,0,2812.8400,-16.4504,32.4144,3.02617,5.0
1554,0,0,0,2816.0500,-296.5220,63.1928,1.60594,5.0
1554,0,0,0,2819.1100,74.3523,27.4800,0.14120,5.0
1554,0,0,0,2821.0800,-216.2710,48.1429,0.36553,10.0
1554,0,0,0,2821.2400,-149.8050,37.8448,0.37615,10.0
1554,0,0,0,2821.7300,-350.2510,75.6999,5.46465,5.0
1554,0,0,0,2847.9200,-116.4870,32.2880,3.26885,10.0
1554,0,0,0,2848.3800,-48.0335,30.1793,2.69541,5.0
1554,0,0,0,2853.9400,-317.8920,64.2488,5.90739,5.0
1554,0,0,0,2882.9900,43.5775,16.0017,1.29075,10.0
1554,0,0,0,2884.7400,-436.9880,77.0619,0.03322,5.0
1554,0,0,0,2886.9200,-212.8060,50.2699,0.46568,10.0
1554,0,0,0,2917.0200,-256.8240,41.1187,5.06750,10.0
1554,0,0,0,2918.8000,-186.0020,37.8195,5.02990,5.0
1554,0,0,0,2919.4700,-116.1690,33.8101,0.96030,5.0
1554,0,0,0,2924.5500,-418.4080,81.1767,1.34144,10.0
1554,0,0,0,2957.2700,-277.5630,25.0322,0.57870,10.0
1554,0,0,0,2986.2900,-64.4061,15.9695,2.63165,5.0
1555,0,0,0,2111.7700,-847.1700,109.0220,0.45799,5.0
1555,0,0,0,2119.9600,-887.1330,110.5820,1.35043,5.0
1555,0,0,0,2148.5600,-917.9600,92.5404,3.29855,5.0
1555,0,0,0,2163.6500,-735.8570,70.4138,0.79490,5.0
1555,0,0,0,2169.2000,-752.1800,73.7751,2.15094,10.0
1555,0,0,0,2177.6000,-826.7150,81.1248,3.52800,5.0
1555,0,0,0,2181.9900,-951.3100,87.1705,3.62971,5.0
1555,0,0,0,2187.5100,-691.3160,67.1164,1.20860,10.0
1555,0,0,0,2215.3300,-921.2490,75.9841,2.74875,5.0
1555,0,0,0,2217.8900,-881.0020,78.1769,0.43132,5.0
1555,0,0,0,2218.7400,-983.5960,81.0000,4.81827,5.0
1555,0,0,0,2220.3100,-850.3400,78.8495,6.26170,10.0
1555,0,0,0,2220.6500,-942.0490,75.1152,2.85754,5.0
1555,0,0,0,2234.7700,-886.2230,76.0049,3.26885,5.0
1555,0,0,0,2245.9000,-793.0330,73.7681,2.31838,5.0
1555,0,0,0,2254.4900,-837.6680,73.4663,1.56298,10.0
1555,0,0,0,2254.6800,-1011.5900,78.3674,0.37563,5.0
1555,0,0,0,2254.7000,-851.3990,74.9942,6.12831,10.0
1555,0,0,0,2258.8100,-747.7460,66.9329,0.07036,10.0
1555,0,0,0,2280.0100,-1019.4100,77.7253,5.09250,5.0
1555,0,0,0,2294.6700,-911.8190,74.7889,5.52833,5.0
1555,0,0,0,2300.7300,-783.7120,68.2987,3.31514,10.0
1555,0,0,0,2301.8800,-812.6250,70.4841,0.18073,10.0
1555,0,0,0,2315.1500,-1081.0600,80.8172,2.38105,5.0
1555,0,0,0,2315.1500,-885.7820,75.4347,3.98233,5.0
1555,0,0,0,2318.0200,-1024.3000,76.1473,4.82934,5.0
1555,0,0,0,2318.9900,-949.0000,74.7650,5.65669,5.0
1555,0,0,0,2327.8900,-784.3890,71.6932,6.23825,10.0
1555,0,0,0,2337.1000,-991.1140,74.0947,5.75047,5.0
1555,0,0,0,2345.0200,-1112.7600,93.5659,2.96890,5.0
1555,0,0,0,2352.5600,-915.0060,70.7430,5.49164,10.0
1555,0,0,0,2353.0400,-1047.8400,83.0572,0.24551,5.0
1555,0,0,0,2353.6800,-848.5840,71.9150,0.18287,10.0
1555,0,0,0,2380.1500,-885.1070,68.7078,3.53225,10.0
1555,0,0,0,2381.2300,-815.6780,73.1249,3.41238,10.0
1555,0,0,0,2416.6400,-786.8960,69.1077,4.69872,10.0
1560,0,0,0,2252.8300,250.6710,34.3437,5.67232,0.0
1568,0,0,0,1671.8900,1678.2900,120.8020,0.03491,0.0
1569,0,0,0,1843.3200,1639.9000,97.8113,4.60767,0.0
1570,0,0,0,1848.8200,1580.4700,94.7451,1.79769,0.0
1645,0,0,0,-9652.2600,654.7310,38.7355,0.45379,0.0
1650,0,0,0,-9404.8500,-1343.5200,50.1107,2.46091,0.0
1651,0,0,0,-9382.0800,-117.0050,58.9841,4.43314,0.0
1654,0,0,0,2954.6700,921.3480,114.4530,0.27790,0.0
1655,0,0,0,2742.7100,785.5190,119.1330,0.45379,0.0
1656,0,0,0,2824.0500,1044.9700,111.3240,6.21383,0.0
1657,0,0,0,2609.0800,894.0350,107.8340,0.63354,0.0
1658,0,0,0,3043.6300,646.9060,59.1434,1.55334,0.0
1660,0,0,0,3076.8400,-557.4450,126.8030,5.48033,0.0
1660,0,0,0,3080.8000,-556.3150,126.8070,3.80482,0.0
1661,0,0,0,1847.7300,1638.6500,97.0169,4.15388,0.0
1662,0,0,0,1795.1200,722.6550,49.0874,1.57718,0.0
1664,0,0,0,2146.4700,-528.4200,81.7803,5.25344,0.0
1665,0,0,0,3079.9800,-560.1040,126.8070,2.70526,0.0
1667,0,0,0,1772.9100,1381.2600,91.0356,5.66646,0.0
1668,0,0,0,-10658.5000,996.8510,32.9575,0.87267,0.0
1669,0,0,0,-10957.7000,1495.1200,50.6080,3.26699,0.0
1670,0,0,0,-10653.3000,995.3950,32.9575,1.60570,0.0
1672,0,0,0,-10518.7000,-1211.0300,28.2175,2.30850,0.0
1673,0,0,0,-10531.5000,-1226.2400,28.6130,1.41372,0.0
1674,0,0,0,2505.4300,348.7530,33.7780,0.71011,5.0
1674,0,0,0,2505.6300,351.3730,34.1197,3.55448,5.0
1674,0,0,0,2511.9600,389.6830,34.1707,1.37608,5.0
1674,0,0,0,2550.2400,377.5520,33.7382,6.21480,5.0
1674,0,0,0,2573.4300,381.3060,32.4860,5.62034,5.0
1674,0,0,0,2614.6800,389.7390,36.7814,3.72345,5.0
1674,0,0,0,2651.2500,430.7920,24.2771,5.67838,10.0
1674,0,0,0,2654.4500,357.1490,28.8096,0.67579,10.0
1674,0,0,0,2676.8100,377.2880,28.0318,5.28197,10.0
1674,0,0,0,2685.9800,460.2990,18.9912,0.62969,10.0
1674,0,0,0,2716.8200,417.4260,21.8937,2.78440,10.0
1674,0,0,0,2748.5200,441.9100,21.0017,1.90579,10.0
1674,0,0,0,2771.1500,470.7710,23.1846,4.78056,10.0
1674,0,0,0,2782.7600,346.1480,26.2650,3.38323,10.0
1674,0,0,0,2812.6400,321.9920,25.6743,1.62607,10.0
1674,0,0,0,2818.1400,452.1050,18.0361,5.86456,10.0
1674,0,0,0,2821.0300,376.4120,22.7921,5.27871,10.0
1675,0,0,0,2667.9400,300.7860,28.2230,5.65155,10.0
1675,0,0,0,2681.6600,314.0280,31.3697,0.03512,3.0
1675,0,0,0,2712.2700,279.3990,28.1998,1.83629,10.0
1675,0,0,0,2720.0400,349.1110,28.3452,0.99260,10.0
1675,0,0,0,2749.7300,384.8450,24.1979,4.26793,10.0
1675,0,0,0,2750.2200,325.7370,29.3423,4.75042,10.0
1675,0,0,0,2778.0400,413.6880,19.9735,6.14503,5.0
1675,0,0,0,2813.3900,401.4390,20.1807,0.86906,10.0
1675,0,0,0,2822.0600,487.2840,31.0701,2.33242,10.0
1675,0,0,0,2822.4500,351.3950,24.0855,5.89025,10.0
1675,0,0,0,2822.9200,286.5220,28.1714,2.30554,5.0
1675,0,0,0,2852.9000,343.4320,24.5927,1.58453,10.0
1675,0,0,0,2855.6100,427.8090,20.0945,1.46608,0.0
1675,0,0,0,2858.2600,416.5940,20.8228,5.82940,0.0
1675,0,0,0,2859.1900,281.7390,28.7644,1.44450,10.0
1675,0,0,0,2875.2700,344.2060,26.4604,4.21393,5.0
1675,0,0,0,2887.2800,419.8920,23.4468,0.99899,5.0
1675,0,0,0,2893.3200,388.2790,27.2642,5.60251,0.0
1675,0,0,0,2903.0800,379.2650,30.4754,2.77507,0.0
1678,0,0,0,-9267.5600,-2167.6400,62.6756,1.08577,0.0
1680,0,0,0,-9315.3800,-2156.6900,63.5832,4.83902,0.0
1681,0,0,0,-5366.9300,-3014.8700,319.6650,0.13963,0.0
1682,0,0,0,-5381.8800,-2952.4800,322.1470,4.43314,0.0
1683,0,0,0,-5217.5800,-3113.3200,301.0890,4.03683,0.0
1684,0,0,0,-5210.0900,-3104.7400,303.1710,5.55015,0.0
1685,0,0,0,-5652.9000,-4268.6300,407.8770,1.95584,0.0
1686,0,0,0,-5654.1800,-4287.3700,407.9120,0.61480,0.0
1687,0,0,0,-5645.7400,-4283.8400,407.9120,2.60336,0.0
1688,0,0,0,2084.5700,1950.0600,98.4014,2.56563,0.0
1689,0,0,0,-5891.4000,-1688.0400,403.9920,3.23349,0.0
1689,0,0,0,-5874.3800,-1888.0800,407.3150,2.37277,0.0
1689,0,0,0,-5843.5900,-1791.3600,409.0970,2.65875,0.0
1689,0,0,0,-5824.7600,-2075.1900,400.7580,3.03717,0.0
1689,0,0,0,-5774.8900,-1924.9000,402.5540,2.15176,0.0
1689,0,0,0,-5767.9600,-2123.7100,401.8530,2.07201,5.0
1689,0,0,0,-5709.5200,-2107.5300,401.0530,3.06704,5.0
1689,0,0,0,-5697.0800,-2216.2100,430.2530,3.84138,5.0
1689,0,0,0,-5688.4800,-1817.1100,400.4790,5.93858,5.0
1689,0,0,0,-5651.4100,-1702.9400,399.6370,1.56259,5.0
1689,0,0,0,-5620.1600,-2204.5900,421.5430,4.02515,5.0
1689,0,0,0,-5617.0600,-1841.9100,401.5320,3.04387,5.0
1689,0,0,0,-5580.6300,-2118.7200,402.2540,0.28869,5.0
1689,0,0,0,-5540.5900,-2378.9100,400.6810,3.91127,5.0
1689,0,0,0,-5539.8800,-1817.0200,399.5360,5.70386,5.0
1689,0,0,0,-5526.5700,-2466.3700,401.4730,4.97299,0.0
1689,0,0,0,-5513.8600,-1926.3600,400.1800,6.26170,0.0
1689,0,0,0,-5502.8100,-2082.6200,400.4750,1.71380,0.0
1689,0,0,0,-5485.9000,-1849.3900,400.3460,5.46936,0.0
1689,0,0,0,-5482.7300,-1888.7200,399.3140,0.55819,0.0
1689,0,0,0,-5461.7100,-2369.5400,402.9940,2.26052,0.0
1689,0,0,0,-5437.9400,-2145.8200,401.0870,5.86784,0.0
1689,0,0,0,-5436.9600,-2446.6100,400.8200,5.62642,0.0
1689,0,0,0,-5399.1400,-2127.6600,400.9820,3.10450,0.0
1689,0,0,0,-5318.9800,-2189.3000,424.7090,3.54036,0.0
1689,0,0,0,-5317.2100,-2141.4600,420.2300,0.28528,0.0
1689,0,0,0,-5129.1700,-2295.8300,400.5470,4.31973,0.0
1689,0,0,0,-5117.6400,-2258.7400,400.3210,3.99517,5.0
1689,0,0,0,-5042.5800,-2270.7500,400.7120,0.84777,5.0
1689,0,0,0,-5034.7000,-2178.6500,406.0840,0.50824,5.0
1689,0,0,0,-5016.5300,-2145.6000,403.4550,5.50884,5.0
1689,0,0,0,-4965.2900,-2291.5700,414.2640,1.11568,0.0
1691,0,0,0,-5597.6600,-521.8520,399.7380,4.81711,0.0
1692,0,0,0,-5633.4400,-496.4770,396.8750,2.53920,0.0
1693,0,0,0,-5546.2100,-3614.4200,296.9890,5.88515,10.0
1693,0,0,0,-5521.6700,-3489.7800,298.8310,4.15465,10.0
1693,0,0,0,-5502.9100,-3482.9600,298.3000,2.94387,10.0
1693,0,0,0,-5471.2700,-3523.8900,299.6330,2.64302,10.0
1693,0,0,0,-5460.3700,-3513.1300,299.8990,6.01025,10.0
1693,0,0,0,-5457.3100,-3520.3400,299.3240,3.20847,10.0
1693,0,0,0,-5454.8500,-3550.9100,297.4820,2.77596,10.0
1693,0,0,0,-5435.3100,-3716.0300,298.0350,0.87708,10.0
1693,0,0,0,-5322.8500,-3700.1500,296.6650,1.84802,10.0
1693,0,0,0,-5290.9000,-3684.8100,298.5950,5.94476,10.0
1693,0,0,0,-5255.7400,-3648.2700,298.1060,4.13847,10.0
1693,0,0,0,-5254.5100,-3498.1900,299.9270,3.47481,10.0
1693,0,0,0,-5230.9300,-3476.5900,303.0190,5.93241,10.0
1693,0,0,0,-5210.4800,-3483.9900,297.7550,5.16197,10.0
1693,0,0,0,-5209.3000,-3459.7500,298.9520,3.55469,10.0
1693,0,0,0,-5207.0800,-3562.4700,299.6650,1.90922,10.0
1693,0,0,0,-5182.8600,-3541.2500,302.0350,4.55751,10.0
1693,0,0,0,-5178.4100,-3546.2900,299.1850,6.16368,10.0
1693,0,0,0,-5175.7800,-3471.3400,303.9650,0.06644,10.0
1693,0,0,0,-5165.3200,-3614.6000,298.5050,5.87368,10.0
1693,0,0,0,-5157.0300,-3553.4700,303.2490,6.11533,10.0
1693,0,0,0,-5149.0200,-3529.4900,303.7900,1.51801,10.0
1693,0,0,0,-5129.0100,-3405.8200,300.7910,1.54492,10.0
1693,0,0,0,-5110.0400,-3524.9400,299.8980,3.55188,10.0
1693,0,0,0,-5069.4000,-3577.8500,296.1000,1.97382,10.0
1693,0,0,0,-4928.4000,-3602.5500,297.7110,0.43309,10.0
1693,0,0,0,-4887.4600,-3574.7300,298.7630,0.72035,10.0
1694,0,0,0,-5499.7000,-664.5750,395.3950,0.45379,0.0
1697,0,0,0,-5387.6200,302.2510,394.0540,0.71559,0.0
1698,0,0,0,-5714.3700,-1589.5200,383.2260,1.55334,0.0
1699,0,0,0,-5594.4700,-545.8200,398.8500,1.81514,0.0
1700,0,0,0,-5197.7300,54.8182,385.7520,4.95674,0.0
1701,0,0,0,-5697.9000,-1612.1600,383.3880,1.09956,0.0
1718,0,0,0,-6205.4700,99.9020,430.4360,2.27112,0.0
1718,0,0,0,-6167.9900,135.8830,423.1930,0.43491,0.0
1718,0,0,0,-6155.7100,84.8144,416.0160,4.84430,0.0
1718,0,0,0,-6152.7000,48.1789,416.7200,0.30688,0.0
1718,0,0,0,-6150.3500,50.8235,416.7750,0.77721,0.0
1718,0,0,0,-6137.6500,122.8520,420.8450,5.70716,0.0
1718,0,0,0,-6122.9600,79.1654,416.9910,6.14859,0.0
1718,0,0,0,-6111.3500,47.9522,412.9470,2.55295,0.0
1718,0,0,0,-6073.7900,40.1757,409.2310,3.76330,0.0
1718,0,0,0,-6040.9200,44.5182,407.7480,3.17296,0.0
1721,0,0,0,-8696.3300,391.1530,102.3850,1.64061,0.0
1725,0,0,0,-11275.5000,1514.4500,37.4291,5.74718,3.0
1725,0,0,0,-11243.4000,1644.9600,28.3952,5.21458,3.0
1725,0,0,0,-11231.2000,1618.4100,33.1879,4.97419,3.0
1725,0,0,0,-11218.9000,1617.7100,33.4905,4.34587,3.0
1725,0,0,0,-11209.5000,1630.7500,27.8022,6.08786,3.0
1726,0,0,0,-11248.1000,1540.8200,30.4926,4.05791,3.0
1726,0,0,0,-11244.5000,1524.4800,28.6207,5.37314,3.0
1727,0,0,0,-11277.4000,1505.7300,39.0168,4.27606,0.0
1727,0,0,0,-11271.0000,1542.7500,29.0529,2.96706,0.0
1727,0,0,0,-11266.7000,1533.8800,30.5158,3.66519,0.0
1727,0,0,0,-11263.7000,1559.3100,34.4233,5.82940,0.0
1727,0,0,0,-11261.7000,1644.1100,33.3916,4.01426,0.0
1727,0,0,0,-11261.4000,1572.7100,34.6407,3.19395,0.0
1727,0,0,0,-11258.5000,1654.6000,33.6242,2.33874,0.0
1727,0,0,0,-11257.5000,1502.3600,38.0122,4.59022,0.0
1727,0,0,0,-11255.3000,1518.7500,31.6980,3.35103,0.0
1727,0,0,0,-11252.8000,1593.1400,33.9067,1.32645,0.0
1727,0,0,0,-11249.8000,1476.4400,24.1410,3.10669,0.0
1727,0,0,0,-11245.1000,1492.2200,23.8821,1.50098,0.0
1727,0,0,0,-11242.0000,1635.2400,27.6542,3.96190,0.0
1727,0,0,0,-11241.8000,1666.5100,33.6692,2.00713,0.0
1727,0,0,0,-11240.4000,1588.7000,34.2185,4.93928,0.0
1727,0,0,0,-11240.0000,1509.0200,37.8079,4.79965,0.0
1727,0,0,0,-11238.0000,1538.9100,28.1736,5.93412,0.0
1727,0,0,0,-11233.1000,1514.7900,28.6500,0.12217,0.0
1727,0,0,0,-11232.9000,1627.2200,26.9836,5.34071,0.0
1727,0,0,0,-11232.7000,1597.9800,32.4094,2.49582,0.0
1727,0,0,0,-11228.7000,1504.3200,26.4833,6.05629,0.0
1727,0,0,0,-11221.4000,1607.4300,33.1100,6.19592,0.0
1727,0,0,0,-11218.0000,1640.9800,27.4693,2.68781,0.0
1727,0,0,0,-11209.0000,1624.1200,28.4209,4.85202,0.0
1727,0,0,0,-11208.6000,1648.4600,27.5595,0.10472,0.0
1727,0,0,0,-11194.8000,1630.8300,28.1775,1.60570,0.0
1727,0,0,0,-11176.2000,1622.2300,27.1787,5.32325,0.0
1727,0,0,0,-11173.9000,1636.7600,25.7854,2.61799,0.0
1733,0,0,0,-8984.0000,1024.2600,101.5870,0.38400,0.0
1740,0,0,0,1861.1700,1605.0200,95.0318,3.51940,5.0
1747,0,0,0,-8439.6100,334.3840,122.5800,2.20810,0.0
1753,0,0,0,2910.7000,382.5470,31.5838,3.31613,0.0
1765,0,0,0,200.1220,1636.2200,141.0430,6.25142,5.0
1765,0,0,0,261.6640,1528.0200,145.9700,5.71009,5.0
1765,0,0,0,319.8610,1437.9600,125.3220,2.24340,10.0
1765,0,0,0,326.1770,1592.6100,126.4020,2.81236,5.0
1765,0,0,0,382.5130,1499.0100,125.7270,2.09500,10.0
1765,0,0,0,1353.1300,719.5340,35.5323,0.25658,10.0
1765,0,0,0,1355.7600,769.3090,36.8465,2.31713,10.0
1765,0,0,0,1376.3100,679.4460,39.8917,0.70863,10.0
1765,0,0,0,1415.3500,662.3900,50.6774,0.01953,10.0
1765,0,0,0,1421.1800,675.3680,50.8068,2.47935,10.0
1765,0,0,0,1431.5500,611.7920,43.0209,3.70578,10.0
1765,0,0,0,1434.1500,1015.5100,52.3332,0.12090,10.0
1765,0,0,0,1443.6800,744.7010,44.6805,3.60057,10.0
1765,0,0,0,1448.3900,548.3080,50.9762,2.01786,5.0
1765,0,0,0,1458.6500,774.8040,50.1241,4.09448,10.0
1765,0,0,0,1458.9700,539.1760,48.0651,2.57332,5.0
1765,0,0,0,1462.8800,726.4770,44.8257,6.10342,10.0
1765,0,0,0,1467.9600,501.7090,40.9020,4.50102,10.0
1765,0,0,0,1474.0300,516.7410,39.3069,0.78537,5.0
1765,0,0,0,1481.5800,583.2260,53.5268,4.04694,5.0
1765,0,0,0,1489.7300,653.8910,45.6981,0.19261,10.0
1765,0,0,0,1490.2900,580.9270,53.8718,1.17979,10.0
1765,0,0,0,1501.6800,728.5450,44.3706,0.24498,3.0
1765,0,0,0,1511.8100,691.0750,50.4579,5.24510,5.0
1765,0,0,0,1513.0600,555.1130,52.3071,2.80472,10.0
1765,0,0,0,1513.3600,728.3500,47.0631,1.59130,5.0
1765,0,0,0,1516.9800,687.9720,50.7996,0.49904,5.0
1765,0,0,0,1529.3700,559.7780,50.4827,0.55880,5.0
1765,0,0,0,1536.1600,510.7230,47.4759,3.25904,10.0
1765,0,0,0,1545.6200,512.7250,48.2212,4.83675,5.0
1765,0,0,0,1585.9800,629.8890,61.5765,0.14453,5.0
1766,0,0,0,916.3370,1579.9800,35.2729,2.81768,5.0
1766,0,0,0,946.8480,1452.8900,42.5283,1.41280,10.0
1766,0,0,0,949.2210,1501.2100,40.8967,5.05469,10.0
1766,0,0,0,955.8830,1579.4300,30.7286,1.26286,5.0
1766,0,0,0,974.3630,1447.9100,41.8333,0.98984,10.0
1766,0,0,0,1016.2400,1489.1100,41.5842,0.19995,5.0
1766,0,0,0,1037.7500,1385.1400,41.9829,3.03104,10.0
1766,0,0,0,1055.5800,1455.5900,42.5689,4.85746,5.0
1766,0,0,0,1056.9500,1314.2100,38.1722,1.93291,5.0
1766,0,0,0,1105.1500,1394.2900,37.6541,1.66367,10.0
1766,0,0,0,1120.6300,1314.0100,36.7478,1.88091,10.0
1766,0,0,0,1165.6500,1327.3500,38.1737,2.65017,10.0
1766,0,0,0,1177.6700,1254.6200,45.4915,2.17068,5.0
1766,0,0,0,1181.7000,1118.1000,39.6091,6.11242,10.0
1766,0,0,0,1212.9100,1079.8600,38.7098,0.85380,10.0
1766,0,0,0,1217.5200,949.9420,37.5159,6.11568,10.0
1766,0,0,0,1223.9200,1038.8700,38.2366,1.50354,10.0
1766,0,0,0,1235.9100,1376.5500,43.6061,1.00993,10.0
1766,0,0,0,1272.0400,1017.1900,45.2819,4.30828,10.0
1766,0,0,0,1285.4700,1145.1100,51.8388,1.41372,10.0
1766,0,0,0,1285.7600,1347.7100,47.5153,6.16580,3.0
1766,0,0,0,1286.0700,961.7770,45.0388,1.36727,5.0
1766,0,0,0,1308.4100,1161.4300,52.8350,2.05291,10.0
1766,0,0,0,1312.4600,1126.4500,52.5574,1.74533,10.0
1766,0,0,0,1317.1800,1090.6000,50.4066,0.24435,10.0
1766,0,0,0,1332.3900,877.6200,49.4472,0.38976,5.0
1766,0,0,0,1360.2100,798.5440,44.7269,0.93097,10.0
1766,0,0,0,1364.5900,1052.0200,54.1214,1.63180,5.0
1766,0,0,0,1371.9200,975.9140,48.8512,6.26116,10.0
1766,0,0,0,1375.9600,940.4550,49.6724,2.23972,10.0
1766,0,0,0,1380.1700,1091.2600,52.4141,1.62316,10.0
1766,0,0,0,1384.2300,1054.6200,52.7702,3.11649,5.0
1766,0,0,0,1390.5600,1019.8600,52.6699,6.02181,5.0
1766,0,0,0,1413.5100,887.7190,48.6420,5.90226,10.0
1766,0,0,0,1416.4800,949.6690,51.8731,3.90628,10.0
1766,0,0,0,1420.1500,854.7080,48.3319,6.27049,10.0
1766,0,0,0,1420.9900,1027.3700,52.4924,4.49403,10.0
1766,0,0,0,1428.4400,840.5740,51.1224,1.33898,10.0
1766,0,0,0,1442.8900,1080.6200,58.2144,0.00000,10.0
1766,0,0,0,1476.2900,994.0630,62.7300,3.55958,5.0
1767,0,0,0,871.3140,1094.0000,43.7353,4.99337,5.0
1767,0,0,0,877.5690,1111.8000,32.8909,3.28016,5.0
1767,0,0,0,882.2500,1094.8100,34.7358,0.00000,0.0
1767,0,0,0,890.5160,1094.1100,31.6513,0.00000,0.0
1767,0,0,0,940.1720,1077.7700,37.0387,0.04303,0.0
1767,0,0,0,943.3930,1038.0800,25.2660,5.09772,5.0
1767,0,0,0,958.0150,1065.9600,34.9291,3.86410,10.0
1767,0,0,0,976.7400,1020.1000,28.3477,4.92151,10.0
1767,0,0,0,1000.3100,1055.0000,34.1572,2.74611,10.0
1767,0,0,0,1009.0700,1024.7900,31.5236,3.64150,10.0
1767,0,0,0,1037.4700,1031.4000,31.9553,4.58854,10.0
1767,0,0,0,1049.7800,1050.5600,32.6697,0.68744,10.0
1767,0,0,0,1072.9500,1041.0700,30.4191,5.56355,10.0
1767,0,0,0,1073.0300,1025.3100,29.6938,3.06729,10.0
1767,0,0,0,1125.7000,1059.3300,30.0302,0.48843,10.0
1767,0,0,0,1153.0000,994.5170,31.7051,4.28935,10.0
1767,0,0,0,1162.0900,974.6660,32.8116,0.00000,0.0
1767,0,0,0,1177.8100,956.6980,34.6561,4.39394,10.0
1767,0,0,0,1178.1700,932.9950,33.3193,2.96104,0.0
1767,0,0,0,1180.2200,990.2200,35.3635,0.11648,10.0
1767,0,0,0,1203.3500,923.5960,34.0127,4.55901,10.0
1767,0,0,0,1220.3000,875.8510,29.7018,5.81154,10.0
1767,0,0,0,1231.3800,910.7360,35.0038,4.90595,10.0
1767,0,0,0,1249.9600,927.0580,36.7232,3.14065,10.0
1767,0,0,0,1260.8900,883.3820,36.5156,5.51932,10.0
1767,0,0,0,1277.8300,831.6630,29.7052,4.10114,10.0
1767,0,0,0,1288.1300,860.8520,35.4024,3.17337,10.0
1767,0,0,0,1289.6400,898.5410,39.5331,2.35210,10.0
1767,0,0,0,1291.4100,714.5550,31.2701,5.13716,10.0
1767,0,0,0,1302.8600,654.1640,32.3688,0.00000,0.0
1767,0,0,0,1304.9500,755.3800,30.9553,3.42976,5.0
1767,0,0,0,1305.0400,695.4950,34.4446,4.51480,10.0
1767,0,0,0,1306.8000,780.4020,31.0343,1.87549,5.0
1767,0,0,0,1314.3100,768.8970,29.4937,5.62501,10.0
1767,0,0,0,1314.6000,804.2800,32.8589,4.65868,10.0
1767,0,0,0,1314.6700,837.1740,35.5394,4.96985,10.0
1767,0,0,0,1315.5100,685.7010,35.4777,5.40717,10.0
1767,0,0,0,1316.2600,653.0250,33.7696,0.73361,10.0
1767,0,0,0,1318.9900,735.7480,31.0044,0.80386,10.0
1767,0,0,0,1327.8300,772.0460,32.8600,4.01690,10.0
1767,0,0,0,1337.2100,715.8590,33.4575,5.11750,10.0
1767,0,0,0,1338.4700,634.6440,33.7373,1.51703,10.0
1767,0,0,0,1352.6900,751.9680,36.1366,2.80848,10.0
1768,0,0,0,892.1080,1087.2100,34.3087,1.33096,3.0
1768,0,0,0,896.7360,1089.1000,34.2388,0.00000,0.0
1768,0,0,0,905.9440,1098.8900,33.6605,5.02886,5.0
1768,0,0,0,1107.1900,1021.9700,29.8084,1.66096,10.0
1768,0,0,0,1134.9400,1041.6900,30.0693,0.53715,10.0
1768,0,0,0,1145.5700,945.9380,30.8203,3.49838,10.0
1768,0,0,0,1151.3200,1032.0500,31.3314,0.95592,10.0
1768,0,0,0,1159.7200,968.1890,32.5814,0.00000,0.0
1768,0,0,0,1165.4700,1012.9000,33.0586,0.20448,10.0
1768,0,0,0,1167.6500,945.9930,33.2895,0.09384,10.0
1768,0,0,0,1168.7100,967.7060,33.9012,2.42601,0.0
1768,0,0,0,1171.8600,933.8940,32.8878,0.00000,0.0
1768,0,0,0,1176.3300,908.5710,31.2165,0.46851,10.0
1768,0,0,0,1198.1600,901.8910,33.0673,0.00000,0.0
1768,0,0,0,1207.4600,892.7600,32.9063,0.00000,0.0
1768,0,0,0,1268.5900,858.3260,31.9368,4.66197,5.0
1768,0,0,0,1297.5900,668.7690,32.1239,2.75762,0.0
1768,0,0,0,1297.9200,655.7290,29.1939,5.25281,5.0
1768,0,0,0,1301.8700,711.4340,34.4908,3.49453,10.0
1768,0,0,0,1302.4300,806.7970,32.3997,5.00255,10.0
1768,0,0,0,1303.4300,671.5170,33.4777,0.60034,0.0
1768,0,0,0,1311.8400,665.1770,34.1493,0.00000,0.0
1768,0,0,0,1312.1100,651.5040,33.1493,0.00000,0.0
1768,0,0,0,1314.5600,634.3710,30.5476,0.92553,10.0
1769,0,0,0,328.9620,1318.7600,78.1197,5.71942,10.0
1769,0,0,0,362.9800,1275.4100,80.2615,1.69806,10.0
1769,0,0,0,408.5610,1274.9100,82.1546,5.43284,10.0
1769,0,0,0,456.0840,1187.9500,89.8521,4.32868,5.0
1769,0,0,0,460.2370,1287.3500,82.9161,2.96777,10.0
1769,0,0,0,497.6090,1257.6800,83.9165,5.94474,10.0
1769,0,0,0,508.0390,1177.5300,89.9191,5.29591,5.0
1769,0,0,0,529.1980,1428.6900,101.2620,1.66961,10.0
1769,0,0,0,532.9460,1359.0400,86.7746,2.45802,10.0
1769,0,0,0,537.5000,1129.1700,89.8300,1.35220,3.0
1769,0,0,0,557.5880,1386.0300,88.8295,3.25214,10.0
1769,0,0,0,569.1860,1341.0200,87.2185,0.04448,10.0
1769,0,0,0,603.2920,1229.8700,80.7245,3.06652,10.0
1769,0,0,0,639.0040,1397.6300,84.1700,1.42813,10.0
1769,0,0,0,681.3920,1414.9000,66.9677,4.78486,10.0
1769,0,0,0,688.6360,1373.4700,73.0081,5.19270,5.0
1769,0,0,0,710.0120,1378.3100,72.4412,0.83515,10.0
1769,0,0,0,711.7290,1442.7600,62.7848,5.93488,10.0
1769,0,0,0,777.1350,1412.0500,61.1901,0.65034,0.0
1769,0,0,0,867.8220,1232.2100,53.3354,3.59945,3.0
1769,0,0,0,877.8370,1269.2900,48.6476,4.82991,5.0
1769,0,0,0,882.0600,1248.8500,46.8588,1.79700,0.0
1769,0,0,0,912.5610,1254.2700,46.1064,4.96593,10.0
1769,0,0,0,918.6590,1160.1700,47.4461,2.39061,10.0
1769,0,0,0,919.3990,1223.8400,46.7811,3.40488,10.0
1769,0,0,0,925.4830,1292.8100,44.2352,6.23687,10.0
1769,0,0,0,931.2490,1264.3800,46.0511,2.65146,10.0
1769,0,0,0,932.5490,1237.2300,47.0936,3.56811,0.0
1769,0,0,0,955.6400,1103.1000,47.4907,1.98351,10.0
1769,0,0,0,972.3760,1257.5500,46.1319,1.34483,10.0
1769,0,0,0,978.4550,1172.5200,48.3191,0.33227,10.0
1769,0,0,0,983.5480,1205.1100,48.5285,1.86867,3.0
1769,0,0,0,1000.8400,1159.9400,49.1103,1.47297,10.0
1769,0,0,0,1019.4700,1122.8400,44.7019,1.27749,10.0
1769,0,0,0,1035.9000,1197.6800,48.9457,0.98603,5.0
1769,0,0,0,1058.7500,1142.8000,43.2838,0.12235,10.0
1769,0,0,0,1083.3800,1150.2200,44.5913,4.91811,10.0
1769,0,0,0,1083.4600,1116.9300,40.4399,4.26490,10.0
1769,0,0,0,1088.1100,1103.3000,39.7460,6.19150,10.0
1769,0,0,0,1095.3000,1116.6200,40.7023,6.21337,0.0
1769,0,0,0,1107.4500,1120.6500,40.8570,4.94905,0.0
1769,0,0,0,1107.6100,1137.6000,44.1844,1.46510,10.0
1769,0,0,0,1110.4000,1106.4500,41.6803,2.11185,0.0
1769,0,0,0,1113.5900,1111.8400,41.3153,2.96706,0.0
1769,0,0,0,1121.2300,1069.1600,32.3437,5.68895,10.0
1769,0,0,0,1130.2800,1106.3500,40.3083,1.36268,10.0
1769,0,0,0,1144.9400,1087.4000,34.2194,2.72400,10.0
1770,0,0,0,872.1150,1229.0300,48.0070,0.00000,0.0
1770,0,0,0,883.0110,1237.4900,52.7901,5.04400,3.0
1770,0,0,0,892.5120,1228.6600,46.9676,0.00000,0.0
1770,0,0,0,906.1830,1187.8500,46.8932,2.22550,10.0
1770,0,0,0,937.4670,1235.5400,47.3208,1.33822,10.0
1770,0,0,0,959.7200,1445.8800,42.2783,2.57008,10.0
1770,0,0,0,964.1830,1215.4800,48.2436,2.49582,0.0
1770,0,0,0,969.2190,1398.0400,42.6967,5.54723,5.0
1770,0,0,0,980.1280,1420.3000,38.6953,5.32325,0.0
1770,0,0,0,980.2650,1413.7700,38.7463,0.48869,0.0
1770,0,0,0,981.1470,1197.8900,48.6621,2.47837,0.0
1770,0,0,0,986.9480,1230.9200,50.1766,4.70404,10.0
1770,0,0,0,994.1340,1398.7600,41.0484,4.53376,5.0
1770,0,0,0,1017.6900,1405.5700,43.0668,2.86488,5.0
1772,0,0,0,1001.6400,1562.9100,29.0958,2.84123,3.0
1772,0,0,0,1007.3600,1593.5500,26.5158,3.72211,10.0
1772,0,0,0,1009.1100,1510.6500,36.7858,3.07963,10.0
1772,0,0,0,1010.4900,1531.9000,32.5447,4.81805,10.0
1772,0,0,0,1022.4400,1584.2400,26.7533,1.24071,10.0
1772,0,0,0,1034.0800,1571.1900,28.1631,0.66986,5.0
1772,0,0,0,1056.3800,1498.1800,33.3464,4.41719,5.0
1772,0,0,0,1096.5500,1572.0800,28.2997,3.30081,5.0
1772,0,0,0,1107.3000,1604.9000,27.9556,1.18725,10.0
1772,0,0,0,1113.4500,1542.1100,29.2795,1.25419,5.0
1772,0,0,0,1134.8900,1532.2400,32.1900,1.23501,10.0
1773,0,0,0,1004.8700,1556.2000,29.1257,0.71559,0.0
1773,0,0,0,1025.6300,1560.6200,28.8183,0.00000,0.0
1773,0,0,0,1030.0500,1530.5200,32.0207,2.28094,10.0
1773,0,0,0,1040.0100,1596.9400,27.5647,0.55574,10.0
1773,0,0,0,1058.8500,1598.0300,29.0771,4.97659,0.0
1773,0,0,0,1059.6300,1589.4500,28.1978,5.04400,0.0
1773,0,0,0,1118.0500,1586.3700,28.9850,1.01690,10.0
1773,0,0,0,1126.0400,1536.0200,31.0416,0.51387,10.0
1777,0,0,0,-5275.2600,-2971.0200,338.7370,1.72788,0.0
1778,0,0,0,210.6560,1598.1200,135.6150,5.07585,5.0
1778,0,0,0,214.4460,1558.4800,127.1360,2.79174,5.0
1778,0,0,0,255.8100,1576.8900,130.7080,2.61502,5.0
1778,0,0,0,276.9060,1504.3400,137.7860,5.87804,5.0
1778,0,0,0,318.3390,1592.0900,126.5960,6.22043,5.0
1778,0,0,0,343.3850,1564.3400,126.4600,3.38136,5.0
1778,0,0,0,365.4240,1477.2400,124.9340,2.03881,10.0
1778,0,0,0,396.2820,1295.8500,77.4418,2.36224,10.0
1778,0,0,0,409.5430,1317.3000,78.2445,3.84582,5.0
1778,0,0,0,430.4340,1132.6300,95.6470,3.34109,10.0
1778,0,0,0,437.7130,1159.5200,93.4748,0.17678,10.0
1778,0,0,0,451.6150,1340.9400,85.1817,3.19536,10.0
1778,0,0,0,477.7560,1305.0200,84.1691,2.74875,10.0
1778,0,0,0,523.0860,1325.6000,85.5067,4.84959,10.0
1778,0,0,0,560.6670,1202.2500,84.6172,0.26181,10.0
1778,0,0,0,581.7540,1296.3200,87.0757,1.69087,10.0
1778,0,0,0,591.8200,1307.2000,87.3272,3.45658,10.0
1778,0,0,0,597.6970,1170.5000,84.7169,3.04576,5.0
1778,0,0,0,653.7260,1344.8400,80.0022,6.24912,10.0
1778,0,0,0,729.8040,1479.6700,62.2978,1.26715,10.0
1778,0,0,0,742.9070,1462.7000,64.2130,0.12435,10.0
1778,0,0,0,745.0820,1402.3500,67.4938,1.37176,10.0
1778,0,0,0,931.5000,1401.0000,42.4984,4.46740,5.0
1778,0,0,0,937.6970,1517.3900,40.5056,0.31588,5.0
1778,0,0,0,976.3780,1581.2000,32.2575,6.28129,5.0
1778,0,0,0,1015.4800,1436.0600,47.1773,5.57316,5.0
1778,0,0,0,1030.9300,1362.0600,38.9237,1.89779,10.0
1778,0,0,0,1063.0500,1269.7200,43.7426,3.64063,5.0
1778,0,0,0,1097.7600,1425.7400,38.4663,2.34261,10.0
1778,0,0,0,1108.6800,1351.2700,38.2094,5.40503,10.0
1778,0,0,0,1114.8500,1456.5400,35.0071,4.71434,10.0
1778,0,0,0,1118.0200,1259.4600,41.5969,1.51118,5.0
1778,0,0,0,1126.5500,1421.0600,37.9410,3.16307,10.0
1778,0,0,0,1145.9500,1298.7000,35.0787,4.18670,10.0
1778,0,0,0,1148.6900,1332.7700,33.1924,4.13847,10.0
1778,0,0,0,1179.3400,1376.3200,34.0849,0.45623,10.0
1778,0,0,0,1200.3300,1293.9800,39.6721,5.60570,5.0
1778,0,0,0,1248.4400,1306.7100,45.5006,3.20413,10.0
1778,0,0,0,1268.4100,1389.8600,48.9957,6.07602,3.0
1779,0,0,0,286.0480,1117.9200,79.9577,4.60767,10.0
1779,0,0,0,286.1810,1147.9900,78.2759,2.62843,5.0
1779,0,0,0,314.3810,1156.0000,82.4396,1.88667,5.0
1779,0,0,0,331.3010,1080.2100,101.0210,0.00000,10.0
1779,0,0,0,344.0980,1098.5900,103.7330,0.00000,10.0
1779,0,0,0,360.7290,1114.6300,106.5750,0.00000,10.0
1779,0,0,0,365.9670,1076.8900,105.9310,5.35816,0.0
1779,0,0,0,380.9630,1104.0800,106.2520,4.25860,0.0
1779,0,0,0,381.0920,1058.8300,107.2000,4.13818,3.0
1779,0,0,0,382.0320,1089.1300,106.1740,2.47837,0.0
1779,0,0,0,393.2340,1086.7600,106.6270,3.14159,0.0
1779,0,0,0,398.8150,1001.1700,108.1220,0.00000,3.0
1779,0,0,0,416.3930,1007.1100,108.5980,2.80998,3.0
1779,0,0,0,751.9670,1647.1400,37.7432,1.42314,5.0
1779,0,0,0,770.7750,1574.2000,26.6154,4.35161,3.0
1779,0,0,0,779.3250,1621.3200,30.2561,2.21657,0.0
1779,0,0,0,781.5920,1594.3000,33.7554,6.27928,10.0
1779,0,0,0,789.6870,1622.8900,29.3811,2.46091,0.0
1779,0,0,0,820.8970,1720.3000,24.1432,1.12871,10.0
1779,0,0,0,835.6870,1736.9400,17.8640,0.95895,10.0
1779,0,0,0,843.5260,1679.7100,23.2317,3.72958,10.0
1779,0,0,0,844.5990,1818.6400,5.1764,0.16479,10.0
1779,0,0,0,852.5540,1620.8800,27.5372,3.48624,10.0
1779,0,0,0,855.5320,1747.8600,15.0012,1.98768,10.0
1779,0,0,0,856.5530,1644.5900,24.2417,5.13879,10.0
1779,0,0,0,871.6480,1716.7900,16.0956,0.50625,3.0
1779,0,0,0,872.5930,1491.4500,38.6528,5.57557,10.0
1779,0,0,0,883.9470,1597.0900,36.8462,1.57610,3.0
1779,0,0,0,888.1990,1787.9600,12.2461,0.74197,10.0
1779,0,0,0,897.8120,1495.2100,37.6528,1.87082,10.0
1779,0,0,0,903.4410,1547.8000,30.4373,0.21890,10.0
1779,0,0,0,911.8900,1804.1200,10.2504,2.53951,10.0
1779,0,0,0,943.0260,1785.4600,13.1265,3.37603,10.0
1779,0,0,0,951.6050,1722.5600,14.2360,2.80289,10.0
1779,0,0,0,978.1830,1400.5000,42.3911,2.98453,0.0
1779,0,0,0,983.1990,1738.7700,14.7072,6.09364,10.0
1779,0,0,0,987.4800,1419.7400,39.0059,0.76794,0.0
1779,0,0,0,1011.1200,1784.7000,13.7342,1.72197,5.0
1779,0,0,0,1016.4500,1858.7900,10.9091,5.72790,10.0
1779,0,0,0,1020.8300,1712.5000,21.9026,2.86717,10.0
1779,0,0,0,1051.3800,1824.6700,16.6664,3.00846,10.0
1779,0,0,0,1097.3600,1348.6400,39.3295,3.85553,5.0
1779,0,0,0,1113.5000,1288.8400,39.1146,1.76756,10.0
1779,0,0,0,1141.4900,1358.2100,34.0249,4.64498,10.0
1779,0,0,0,1162.3600,1432.2200,35.1344,1.48682,10.0
1779,0,0,0,1177.2600,1234.2500,51.4312,3.97260,10.0
1779,0,0,0,1190.0200,1368.1200,32.9063,1.43467,10.0
1779,0,0,0,1193.4800,1306.7500,34.6931,1.38664,10.0
1779,0,0,0,1259.6800,1320.6900,44.5622,5.14677,10.0
1780,0,0,0,1181.5500,2015.4100,11.1334,2.91299,10.0
1780,0,0,0,1214.1800,1979.0500,10.2781,4.22844,10.0
1780,0,0,0,1217.0400,1951.0500,10.6037,5.09695,10.0
1780,0,0,0,1221.1100,1887.7300,11.5197,5.95613,10.0
1780,0,0,0,1240.5500,2014.8100,13.9492,2.11356,5.0
1780,0,0,0,1245.9200,1951.1900,12.3655,4.71969,5.0
1780,0,0,0,1248.0400,1919.4100,13.3078,5.15477,10.0
1780,0,0,0,1260.0100,1977.8400,16.4491,4.16876,10.0
1780,0,0,0,1270.6700,1953.3900,15.1186,2.16097,3.0
1780,0,0,0,1272.1400,1932.7800,15.7250,1.58952,10.0
1780,0,0,0,1282.8400,1942.0400,16.1744,0.60854,0.0
1780,0,0,0,1300.4200,1957.1000,19.0124,4.33950,3.0
1780,0,0,0,1310.5700,1988.2700,14.2705,0.27391,5.0
1780,0,0,0,1312.8600,1984.4300,14.0761,4.24556,5.0
1780,0,0,0,1317.1300,1963.2900,15.3646,4.12758,3.0
1781,0,0,0,1341.7200,1959.0500,13.4341,5.12549,3.0
1781,0,0,0,1345.5300,1975.5600,14.6080,3.24619,3.0
1781,0,0,0,1363.6600,1963.4500,13.3485,4.82929,5.0
1781,0,0,0,1372.1400,1957.7900,13.5725,1.06032,3.0
1781,0,0,0,1375.9200,1965.5200,14.3370,2.33496,3.0
1781,0,0,0,1378.1200,1976.6900,13.9847,2.93972,3.0
1781,0,0,0,1380.4000,1992.4300,17.9904,1.52390,3.0
1781,0,0,0,1385.2600,1968.3300,14.6336,0.23746,3.0
1781,0,0,0,1388.2600,2000.1700,16.7575,5.48071,3.0
1781,0,0,0,1390.6800,1976.3600,18.5118,4.47810,3.0
1781,0,0,0,1394.4300,2011.6600,15.9312,3.21808,3.0
1781,0,0,0,1396.8900,1970.0000,18.3593,4.15763,3.0
1781,0,0,0,1409.5000,2008.3300,14.2523,4.24892,3.0
1781,0,0,0,1415.8800,1937.6400,10.3177,4.37771,3.0
1781,0,0,0,1418.5500,1962.0000,14.0876,5.99553,3.0
1781,0,0,0,1425.2500,1942.4100,8.8731,3.86460,5.0
1781,0,0,0,1433.0500,2002.0400,11.5301,0.97334,3.0
1781,0,0,0,1433.5800,1967.7500,12.7610,3.81089,3.0
1781,0,0,0,1438.1900,1944.4600,12.8004,2.60436,3.0
1781,0,0,0,1446.9400,1990.0800,11.0784,0.64833,3.0
1782,0,0,0,306.2230,1096.6200,93.8247,1.72567,3.0
1782,0,0,0,386.8100,1048.1000,106.2240,2.11708,3.0
1782,0,0,0,386.8860,1045.1700,106.5250,1.72788,0.0
1782,0,0,0,404.4330,1012.9500,109.1290,0.83776,3.0
1782,0,0,0,407.4620,1034.3200,107.0380,4.85226,3.0
1782,0,0,0,407.8800,1004.9900,107.5460,4.36145,3.0
1782,0,0,0,415.9680,1020.9400,107.7060,5.80582,3.0
1782,0,0,0,479.5050,954.0250,128.9000,1.01024,5.0
1782,0,0,0,483.0770,988.3510,128.7820,4.67748,0.0
1782,0,0,0,507.3350,913.3500,128.7330,0.22689,0.0
1782,0,0,0,512.1010,912.4560,128.7330,2.54818,0.0
1782,0,0,0,516.1120,984.6850,128.5730,1.67256,5.0
1782,0,0,0,766.6510,1621.5300,32.4912,0.47124,0.0
1782,0,0,0,770.9980,1633.8900,32.0893,5.37561,0.0
1782,0,0,0,779.6640,1633.0400,30.1085,3.84481,0.0
1782,0,0,0,795.6700,1637.9500,31.5418,4.82197,3.0
1782,0,0,0,803.0270,1613.5200,31.0800,0.32246,5.0
1782,0,0,0,818.3040,1783.0000,14.6800,2.57592,10.0
1782,0,0,0,849.9320,1537.9900,36.0744,5.45115,3.0
1782,0,0,0,907.1360,1840.6800,5.7570,3.96943,10.0
1782,0,0,0,912.6010,1762.2600,15.8188,1.76095,10.0
1782,0,0,0,953.0210,1838.8000,6.4123,6.09028,10.0
1782,0,0,0,978.2720,1822.4100,10.9461,2.61884,10.0
1782,0,0,0,980.3090,1870.7100,10.4914,3.77379,10.0
1782,0,0,0,1053.5100,1905.0800,9.4936,0.95814,10.0
1797,0,0,0,-320.8520,1117.4100,74.8466,4.88923,10.0
1797,0,0,0,-302.1470,1375.9400,34.8876,0.70037,5.0
1797,0,0,0,-278.7680,1153.3200,64.3192,2.88195,10.0
1797,0,0,0,-275.7780,1342.3600,36.0500,1.03657,10.0
1797,0,0,0,-233.9820,1310.8800,44.6871,5.17926,5.0
1797,0,0,0,-214.9620,1327.5800,37.5295,1.13293,10.0
1797,0,0,0,-211.7370,1093.6800,60.6197,2.90514,5.0
1797,0,0,0,-210.9260,1228.9400,55.0969,2.96777,10.0
1797,0,0,0,-201.6770,1281.9700,43.3835,6.19129,10.0
1797,0,0,0,-154.2030,1124.6000,58.6889,2.44461,5.0
1797,0,0,0,-152.7050,1205.6200,57.5753,5.75047,10.0
1797,0,0,0,-82.8995,1284.2300,56.8944,1.32105,10.0
1797,0,0,0,-48.8666,1246.4400,60.6744,5.43838,10.0
1797,0,0,0,-29.7372,1219.6700,61.6027,3.19363,10.0
1797,0,0,0,13.2094,1282.6900,61.6673,4.65375,10.0
1797,0,0,0,39.4396,1275.6300,63.4846,4.84533,10.0
1797,0,0,0,92.6028,1171.8900,68.0107,3.24048,5.0
1797,0,0,0,118.7500,1293.7500,69.4602,3.00272,10.0
1797,0,0,0,155.1450,1217.3700,67.9373,0.91430,5.0
1797,0,0,0,156.9600,1285.4400,69.5698,4.47010,10.0
1797,0,0,0,187.7510,1288.4500,70.7082,5.35860,10.0
1797,0,0,0,217.2170,1227.2900,68.8747,0.26394,5.0
1797,0,0,0,219.5280,1114.5800,75.2298,0.00000,3.0
1797,0,0,0,1058.3500,1682.0500,28.1638,6.14695,5.0
1797,0,0,0,1064.3300,1909.2900,10.0951,0.16772,10.0
1797,0,0,0,1119.2500,1972.2700,0.9220,0.73620,5.0
1797,0,0,0,1120.8900,1664.6000,29.7183,0.84691,10.0
1797,0,0,0,1140.4200,1619.0700,31.8286,5.92099,5.0
1797,0,0,0,1155.4700,1519.0600,37.4279,1.61180,10.0
1797,0,0,0,1155.9900,1721.3000,17.9300,0.03692,10.0
1797,0,0,0,1158.7500,1665.9800,25.2668,1.74654,10.0
1797,0,0,0,1160.6700,1475.3000,34.7707,6.24931,10.0
1797,0,0,0,1162.8800,1702.6400,18.5242,6.23337,10.0
1797,0,0,0,1171.8200,1892.1300,18.8476,2.84826,5.0
1797,0,0,0,1184.2500,1880.6800,17.1796,3.65603,5.0
1797,0,0,0,1184.3400,1961.3200,9.5990,5.55792,10.0
1797,0,0,0,1189.8000,1585.6200,26.7093,5.70094,10.0
1797,0,0,0,1201.2000,1867.4200,18.4268,1.84279,5.0
1797,0,0,0,1205.1100,1776.1700,15.4958,1.60052,10.0
1797,0,0,0,1214.8000,1548.0800,33.4479,0.24451,5.0
1797,0,0,0,1220.2100,1807.4200,15.3095,4.78769,10.0
1797,0,0,0,1231.2500,1857.8100,10.5020,2.89664,5.0
1797,0,0,0,1239.0400,2002.6800,14.1142,0.24895,5.0
1797,0,0,0,1249.3100,1782.2100,12.8606,0.27529,10.0
1797,0,0,0,1287.4200,1811.2100,23.1797,4.26272,5.0
1865,0,0,0,87.7216,1535.0500,121.3280,1.55132,10.0
1865,0,0,0,103.5470,1455.7900,115.5360,5.96903,0.0
1865,0,0,0,108.3070,1512.0800,114.5980,0.55223,10.0
1865,0,0,0,111.6260,1478.8600,117.6690,4.57194,3.0
1865,0,0,0,125.5740,1525.2300,114.7350,5.58974,10.0
1865,0,0,0,138.5070,1453.9300,114.8250,0.68888,10.0
1865,0,0,0,149.0990,1489.5200,114.5160,0.05476,0.0
1865,0,0,0,150.4820,1516.4300,114.9270,4.75448,0.0
1865,0,0,0,150.8880,1508.8200,114.4810,5.16617,0.0
1865,0,0,0,176.1670,1494.5300,115.6640,5.40450,3.0
1865,0,0,0,185.3230,1434.7800,113.3110,2.94865,10.0
1866,0,0,0,137.0630,1507.8300,114.7310,0.43633,0.0
1866,0,0,0,142.1970,1531.5600,115.0670,5.60111,3.0
1866,0,0,0,142.8230,1525.1500,114.9360,1.51926,3.0
1866,0,0,0,149.5250,1456.7000,114.7320,0.85105,10.0
1866,0,0,0,151.8350,1477.5000,114.6410,3.37221,10.0
1866,0,0,0,165.6530,1469.7800,114.6410,1.81377,10.0
1866,0,0,0,182.6710,1448.9700,114.5190,0.42735,10.0
1866,0,0,0,183.4300,1478.0500,114.8760,1.22011,10.0
1866,0,0,0,193.9240,1433.2700,112.4330,2.97027,10.0
1866,0,0,0,230.9730,1431.4500,112.0530,5.05428,10.0
1866,0,0,0,261.4110,1423.8000,113.9970,0.96419,10.0
1866,0,0,0,1213.3600,1223.1800,52.7388,3.10929,10.0
1866,0,0,0,1234.3600,1182.3400,52.4549,5.33000,0.0
1866,0,0,0,1238.2700,1227.7500,52.7714,4.57433,5.0
1866,0,0,0,1240.3600,1263.4900,50.8149,2.42665,10.0
1866,0,0,0,1246.9900,1206.6500,52.7385,3.22594,10.0
1866,0,0,0,1255.8000,1194.5900,52.7049,4.40008,10.0
1866,0,0,0,1258.4500,1235.8100,52.6899,4.01463,5.0
1866,0,0,0,1261.0600,1256.5600,52.5649,2.34941,10.0
1866,0,0,0,1270.7000,1223.9800,52.6321,5.93723,5.0
1866,0,0,0,1272.3700,1277.5400,52.8371,2.97767,5.0
1866,0,0,0,1273.4600,1196.4900,52.6464,2.44072,10.0
1866,0,0,0,1276.9800,1264.1900,52.6648,4.41568,0.0
1866,0,0,0,1282.7300,1268.5700,52.9495,5.75940,3.0
1866,0,0,0,1283.0600,1279.4000,52.9050,4.61070,0.0
1866,0,0,0,1287.2600,1252.5500,53.2435,3.82892,10.0
1867,0,0,0,-322.4950,1290.3600,39.4016,2.66834,10.0
1867,0,0,0,-317.8250,1242.0700,46.0522,5.77648,10.0
1867,0,0,0,-305.4320,1217.5500,48.6793,3.68570,10.0
1867,0,0,0,-287.7330,1337.6500,42.9250,1.00895,5.0
1867,0,0,0,-280.4130,1376.3400,36.0690,5.17340,10.0
1867,0,0,0,-273.2170,1289.0400,42.6929,1.89471,10.0
1867,0,0,0,-267.7550,1372.2700,36.4440,2.23667,5.0
1867,0,0,0,-257.3840,1218.9500,48.6229,5.06967,10.0
1867,0,0,0,-247.4270,1116.0000,62.3329,5.38072,5.0
1867,0,0,0,-241.1570,1243.9500,47.3205,0.02827,10.0
1867,0,0,0,-221.9490,1154.6800,59.0596,3.15079,10.0
1867,0,0,0,-213.2890,1379.1700,33.9056,1.69612,3.0
1867,0,0,0,-192.4580,1259.4700,49.6201,2.18079,10.0
1867,0,0,0,-190.8620,1325.0800,40.2671,2.50029,10.0
1867,0,0,0,-177.0280,1068.9800,61.1024,1.90861,5.0
1867,0,0,0,-176.5310,1275.7000,47.0672,0.32515,10.0
1867,0,0,0,-172.5610,1223.6400,52.5890,5.90539,10.0
1867,0,0,0,-132.7260,1283.7300,50.7134,2.26141,10.0
1867,0,0,0,-119.4580,1249.3800,53.4653,2.57851,10.0
1867,0,0,0,-109.9420,1312.1200,55.4393,0.02277,10.0
1867,0,0,0,-94.3065,1131.9400,64.8250,1.87905,5.0
1867,0,0,0,-93.3536,1219.5600,59.2291,4.30070,10.0
1867,0,0,0,-92.7974,1079.3200,66.0858,3.48173,10.0
1867,0,0,0,-58.1607,1325.6500,60.9990,2.28413,10.0
1867,0,0,0,-55.2049,1286.6000,59.8505,1.21555,10.0
1867,0,0,0,-39.2264,1325.9000,59.8806,5.70347,10.0
1867,0,0,0,-34.2119,1369.1200,63.8766,3.02522,10.0
1867,0,0,0,-21.0524,1343.3800,59.3085,0.61086,0.0
1867,0,0,0,-20.0647,1357.3800,60.0333,4.88692,0.0
1867,0,0,0,-7.2794,1341.1700,60.1616,3.85718,0.0
1867,0,0,0,-6.2172,1351.1400,60.3010,3.92699,0.0
1867,0,0,0,-1.1058,1311.9100,61.3136,4.02897,10.0
1867,0,0,0,23.0671,1339.6800,62.1224,1.37672,10.0
1867,0,0,0,45.4134,1266.9600,63.5395,4.74633,0.0
1867,0,0,0,78.2874,1252.1200,65.4119,0.54790,10.0
1868,0,0,0,659.4160,1219.3900,78.3462,0.15488,5.0
1868,0,0,0,663.3820,1246.2800,76.6903,2.07420,5.0
1868,0,0,0,670.4710,1137.6900,56.2187,3.10059,10.0
1868,0,0,0,686.8810,1246.6100,73.9435,3.59087,10.0
1868,0,0,0,711.7070,1279.4700,70.4829,4.61918,10.0
1868,0,0,0,712.1010,1227.0100,62.5407,4.41417,10.0
1868,0,0,0,745.3310,1249.3300,60.5594,0.90539,10.0
1868,0,0,0,752.4290,1185.5400,55.8908,0.61435,10.0
1868,0,0,0,809.3380,1244.2600,55.9657,5.22654,10.0
1869,0,0,0,670.9940,1179.0500,65.7710,4.75109,10.0
1869,0,0,0,723.2000,1193.8500,60.3411,0.81442,10.0
1869,0,0,0,735.3470,1093.8100,48.1717,0.75309,10.0
1869,0,0,0,754.0660,1044.7500,47.0964,4.72221,5.0
1869,0,0,0,758.6730,1146.7600,49.2632,3.71148,10.0
1869,0,0,0,766.8030,1073.3200,45.5605,4.09460,10.0
1869,0,0,0,774.1600,1117.5100,53.0242,0.79218,0.0
1869,0,0,0,778.1680,1220.0100,56.4885,2.51764,10.0
1870,0,0,0,645.2230,990.7240,43.3139,3.07613,10.0
1870,0,0,0,680.9260,1092.5400,54.8569,4.77493,10.0
1870,0,0,0,689.2310,1024.3500,43.3737,5.92631,10.0
1870,0,0,0,696.4130,1071.2400,50.1966,1.73952,10.0
1870,0,0,0,717.9890,1056.4500,46.9303,4.28216,10.0
1872,0,0,0,-5573.7800,-464.4550,402.1450,3.99680,0.0
1888,0,0,0,-589.3600,976.1230,89.6548,3.18497,10.0
1888,0,0,0,-575.6000,840.1050,91.0759,4.73389,10.0
1888,0,0,0,-566.5250,937.2340,89.6807,2.23759,10.0
1888,0,0,0,-566.0520,880.6260,88.9518,2.19701,10.0
1888,0,0,0,-537.0960,1023.5800,98.2979,4.86718,3.0
1888,0,0,0,-518.1410,1099.5300,81.5121,5.62445,10.0
1888,0,0,0,-506.3160,1023.9800,93.8815,1.40597,0.0
1888,0,0,0,-497.4040,801.0640,92.4144,4.17110,10.0
1888,0,0,0,-495.4000,777.4250,91.5306,3.15074,10.0
1888,0,0,0,-494.5160,832.0850,93.8851,2.97388,10.0
1888,0,0,0,-490.7640,849.4390,94.6555,4.15018,5.0
1888,0,0,0,-481.4830,825.4650,95.7536,0.31416,0.0
1888,0,0,0,-474.1930,809.0230,95.7396,1.35425,0.0
1888,0,0,0,-472.7020,793.7810,94.9056,0.93000,10.0
1888,0,0,0,-469.0900,953.3180,92.0262,4.05506,10.0
1888,0,0,0,-462.5300,927.4370,96.4647,3.57933,10.0
1888,0,0,0,-457.8120,879.6880,99.0823,1.66156,5.0
1888,0,0,0,-445.4330,818.3290,97.4096,4.64305,10.0
1888,0,0,0,-427.9310,911.5980,107.5150,3.91940,3.0
1888,0,0,0,-415.3720,829.4860,94.8417,3.57380,10.0
1888,0,0,0,-388.4910,819.6710,97.9254,3.47256,5.0
1888,0,0,0,-115.6050,736.6280,64.7981,4.17457,5.0
1888,0,0,0,-65.6250,734.3750,66.8521,4.22428,5.0
1888,0,0,0,-40.2474,803.0250,63.3324,0.94975,10.0
1888,0,0,0,-1.1166,754.9950,63.7725,6.00936,0.0
1888,0,0,0,5.5045,789.6910,64.2002,5.56716,5.0
1888,0,0,0,12.3213,665.3480,67.7200,0.12339,5.0
1888,0,0,0,20.9485,715.5040,63.7214,0.86262,5.0
1888,0,0,0,35.8256,784.9770,65.0515,1.21437,0.0
1888,0,0,0,43.9987,742.9280,63.7948,3.69211,10.0
1888,0,0,0,51.7442,687.1400,63.8624,2.15615,10.0
1888,0,0,0,62.1989,767.2440,63.8601,4.17134,0.0
1888,0,0,0,68.6201,772.3370,64.1462,5.77310,3.0
1888,0,0,0,88.6290,744.2290,61.7521,3.37520,10.0
1888,0,0,0,89.7352,712.9780,60.4226,4.74901,10.0
1889,0,0,0,-523.0530,664.9670,88.7776,0.11636,3.0
1889,0,0,0,-516.8920,712.1550,87.6163,2.35219,10.0
1889,0,0,0,-502.2000,1030.4400,94.0043,1.40597,0.0
1889,0,0,0,-478.6600,826.4060,96.0895,3.57792,0.0
1889,0,0,0,-473.6130,832.8460,97.0009,1.79769,0.0
1889,0,0,0,-470.8130,728.0770,88.2848,1.64510,5.0
1889,0,0,0,-468.6640,806.5620,96.2601,2.12930,0.0
1889,0,0,0,-465.8660,809.9540,96.6372,3.45575,0.0
1889,0,0,0,-452.9130,681.7500,91.1258,0.24070,5.0
1889,0,0,0,-445.8840,738.4170,93.8370,6.14668,5.0
1889,0,0,0,-406.3830,718.2410,103.8300,4.69481,5.0
1889,0,0,0,-403.6290,756.7810,102.4030,1.36811,5.0
1889,0,0,0,-369.9520,804.0720,93.2169,3.39092,0.0
1889,0,0,0,-169.4950,787.7960,69.5310,0.78540,0.0
1889,0,0,0,-167.4670,797.7870,69.6033,5.28835,0.0
1889,0,0,0,-161.4800,786.7650,69.6301,2.02458,0.0
1889,0,0,0,-4.1880,751.9870,63.7761,0.04918,10.0
1889,0,0,0,16.6264,771.5890,63.8881,5.61996,0.0
1889,0,0,0,18.2747,787.2730,65.1348,5.95157,0.0
1889,0,0,0,19.9604,785.9400,65.0515,3.09187,5.0
1889,0,0,0,20.9377,770.1350,63.8601,3.61283,0.0
1889,0,0,0,22.0169,767.4710,63.8601,2.46091,0.0
1889,0,0,0,28.8149,719.5250,63.7214,5.17149,5.0
1889,0,0,0,36.2099,794.6930,69.7170,3.50222,3.0
1889,0,0,0,39.0142,782.5450,69.8046,3.31613,0.0
1889,0,0,0,67.6706,786.9930,64.1731,5.73697,0.0
1889,0,0,0,75.6378,760.8190,63.5977,4.34587,0.0
1889,0,0,0,86.2971,704.3830,61.2206,4.54965,10.0
1889,0,0,0,201.6300,713.8150,46.2771,5.32696,5.0
1889,0,0,0,247.8240,686.4500,40.9485,4.46546,10.0
1889,0,0,0,271.7520,726.0940,44.1524,5.83788,5.0
1889,0,0,0,277.3490,673.8470,40.7877,4.59504,5.0
1890,0,0,0,1877.5500,1480.8700,85.4797,0.32600,5.0
1890,0,0,0,1889.2500,1488.2500,88.0136,1.74370,5.0
1890,0,0,0,1898.1900,1467.7300,83.6047,5.35794,5.0
1890,0,0,0,1939.6100,1542.9100,90.1650,3.40744,0.0
1890,0,0,0,1943.3600,1484.8100,81.5057,4.65508,10.0
1890,0,0,0,1954.6200,1517.1000,88.0872,0.89631,0.0
1890,0,0,0,1974.1800,1499.6900,86.5418,3.75379,5.0
1890,0,0,0,1977.4500,1578.1400,79.9817,2.80789,5.0
1890,0,0,0,1980.0300,1590.9400,82.5906,3.36789,0.0
1890,0,0,0,1980.1100,1529.2400,87.4341,1.05178,5.0
1890,0,0,0,1981.1800,1546.0400,86.4956,2.82386,0.0
1890,0,0,0,1998.5900,1588.1300,79.8567,6.15124,3.0
1890,0,0,0,2005.9300,1631.6600,73.0787,3.75139,5.0
1890,0,0,0,2006.6500,1503.7500,73.3895,4.31804,10.0
1890,0,0,0,2015.9600,1553.9600,79.1775,3.49227,10.0
1890,0,0,0,2020.8500,1610.2600,71.7037,0.62189,5.0
1890,0,0,0,2025.7000,1531.2200,79.1395,1.71350,10.0
1890,0,0,0,2027.2600,1585.1300,73.9962,0.55240,5.0
1890,0,0,0,2040.7300,1539.4600,78.3196,3.52835,10.0
1890,0,0,0,2052.5600,1577.7500,73.5502,0.24773,5.0
1891,0,0,0,-439.6170,1517.8400,19.5619,3.33314,5.0
1891,0,0,0,-433.4040,1564.1300,20.0606,1.48262,5.0
1891,0,0,0,-432.4350,1531.2700,18.7313,4.20121,5.0
1891,0,0,0,-416.2680,1576.9200,19.5441,3.61468,0.0
1891,0,0,0,-405.0330,1458.8000,27.0968,0.15708,0.0
1891,0,0,0,-381.3010,1653.1400,17.7911,4.48550,0.0
1891,0,0,0,-377.6300,1491.9500,18.4887,5.32325,0.0
1891,0,0,0,-370.9830,1576.3500,16.9810,1.98656,0.0
1891,0,0,0,-363.8180,1545.4500,24.4813,3.24746,0.0
1891,0,0,0,-358.1100,1528.2000,24.9468,1.18862,0.0
1891,0,0,0,-354.3780,1421.6200,28.2597,5.14872,0.0
1891,0,0,0,-350.8220,1606.9300,18.1485,3.78911,0.0
1891,0,0,0,-350.4270,1448.5000,24.3665,4.72984,0.0
1891,0,0,0,-345.2420,1601.8400,17.0845,2.23485,0.0
1894,0,0,0,-442.3880,1539.5000,19.6376,4.53468,5.0
1894,0,0,0,-420.5510,1544.6500,18.4602,2.70724,0.0
1894,0,0,0,-411.6420,1509.0100,19.8575,1.55334,0.0
1894,0,0,0,-410.9830,1453.1800,31.7790,5.59007,5.0
1894,0,0,0,-404.0280,1460.9000,31.7653,5.84685,0.0
1894,0,0,0,-391.6150,1601.7200,17.1706,4.86947,0.0
1894,0,0,0,-390.5350,1466.6300,26.1281,5.34071,0.0
1894,0,0,0,-389.7300,1634.4100,17.4309,6.20095,0.0
1894,0,0,0,-385.7760,1632.9500,24.3887,3.83402,0.0
1894,0,0,0,-385.5580,1618.2400,24.3887,4.07713,3.0
1894,0,0,0,-384.3910,1560.9800,17.1156,2.65866,5.0
1894,0,0,0,-380.6050,1435.2400,25.7369,5.98648,0.0
1894,0,0,0,-378.2870,1655.9800,10.3460,2.89725,3.0
1894,0,0,0,-372.4270,1611.0800,24.3721,1.32645,0.0
1894,0,0,0,-355.2630,1580.0600,18.0622,0.07874,0.0
1894,0,0,0,-341.7110,1553.3400,24.5273,3.26377,0.0
1894,0,0,0,-339.0310,1547.7600,30.0369,3.83411,3.0
1894,0,0,0,-333.2190,1548.4100,25.3864,4.77290,0.0
1895,0,0,0,-424.2020,1543.8400,18.5687,6.17846,0.0
1895,0,0,0,-423.0940,1578.3300,24.4099,2.98749,0.0
1895,0,0,0,-414.1240,1581.0300,19.7275,6.10865,0.0
1895,0,0,0,-413.7060,1579.6400,24.4105,2.98610,0.0
1895,0,0,0,-411.9470,1517.7600,19.7711,4.86947,0.0
1895,0,0,0,-407.9550,1451.3300,27.0859,0.76794,0.0
1895,0,0,0,-397.4750,1543.6100,17.1712,3.04590,5.0
1895,0,0,0,-391.9070,1432.2300,27.0313,6.07375,0.0
1895,0,0,0,-378.4350,1625.5100,16.8077,0.69486,3.0
1895,0,0,0,-344.0820,1504.0100,18.9091,4.18879,0.0
1895,0,0,0,-329.4560,1545.7400,30.1367,2.26893,0.0
1895,0,0,0,-327.4620,1555.2100,25.3491,1.61376,0.0
1908,0,0,0,305.4020,638.4010,41.3652,5.36853,5.0
1908,0,0,0,399.3620,619.9910,38.5867,2.47815,5.0
1908,0,0,0,449.7990,707.7070,33.6339,6.14986,5.0
1908,0,0,0,484.4470,724.0950,33.6780,0.33161,0.0
1908,0,0,0,494.5370,755.2640,39.1347,6.16890,5.0
1908,0,0,0,515.5580,716.2810,25.7851,4.95674,0.0
1908,0,0,0,1089.4600,582.3630,42.6178,5.00478,10.0
1908,0,0,0,1119.9100,618.0640,42.6302,4.39064,10.0
1908,0,0,0,1146.3400,387.5610,34.0606,5.75671,10.0
1908,0,0,0,1151.2400,454.5190,33.2399,4.08575,10.0
1908,0,0,0,1153.2300,358.2610,34.1762,2.95493,5.0
1908,0,0,0,1154.7600,424.7900,31.1827,1.13415,5.0
1908,0,0,0,1156.2500,514.8340,36.5416,5.13319,10.0
1908,0,0,0,1177.7300,393.7370,35.2745,3.30068,0.0
1908,0,0,0,1182.6800,463.3860,27.7063,5.06479,5.0
1908,0,0,0,1193.5700,375.1760,34.7027,1.40172,10.0
1908,0,0,0,1198.8100,378.8290,35.4009,3.78216,5.0
1908,0,0,0,1211.6000,379.9690,33.9352,3.42085,0.0
1909,0,0,0,283.7580,610.5550,34.8099,2.63545,0.0
1909,0,0,0,344.0140,645.2290,39.9983,0.98999,5.0
1909,0,0,0,349.1300,688.9060,42.3953,3.37320,5.0
1909,0,0,0,372.3030,639.5100,38.2447,3.25081,5.0
1909,0,0,0,379.2080,681.5890,41.2667,4.48486,5.0
1909,0,0,0,384.3990,648.5800,36.0568,4.61340,5.0
1909,0,0,0,389.1780,639.9310,36.0726,2.73801,5.0
1909,0,0,0,408.9540,696.0920,40.7662,1.49401,5.0
1909,0,0,0,409.1180,635.7790,31.5556,4.26427,10.0
1909,0,0,0,419.9340,623.2870,32.7500,0.68999,5.0
1909,0,0,0,450.7660,649.5240,24.7413,5.79449,10.0
1909,0,0,0,451.7220,681.2350,27.0344,2.02458,10.0
1909,0,0,0,456.1410,741.3760,38.4905,2.84116,5.0
1909,0,0,0,472.5460,712.8380,32.5616,5.72468,0.0
1909,0,0,0,484.9520,682.8050,24.0353,0.50614,10.0
1909,0,0,0,511.2310,738.3030,28.5022,5.84685,0.0
1909,0,0,0,1043.6100,486.6850,15.7066,2.55993,10.0
1909,0,0,0,1045.2400,512.3110,17.4757,4.66042,10.0
1909,0,0,0,1051.9400,415.1580,17.9063,4.24226,10.0
1909,0,0,0,1055.4400,452.2560,17.2567,2.88037,10.0
1909,0,0,0,1059.2400,699.9340,52.6562,2.28917,10.0
1909,0,0,0,1070.1800,738.3220,43.7294,5.88757,3.0
1909,0,0,0,1071.9200,644.7480,50.6351,3.60342,10.0
1909,0,0,0,1077.5700,521.5890,33.1848,3.36541,10.0
1909,0,0,0,1081.6700,716.5340,45.1172,2.01126,10.0
1909,0,0,0,1110.0700,679.8190,40.5402,6.20889,10.0
1909,0,0,0,1113.3900,547.0620,38.0024,1.83987,10.0
1909,0,0,0,1114.4400,743.7190,27.6456,2.29247,10.0
1909,0,0,0,1120.6900,359.3010,26.9493,2.73568,5.0
1909,0,0,0,1123.1500,485.2050,36.9690,1.58453,10.0
1909,0,0,0,1136.4500,333.0700,30.7966,4.50761,5.0
1909,0,0,0,1140.9200,591.9440,39.1864,2.26070,10.0
1909,0,0,0,1144.2400,301.6940,27.5660,2.29781,5.0
1909,0,0,0,1144.9600,708.6650,22.5160,0.97116,10.0
1909,0,0,0,1147.9200,660.2460,29.7873,1.58090,5.0
1909,0,0,0,1170.7000,320.0830,33.5773,2.31120,5.0
1909,0,0,0,1173.3900,583.5910,27.7427,2.39646,5.0
1909,0,0,0,1173.9600,317.7090,34.0806,5.59495,5.0
1909,0,0,0,1175.4800,274.8520,27.0721,3.59463,5.0
1909,0,0,0,1176.0500,354.1530,33.4858,1.81760,10.0
1909,0,0,0,1176.6600,484.4800,30.6209,6.16828,10.0
1909,0,0,0,1178.1300,621.3820,22.6002,5.81305,5.0
1909,0,0,0,1178.4900,347.9820,34.0560,2.69510,5.0
1909,0,0,0,1179.0900,520.2150,29.2805,5.33322,5.0
1909,0,0,0,1186.7800,557.4660,24.1232,1.23227,5.0
1909,0,0,0,1189.6400,283.5570,29.8825,4.89664,5.0
1909,0,0,0,1201.8900,381.7450,35.5602,4.57276,0.0
1909,0,0,0,1202.2200,402.9610,33.0111,4.09782,10.0
1909,0,0,0,1210.1000,313.2360,33.9268,0.13126,5.0
1909,0,0,0,1211.4600,314.0350,33.7390,0.22245,5.0
1909,0,0,0,1216.8200,382.7740,28.8530,2.89632,0.0
1909,0,0,0,1217.0400,349.6840,33.4749,2.07544,5.0
1909,0,0,0,1217.8800,370.1290,32.2736,3.73500,0.0
1909,0,0,0,1221.0000,383.4840,29.7465,0.26860,5.0
1909,0,0,0,1221.1400,346.7690,31.8460,0.46712,5.0
1909,0,0,0,1222.2600,286.3630,23.1300,1.83260,0.0
1910,0,0,0,2560.5600,1384.3000,4.5453,1.98845,0.0
1911,0,0,0,3009.7900,173.5150,0.3983,2.30383,0.0
1912,0,0,0,-250.9360,812.7370,74.1881,5.76403,5.0
1912,0,0,0,-231.8620,1132.8400,58.9774,1.98981,5.0
1912,0,0,0,-223.1130,1032.2900,65.9498,1.71394,10.0
1912,0,0,0,-206.4500,859.3680,70.2265,0.17060,0.0
1912,0,0,0,-194.2780,924.2270,71.6556,5.98648,0.0
1912,0,0,0,-194.2570,991.6210,65.7035,6.15697,10.0
1912,0,0,0,-180.0690,925.5790,65.6446,0.52360,0.0
1912,0,0,0,-178.5040,922.6030,65.7264,0.87969,0.0
1912,0,0,0,-170.9490,1012.2900,65.5697,3.16566,10.0
1912,0,0,0,-159.9130,944.7100,65.2106,4.98007,10.0
1912,0,0,0,-158.4070,979.4550,65.0678,4.82706,10.0
1912,0,0,0,-153.5150,893.0970,63.0928,6.06112,5.0
1912,0,0,0,-135.6900,1014.5500,68.0678,4.71627,0.0
1912,0,0,0,-112.3320,1044.5900,66.9791,2.40240,10.0
1912,0,0,0,-104.4100,891.0580,63.8079,2.70960,10.0
1912,0,0,0,-102.8690,986.7810,68.3961,6.19144,10.0
1912,0,0,0,-91.6029,847.6560,61.1179,3.82000,10.0
1912,0,0,0,-85.8231,1012.6900,66.1179,4.82003,10.0
1912,0,0,0,-83.4462,898.3940,65.7300,5.88176,0.0
1912,0,0,0,-76.8341,935.7070,69.4504,2.33874,0.0
1912,0,0,0,-65.7230,967.5830,67.5160,1.29154,0.0
1912,0,0,0,-65.5206,1012.2100,65.1428,2.63545,0.0
1912,0,0,0,-53.0045,842.8340,65.5393,5.11946,10.0
1912,0,0,0,-45.7433,1120.6900,66.9750,3.91042,10.0
1912,0,0,0,-24.8028,1142.0600,64.9329,4.17500,10.0
1912,0,0,0,21.7272,1078.4800,72.7110,5.52920,3.0
1912,0,0,0,89.9114,1120.4000,68.7467,0.84198,10.0
1912,0,0,0,143.3760,1146.1100,71.8992,3.40706,5.0
1912,0,0,0,144.3960,1069.4600,92.4523,5.32778,5.0
1913,0,0,0,-165.5290,780.9480,64.7483,1.11701,0.0
1913,0,0,0,-126.4240,779.6180,66.0233,0.69813,0.0
1913,0,0,0,-123.2170,825.0300,63.6796,1.76278,0.0
1913,0,0,0,-122.8500,761.7120,63.9223,0.20451,0.0
1913,0,0,0,-108.1780,815.1850,63.7765,3.68265,0.0
1913,0,0,0,-100.2520,782.8700,66.1233,2.35619,0.0
1913,0,0,0,-80.0281,815.4950,63.8981,2.77507,0.0
1913,0,0,0,-78.2065,804.4090,64.9756,0.01745,0.0
1913,0,0,0,-76.1783,805.2250,65.2591,5.10396,0.0
1914,0,0,0,-343.6360,839.7430,91.7465,4.72930,5.0
1914,0,0,0,-282.8130,811.9790,79.1949,6.11465,5.0
1914,0,0,0,-266.6890,861.8160,81.8771,6.22836,5.0
1914,0,0,0,-226.9930,817.1210,74.1054,2.54818,0.0
1914,0,0,0,-222.0620,820.5350,74.0288,4.40418,3.0
1914,0,0,0,-211.7530,970.4630,72.5899,0.50614,0.0
1914,0,0,0,-200.0630,912.9680,71.4727,3.55849,3.0
1914,0,0,0,-196.6330,941.0870,65.7900,1.66680,0.0
1914,0,0,0,-196.4770,912.8550,66.8764,1.20428,0.0
1914,0,0,0,-190.3090,1012.3600,65.4447,3.99798,10.0
1914,0,0,0,-171.1560,961.7930,65.0166,4.72657,5.0
1914,0,0,0,-160.3440,922.3950,65.5657,3.15605,0.0
1914,0,0,0,-133.7460,1028.9300,68.4001,4.71626,0.0
1914,0,0,0,-104.2130,946.9870,68.5021,0.86351,5.0
1914,0,0,0,-85.1178,875.3490,65.3902,3.24631,0.0
1914,0,0,0,-83.2189,896.1250,65.6719,0.55851,0.0
1914,0,0,0,-80.5932,974.1260,68.4387,1.51700,10.0
1914,0,0,0,-80.1489,935.5490,69.0073,0.33161,0.0
1914,0,0,0,-79.1993,938.2740,69.0175,5.72468,0.0
1914,0,0,0,-66.2251,955.2020,67.8680,1.91607,10.0
1914,0,0,0,-65.0660,969.7990,67.4811,4.60767,0.0
1915,0,0,0,-176.0250,769.2030,64.1443,1.55334,0.0
1915,0,0,0,-161.9310,797.4870,64.7645,1.49602,0.0
1915,0,0,0,-161.8270,781.2560,64.8529,1.93731,0.0
1915,0,0,0,-142.8540,816.4780,63.9601,1.36136,0.0
1915,0,0,0,-118.3790,785.4290,66.0233,1.58000,0.0
1915,0,0,0,-110.3050,814.4840,63.7905,0.38397,0.0
1915,0,0,0,-108.4690,789.8990,66.0233,0.70677,0.0
1915,0,0,0,-84.3951,794.1600,63.8357,4.80330,0.0
1915,0,0,0,-71.8101,805.8120,65.0747,2.47837,0.0
1916,0,0,0,1971.9900,1386.8700,63.3015,1.27456,0.0
1917,0,0,0,1967.9600,1374.5900,64.3015,4.84732,5.0
1918,0,0,0,1972.4200,1371.2100,64.3015,2.66820,5.0
1919,0,0,0,1982.9000,1376.0100,63.0515,5.61537,5.0
1922,0,0,0,-9590.8000,-562.2190,57.5700,4.01109,0.0
1922,0,0,0,-9581.5200,-624.5530,57.3027,4.73192,5.0
1922,0,0,0,-9549.1600,-889.6220,46.0537,0.07617,0.0
1922,0,0,0,-9546.6800,-521.0480,63.2861,4.74948,0.0
1922,0,0,0,-9535.8200,-655.5040,62.6305,3.01821,5.0
1922,0,0,0,-9534.6200,-1033.3600,49.1643,0.74807,5.0
1922,0,0,0,-9527.2400,-542.7050,62.2918,3.57468,0.0
1922,0,0,0,-9508.2700,-762.0080,60.2988,1.54541,5.0
1922,0,0,0,-9503.5900,-991.6420,55.2849,5.23198,5.0
1922,0,0,0,-9486.9700,-525.2810,63.8618,4.51960,5.0
1922,0,0,0,-9485.9300,-592.3120,66.0216,2.71189,5.0
1922,0,0,0,-9484.1600,-554.0310,65.3075,5.29960,0.0
1922,0,0,0,-9477.9500,-949.5010,56.0624,4.78078,5.0
1922,0,0,0,-9475.7000,-594.4770,66.4951,1.05676,5.0
1922,0,0,0,-9470.7400,-1025.4100,55.7569,1.60230,5.0
1922,0,0,0,-9464.3400,-539.1050,65.7762,4.67560,5.0
1922,0,0,0,-9463.6400,-830.5700,60.7213,5.59045,5.0
1922,0,0,0,-9462.5500,-551.5760,67.4054,3.94274,5.0
1922,0,0,0,-9459.0600,-760.6470,61.6535,1.05161,5.0
1922,0,0,0,-9453.5800,-536.6020,65.5304,5.25618,5.0
1922,0,0,0,-9447.0800,-846.9340,60.5924,0.18071,0.0
1922,0,0,0,-9442.7900,-1039.7300,58.7106,4.28980,5.0
1922,0,0,0,-9438.0500,-514.7270,67.7627,6.16174,5.0
1922,0,0,0,-9429.2200,-724.4650,65.9530,6.08464,5.0
1922,0,0,0,-9427.8800,-578.5340,67.3996,4.98397,0.0
1922,0,0,0,-9427.8200,-549.5830,73.7080,3.99410,5.0
1922,0,0,0,-9423.8100,-870.1470,61.1011,4.39249,0.0
1922,0,0,0,-9423.1100,-809.3470,64.1416,4.43758,5.0
1922,0,0,0,-9420.7000,-566.1950,67.6868,4.62512,0.0
1922,0,0,0,-9419.5800,-501.3380,68.4843,2.47393,5.0
1922,0,0,0,-9414.0100,-567.3640,67.5163,4.22370,0.0
1922,0,0,0,-9413.6500,-657.9260,66.6763,0.00976,5.0
1922,0,0,0,-9412.1900,-1025.1400,61.1983,1.94706,5.0
1922,0,0,0,-9412.1700,-739.7730,66.6773,1.42181,0.0
1922,0,0,0,-9411.1600,-907.9850,59.9218,6.07510,5.0
1922,0,0,0,-9410.7600,-576.9730,68.2066,1.19464,0.0
1922,0,0,0,-9406.4300,-582.8490,67.3996,5.70977,0.0
1922,0,0,0,-9403.0400,-990.2800,61.9987,1.34854,5.0
1922,0,0,0,-9402.6500,-957.8530,61.3605,1.98047,5.0
1922,0,0,0,-9396.3200,-859.0610,64.2375,3.48435,5.0
1922,0,0,0,-9393.3500,-785.3900,63.6593,1.36046,5.0
1922,0,0,0,-9380.2100,-810.6260,65.9781,1.48467,5.0
1922,0,0,0,-9377.7100,-493.0360,69.3664,0.46226,5.0
1922,0,0,0,-9371.1700,-887.0090,65.2754,4.91690,0.0
1922,0,0,0,-9370.6000,-912.1820,64.5859,3.02904,5.0
1922,0,0,0,-9363.0000,-577.3900,68.7027,4.37223,5.0
1922,0,0,0,-9354.7500,-886.5080,65.6959,3.26700,5.0
1922,0,0,0,-9354.5000,-610.6350,71.1764,2.50558,5.0
1922,0,0,0,-9353.0200,-942.2720,66.9444,0.89056,5.0
1922,0,0,0,-9335.4200,-706.2500,68.0009,1.54871,5.0
1922,0,0,0,-9321.4700,-561.3260,69.6776,2.98154,5.0
1922,0,0,0,-9317.0100,-838.2930,66.1899,3.22376,5.0
1922,0,0,0,-9287.7300,-768.9200,67.9476,0.25255,5.0
1922,0,0,0,-9279.3500,-829.8130,70.0151,1.19653,5.0
1922,0,0,0,-9268.4600,-859.7730,71.7079,3.57586,5.0
1923,0,0,0,-709.1840,1340.1500,45.0187,2.00211,10.0
1923,0,0,0,-691.0490,1363.6600,33.3036,1.12461,10.0
1923,0,0,0,-645.0120,1374.0100,29.3773,0.83500,10.0
1923,0,0,0,-628.2590,1395.7500,21.7743,3.11930,10.0
1923,0,0,0,-625.0020,1246.0800,71.2473,3.46859,3.0
1923,0,0,0,-595.7600,1403.4800,19.2987,3.16307,5.0
1923,0,0,0,-595.5960,1455.9100,9.3023,3.92316,5.0
1923,0,0,0,-592.8580,1577.3600,10.1143,2.60017,10.0
1923,0,0,0,-582.6400,1416.7300,16.9290,3.90695,10.0
1923,0,0,0,-581.9990,1138.8700,78.7328,4.42209,5.0
1923,0,0,0,-558.6200,1279.9100,55.9548,5.18477,10.0
1923,0,0,0,-554.7540,1521.3700,13.4616,3.97936,10.0
1923,0,0,0,-522.3160,1259.1000,67.3498,1.34087,5.0
1923,0,0,0,-514.9480,1288.3700,53.6595,5.47084,10.0
1923,0,0,0,-508.5600,1359.2900,37.7463,5.73178,10.0
1923,0,0,0,-498.4370,1422.2900,31.5416,1.57080,5.0
1923,0,0,0,-492.3660,1489.2200,22.1323,5.03113,10.0
1923,0,0,0,-480.7530,1274.2100,46.6374,1.37015,10.0
1923,0,0,0,-473.6970,1349.2300,36.1245,3.00502,5.0
1923,0,0,0,-473.1380,1283.9300,43.4618,3.28653,10.0
1923,0,0,0,-443.3810,1363.9900,36.9669,2.20375,10.0
1923,0,0,0,-404.4060,1357.0700,36.5356,4.26097,10.0
1924,0,0,0,-752.0060,1245.2800,69.6447,4.58900,10.0
1924,0,0,0,-724.0680,1284.0400,68.1531,4.36345,3.0
1924,0,0,0,-705.6500,1203.4300,90.6010,3.58819,3.0
1924,0,0,0,-642.5810,1480.7100,8.1352,3.33850,10.0
1924,0,0,0,-642.4970,1219.9200,76.3207,0.58854,3.0
1924,0,0,0,-636.5580,1420.3700,13.3871,0.87960,10.0
1924,0,0,0,-611.1390,1139.6000,80.9624,3.11328,3.0
1924,0,0,0,-588.7220,1356.2300,36.3627,5.67326,10.0
1924,0,0,0,-587.0540,1552.2500,9.9344,4.52536,10.0
1924,0,0,0,-562.3490,1316.2900,50.9759,2.53442,3.0
1924,0,0,0,-558.6370,1485.2800,11.5136,0.41823,10.0
1924,0,0,0,-549.7400,1581.2900,9.1866,5.62239,10.0
1924,0,0,0,-545.2670,1387.4700,27.9099,0.20201,10.0
1924,0,0,0,-541.5370,1276.8500,55.4996,6.05083,10.0
1924,0,0,0,-525.0750,1431.2700,22.7244,5.44455,5.0
1924,0,0,0,-522.8810,1491.2300,14.9334,2.27988,10.0
1924,0,0,0,-505.0630,1155.3100,63.8143,0.25826,10.0
1924,0,0,0,-504.2410,1463.7100,20.5913,1.20368,10.0
1924,0,0,0,-488.7870,1176.9500,62.5426,1.21165,10.0
1924,0,0,0,-488.1300,1317.5000,40.9593,4.61068,10.0
1924,0,0,0,-470.2310,1388.7400,33.2200,0.79885,5.0
1924,0,0,0,-452.7690,1429.3800,29.3551,1.18265,10.0
1924,0,0,0,-443.3690,1218.8800,48.8139,0.11675,10.0
1924,0,0,0,-438.3930,1310.0700,45.2276,2.78031,10.0
1924,0,0,0,-419.5630,1255.3200,42.8428,3.38964,10.0
1924,0,0,0,-412.5000,1304.1700,40.1942,3.26510,10.0
1924,0,0,0,-399.1990,1361.0400,36.1349,3.02690,10.0
1924,0,0,0,481.4600,993.5080,129.4070,5.42797,0.0
1924,0,0,0,482.3590,984.1140,128.6570,1.11701,0.0
1924,0,0,0,507.9060,1018.2000,117.4760,2.30782,5.0
1924,0,0,0,508.0380,918.8090,128.6240,4.77808,0.0
1924,0,0,0,508.8190,909.2360,128.7330,1.32645,0.0
1924,0,0,0,519.0660,947.6820,128.6230,5.14471,5.0
1931,0,0,0,2292.4500,233.1220,27.2733,1.71042,0.0
1933,0,0,0,-9959.6300,308.7510,36.8121,5.97215,5.0
1933,0,0,0,-9895.3600,-293.9010,34.3675,3.57640,5.0
1933,0,0,0,-9837.2300,-1170.4500,32.4702,3.95395,5.0
1933,0,0,0,-9815.5100,452.5860,36.1183,1.51801,5.0
1933,0,0,0,-9807.7500,-106.7500,28.1368,4.23997,5.0
1933,0,0,0,-9769.1500,-737.9170,39.7256,0.57392,5.0
1933,0,0,0,-9693.0100,-692.2800,47.2187,4.44939,5.0
1933,0,0,0,-9676.5200,-432.0600,53.7539,4.64567,5.0
1933,0,0,0,-9636.8800,-1566.3600,54.4672,1.74828,5.0
1933,0,0,0,-9575.0700,-1175.1000,47.0691,5.00277,5.0
1933,0,0,0,-9574.0300,2.2861,61.7141,1.86930,5.0
1933,0,0,0,-9554.7600,82.2080,59.0394,1.38046,5.0
1933,0,0,0,-9515.2700,174.7940,57.6116,3.32485,5.0
1933,0,0,0,-9485.9800,-2219.9800,76.1567,4.14603,5.0
1933,0,0,0,-9445.6300,-2314.9400,66.7736,1.71380,5.0
1933,0,0,0,-9367.7900,146.9960,61.5274,3.48803,5.0
1933,0,0,0,-9283.0500,460.6610,79.7801,2.80317,5.0
1933,0,0,0,-9257.4200,-1986.1000,77.3341,1.35658,10.0
1933,0,0,0,-9207.7400,335.0470,72.9692,5.08074,5.0
1933,0,0,0,-9186.8400,-2315.7100,89.4411,2.93069,10.0
1933,0,0,0,-9151.7400,-1260.6400,77.1783,0.59684,5.0
1933,0,0,0,-6003.0100,-2526.5700,306.8040,0.41378,3.0
1933,0,0,0,-5622.5800,-3719.9800,314.7840,1.09668,10.0
1933,0,0,0,-5559.0500,-2859.7700,361.4960,3.59446,5.0
1933,0,0,0,-5063.1400,-3755.4200,311.9510,6.20325,5.0
1933,0,0,0,-4978.9800,-3076.3300,318.1990,5.18914,5.0
1933,0,0,0,-966.9830,-130.3010,26.4727,1.93825,5.0
1933,0,0,0,-888.6530,-438.3240,8.8029,3.94408,10.0
1933,0,0,0,277.9530,-801.1000,139.2860,2.04581,10.0
1934,0,0,0,2275.1600,1317.4500,33.3862,5.88176,0.0
1934,0,0,0,2276.9900,1382.0500,33.4583,2.66739,10.0
1934,0,0,0,2277.6300,1305.2400,33.0179,0.77899,5.0
1934,0,0,0,2282.1500,1339.1000,33.4775,6.20779,5.0
1934,0,0,0,2310.8400,1416.3100,33.4583,3.65836,10.0
1934,0,0,0,2311.1900,1468.4800,33.4491,3.71581,10.0
1934,0,0,0,2311.7000,1321.2900,32.6429,5.05490,5.0
1934,0,0,0,2320.6400,1311.5200,33.3476,2.74017,0.0
1934,0,0,0,2333.3600,1317.6600,34.0506,5.77704,0.0
1935,0,0,0,2279.2800,1310.5800,32.7098,3.90673,0.0
1935,0,0,0,2284.0600,1445.7400,33.4583,3.95795,10.0
1935,0,0,0,2313.7400,1281.4700,31.5054,0.41830,5.0
1935,0,0,0,2316.8300,1353.9800,33.4583,1.36602,10.0
1935,0,0,0,2346.7800,1380.7900,33.4437,3.85151,10.0
1935,0,0,0,2351.0200,1436.9500,33.3439,2.76210,10.0
1935,0,0,0,2354.3600,1288.5000,33.2264,0.11991,10.0
1935,0,0,0,2362.6000,1320.6200,33.4123,1.66033,5.0
1936,0,0,0,2264.6600,1314.6900,34.0705,0.22689,0.0
1937,0,0,0,522.4490,1652.3000,125.8430,4.86947,0.0
1939,0,0,0,653.3680,550.2290,41.3251,0.02091,10.0
1939,0,0,0,666.5540,576.7490,44.0254,1.18848,10.0
1939,0,0,0,666.8610,603.6430,44.3751,1.48279,10.0
1939,0,0,0,688.5790,533.6620,40.7890,1.89760,5.0
1939,0,0,0,713.8890,660.4350,44.3449,1.45272,10.0
1939,0,0,0,714.6170,618.0630,45.1369,3.46516,10.0
1939,0,0,0,727.5720,598.0620,47.2103,0.15658,10.0
1939,0,0,0,742.5020,649.9240,46.6694,0.37797,10.0
1939,0,0,0,784.6460,585.0510,34.8024,0.95368,10.0
1939,0,0,0,794.0650,686.5970,51.8497,5.42176,0.0
1939,0,0,0,803.0680,717.8760,53.2259,1.11921,10.0
1939,0,0,0,810.1900,664.9190,56.2719,1.29628,10.0
1939,0,0,0,814.8530,686.9770,53.6461,4.16122,10.0
1939,0,0,0,818.7080,647.8590,53.6800,6.16910,5.0
1939,0,0,0,851.9600,693.6680,53.5139,1.50609,5.0
1939,0,0,0,871.6990,692.0570,53.6579,4.99591,10.0
1939,0,0,0,893.4770,701.9990,55.2590,3.23253,0.0
1939,0,0,0,907.5720,679.4380,53.6066,1.20428,0.0
1939,0,0,0,917.4300,665.1540,53.7216,5.45052,0.0
1939,0,0,0,925.3570,642.0000,54.7378,0.01745,0.0
1939,0,0,0,939.5830,635.4160,53.5560,2.52385,0.0
1939,0,0,0,944.2850,667.6360,59.3527,1.84614,0.0
1939,0,0,0,953.3520,612.3130,55.0449,1.39626,0.0
1939,0,0,0,954.1910,606.5540,59.7268,1.52607,3.0
1939,0,0,0,964.6580,731.5490,59.6171,1.49938,0.0
1939,0,0,0,980.5600,639.1120,54.1331,1.88496,0.0
1939,0,0,0,993.9560,734.1780,59.3528,5.18143,0.0
1939,0,0,0,1002.1900,631.3580,55.4451,3.89208,0.0
1939,0,0,0,1015.4300,737.1420,59.4484,3.61283,0.0
1940,0,0,0,628.0820,519.5640,39.5360,3.57962,10.0
1940,0,0,0,649.8880,620.0290,39.6878,4.47287,10.0
1940,0,0,0,686.2420,584.2880,42.9228,6.25601,10.0
1940,0,0,0,687.3320,659.0610,42.1965,1.77739,10.0
1940,0,0,0,714.4350,682.2410,44.2131,1.93934,10.0
1940,0,0,0,717.0420,551.6500,40.6375,2.96068,5.0
1940,0,0,0,739.0830,581.5330,41.3139,1.21701,10.0
1940,0,0,0,786.2310,610.9560,36.9481,4.50408,3.0
1940,0,0,0,883.6120,669.7430,55.3795,2.65290,0.0
1940,0,0,0,907.8230,708.3130,55.5173,2.03447,5.0
1940,0,0,0,927.5080,719.0390,55.0173,0.78944,5.0
1940,0,0,0,928.1250,642.6090,53.9754,3.49066,0.0
1940,0,0,0,946.2680,584.3650,54.7060,6.02139,0.0
1940,0,0,0,949.6020,701.2230,59.6211,0.23694,5.0
1940,0,0,0,951.3300,614.1910,60.0501,5.64234,0.0
1940,0,0,0,956.4330,607.7420,55.0338,1.88496,0.0
1940,0,0,0,967.3420,598.4970,53.7351,4.97401,5.0
1940,0,0,0,981.6540,608.0150,54.5663,3.04350,5.0
1940,0,0,0,1006.0100,743.6930,59.5982,3.50811,0.0
1940,0,0,0,1013.9700,637.0730,54.9895,3.01373,5.0
1940,0,0,0,1018.4600,734.0570,59.4484,1.20428,0.0
1941,0,0,0,2447.1100,474.6220,44.5674,1.47679,10.0
1941,0,0,0,2449.1300,480.4210,44.6520,4.22613,10.0
1941,0,0,0,2482.2100,465.6830,41.2163,2.13594,10.0
1941,0,0,0,2491.3300,449.5300,38.2049,2.55305,10.0
1941,0,0,0,2512.9400,498.7600,42.6359,4.25860,0.0
1941,0,0,0,2514.1600,602.1870,28.3240,4.59512,5.0
1941,0,0,0,2515.7600,538.3980,34.5602,5.89921,0.0
1941,0,0,0,2520.9700,489.4000,35.8983,0.62789,0.0
1941,0,0,0,2525.3800,491.5960,34.4894,0.91175,0.0
1941,0,0,0,2544.6600,400.8400,33.1233,4.03120,5.0
1941,0,0,0,2547.9500,524.3730,15.4836,3.06674,0.0
1941,0,0,0,2548.9800,579.0570,21.0866,3.67349,5.0
1941,0,0,0,2555.5100,538.0880,15.3385,2.23402,0.0
1941,0,0,0,2560.5400,553.2000,14.5145,3.13167,0.0
1941,0,0,0,2566.3700,539.2500,15.7236,5.07891,0.0
1941,0,0,0,2574.9000,425.1760,30.7065,4.35874,5.0
1941,0,0,0,2575.3700,528.2410,15.5423,1.90241,0.0
1941,0,0,0,2587.4200,625.5110,20.8314,4.90710,3.0
1941,0,0,0,2590.9400,549.0600,17.1286,0.63221,3.0
1941,0,0,0,2598.0900,485.6160,23.7830,0.37556,10.0
1941,0,0,0,2601.4400,529.0220,16.9239,0.40951,3.0
1941,0,0,0,2616.3000,513.1880,19.5454,1.81797,10.0
1941,0,0,0,2622.9300,451.5350,26.6044,1.27267,10.0
1941,0,0,0,2640.2200,474.8430,17.0662,4.72112,10.0
1941,0,0,0,2656.8500,518.6970,15.5769,1.13075,10.0
1942,0,0,0,963.0160,716.5840,81.6265,5.49779,0.0
1942,0,0,0,964.6900,660.4890,81.6265,0.83776,0.0
1942,0,0,0,964.7710,692.9430,59.9198,3.56047,0.0
1942,0,0,0,965.5510,684.1540,59.9198,3.01942,0.0
1942,0,0,0,967.3980,707.2950,74.0034,5.73547,0.0
1942,0,0,0,971.3990,709.4320,85.1009,1.36876,0.0
1942,0,0,0,973.7940,667.5480,61.0750,3.28150,0.0
1942,0,0,0,975.1410,667.0350,85.1009,3.17674,0.0
1942,0,0,0,984.8810,664.6170,61.1583,1.57080,0.0
1942,0,0,0,993.8510,690.0600,74.9984,3.18315,0.0
1942,0,0,0,995.3460,696.2920,69.9801,5.79449,0.0
1942,0,0,0,1008.0300,706.6170,78.2085,4.71857,0.0
1942,0,0,0,1008.6300,662.7100,85.1843,0.64577,0.0
1942,0,0,0,1010.9900,708.8630,69.9808,3.14159,0.0
1942,0,0,0,1013.6400,696.0360,61.0750,1.90104,0.0
1942,0,0,0,1014.0000,682.2390,65.0870,2.25148,0.0
1942,0,0,0,1018.7700,668.4110,61.0583,3.40339,0.0
1943,0,0,0,964.9550,667.3860,74.0034,5.19025,0.0
1943,0,0,0,965.8480,663.7610,61.0750,5.25344,0.0
1943,0,0,0,968.7790,711.2990,61.0750,0.15750,5.0
1943,0,0,0,972.6970,670.3420,85.1009,3.94863,0.0
1943,0,0,0,975.8360,709.5030,75.0818,6.05629,0.0
1943,0,0,0,977.4820,669.6130,75.0818,0.17453,0.0
1943,0,0,0,996.7330,675.8840,61.0750,1.59524,5.0
1943,0,0,0,998.4020,711.7890,85.0559,0.03986,0.0
1943,0,0,0,998.5840,682.4410,69.7968,4.88340,0.0
1943,0,0,0,1000.0200,673.1880,69.8968,0.38224,0.0
1943,0,0,0,1000.7500,690.0870,53.8207,4.70985,3.0
1943,0,0,0,1005.6000,699.3910,53.8210,3.12351,3.0
1943,0,0,0,1007.2200,695.6860,76.2753,5.44543,0.0
1943,0,0,0,1009.7500,707.1730,60.9750,4.73418,0.0
1943,0,0,0,1011.8800,688.5760,53.8200,6.03225,3.0
1943,0,0,0,1013.4000,664.2610,61.0583,2.05949,0.0
1943,0,0,0,1016.0800,662.6460,74.1034,5.93910,5.0
1943,0,0,0,1016.8600,713.4340,74.1034,4.23157,0.0
1947,0,0,0,1003.7900,690.0110,76.3756,3.15905,0.0
1949,0,0,0,-9573.0500,-713.0530,99.2725,5.95087,0.0
1949,0,0,0,-9562.3300,-722.9260,64.7386,0.82301,0.0
1949,0,0,0,-9562.2900,-735.1200,99.3030,2.15347,0.0
1949,0,0,0,-9558.5900,-700.4210,99.3119,4.47510,0.0
1949,0,0,0,-9558.1300,-712.8850,64.7386,6.22928,0.0
1949,0,0,0,-9554.8100,-706.7660,90.5168,2.72909,0.0
1949,0,0,0,-9550.8800,-685.6520,63.1830,2.14719,0.0
1949,0,0,0,-9550.6800,-711.6900,75.1554,3.24567,0.0
1949,0,0,0,-9549.0000,-724.0520,99.2637,2.63064,0.0
1949,0,0,0,-9522.9500,-700.8290,61.6524,1.62088,0.0
1950,0,0,0,1290.6900,1204.7000,52.8049,2.98451,0.0
1951,0,0,0,1314.0100,1205.9100,58.5953,3.28122,0.0
1953,0,0,0,594.3260,521.1230,33.4953,4.49125,10.0
1953,0,0,0,602.2560,393.8300,30.5363,5.87368,10.0
1953,0,0,0,616.7060,420.3990,35.8737,2.72773,10.0
1953,0,0,0,619.2960,567.9760,37.4897,0.43577,10.0
1953,0,0,0,621.7050,486.0750,37.5874,5.43838,10.0
1953,0,0,0,656.2480,377.2680,37.9674,5.41193,10.0
1953,0,0,0,658.6850,445.7890,38.5040,0.01189,10.0
1953,0,0,0,679.0160,486.6730,35.9425,1.91736,10.0
1953,0,0,0,694.6930,416.4800,37.0935,3.45717,10.0
1953,0,0,0,701.4940,377.7890,34.4557,4.45833,10.0
1953,0,0,0,710.4380,458.0130,32.3760,1.51769,10.0
1953,0,0,0,726.9530,509.8060,32.6523,0.71721,10.0
1954,0,0,0,636.2190,426.1710,39.0266,0.07632,10.0
1954,0,0,0,679.5210,352.0990,36.2565,5.07984,10.0
1954,0,0,0,683.1560,343.4920,34.6763,1.22323,0.0
1954,0,0,0,690.5430,329.6690,31.6889,1.66949,10.0
1954,0,0,0,700.6360,299.8030,34.9207,4.84700,10.0
1954,0,0,0,746.6150,295.7190,34.1363,1.91882,10.0
1955,0,0,0,851.1320,191.8570,34.2103,1.60790,10.0
1955,0,0,0,862.0880,203.8090,36.7185,0.51149,10.0
1955,0,0,0,862.6240,231.4340,29.3591,0.17671,5.0
1955,0,0,0,890.6960,198.3270,38.4588,0.43166,10.0
1955,0,0,0,892.5490,234.8800,29.0054,1.92591,5.0
1955,0,0,0,909.9980,173.1760,37.7708,5.36252,10.0
1955,0,0,0,922.3700,214.5370,35.5636,2.69602,5.0
1955,0,0,0,935.4820,163.0850,39.1328,2.24952,10.0
1955,0,0,0,935.8090,235.3860,28.6108,1.95822,5.0
1955,0,0,0,960.1530,193.5290,37.4310,2.42869,5.0
1955,0,0,0,961.3540,160.3830,38.0475,3.60060,5.0
1956,0,0,0,974.1200,217.7320,32.6002,6.03514,10.0
1956,0,0,0,997.8200,131.2160,33.0810,0.85850,10.0
1956,0,0,0,1011.0900,228.4670,32.6543,5.51327,10.0
1956,0,0,0,1018.3300,176.2330,37.4029,0.90933,10.0
1956,0,0,0,1019.0500,282.0720,32.7273,3.79155,10.0
1956,0,0,0,1023.2500,205.3100,31.6235,2.14805,10.0
1956,0,0,0,1035.6800,248.1390,36.8721,2.77554,10.0
1956,0,0,0,1039.2300,152.2380,29.5857,6.05070,10.0
1956,0,0,0,1057.4300,315.6430,35.2235,1.54608,10.0
1956,0,0,0,1079.6500,350.3300,34.2182,0.68966,10.0
1956,0,0,0,1085.5500,217.9830,34.8541,3.91110,10.0
1956,0,0,0,1087.8600,291.9310,36.1021,4.80526,10.0
1956,0,0,0,1096.5100,339.3960,35.0719,3.80613,10.0
1956,0,0,0,1114.0400,279.8940,34.1707,2.72155,10.0
1956,0,0,0,1124.7200,241.2450,34.0567,6.06475,10.0
1957,0,0,0,687.0060,248.6150,31.6290,1.43821,10.0
1957,0,0,0,706.6350,222.7870,35.1963,1.11152,10.0
1957,0,0,0,707.4880,204.8660,33.1910,2.18166,0.0
1957,0,0,0,717.0480,203.1650,35.1352,3.33358,0.0
1957,0,0,0,750.4370,255.6480,42.4799,3.96482,10.0
1957,0,0,0,784.9570,184.4430,34.1466,5.72468,0.0
1957,0,0,0,795.3460,167.8730,32.2358,3.57792,0.0
1957,0,0,0,796.1920,192.0020,35.0216,0.33161,0.0
1957,0,0,0,796.2880,152.9330,35.9520,0.09831,10.0
1957,0,0,0,805.7210,192.1000,33.5771,2.33874,0.0
1957,0,0,0,820.9650,234.6800,33.8468,4.41313,10.0
1958,0,0,0,718.7560,248.3640,37.3903,5.69518,10.0
1958,0,0,0,720.5550,210.1990,36.6549,4.92037,10.0
1958,0,0,0,727.9680,192.5370,33.7347,6.16101,0.0
1958,0,0,0,744.3400,223.7650,42.2873,0.42273,10.0
1958,0,0,0,747.1810,288.7940,35.1147,0.47936,10.0
1958,0,0,0,754.8640,156.5560,29.4407,1.14514,10.0
1958,0,0,0,755.1990,192.7940,38.5508,2.73441,5.0
1958,0,0,0,758.1160,71.2601,29.1800,5.52499,5.0
1958,0,0,0,759.1890,90.8957,30.9950,1.59924,5.0
1958,0,0,0,768.9200,206.1210,41.9963,4.80271,10.0
1958,0,0,0,769.8790,171.6020,31.8001,4.80185,10.0
1958,0,0,0,773.1200,139.1890,33.7266,4.29595,10.0
1958,0,0,0,777.1830,52.5442,30.5667,1.84075,5.0
1958,0,0,0,783.9170,84.2328,35.2466,0.83076,10.0
1958,0,0,0,785.5270,35.5525,30.4611,3.55765,5.0
1958,0,0,0,786.5410,162.3710,32.4780,0.94883,10.0
1958,0,0,0,787.7380,289.2390,34.9781,1.42711,10.0
1958,0,0,0,794.6810,178.1490,30.0894,6.24992,10.0
1958,0,0,0,802.9800,160.6840,35.0722,3.33358,0.0
1958,0,0,0,811.0160,170.9980,33.3046,6.24828,0.0
1958,0,0,0,812.9650,154.5590,36.0870,1.90263,10.0
1958,0,0,0,818.9340,119.1670,39.7311,0.62743,10.0
1958,0,0,0,823.5630,267.2950,32.3650,0.57555,10.0
1958,0,0,0,825.6910,184.8960,31.8640,6.09786,5.0
1958,0,0,0,837.9910,55.0294,34.7878,1.05291,10.0
1958,0,0,0,840.1010,69.8993,37.0547,4.37432,10.0
1958,0,0,0,846.4020,86.9468,35.3047,0.47923,10.0
1958,0,0,0,848.0030,153.1660,33.9676,0.33420,5.0
1958,0,0,0,848.1000,20.3895,25.7663,1.54381,5.0
1958,0,0,0,848.5530,22.1305,25.8561,0.90000,5.0
1958,0,0,0,863.2820,70.3485,33.4309,1.43117,0.0
1958,0,0,0,865.2870,79.8478,34.4221,5.91667,0.0
1958,0,0,0,872.5780,69.5825,31.9734,0.64577,0.0
1958,0,0,0,874.2750,83.9449,34.2491,5.49314,0.0
1958,0,0,0,875.8010,75.5847,32.8699,6.16101,0.0
1958,0,0,0,876.2420,126.5030,33.8201,1.45129,10.0
1958,0,0,0,879.1670,95.8340,35.1398,3.62478,10.0
1958,0,0,0,881.0710,53.0895,23.9751,5.38515,5.0
1958,0,0,0,891.0910,79.1301,30.6846,1.03640,5.0
1958,0,0,0,911.6190,82.5614,27.9690,0.71400,5.0
1959,0,0,0,-5479.7500,-2447.0900,400.6750,3.54302,0.0
1960,0,0,0,-5163.7400,-2329.5800,400.6750,1.46608,0.0
1961,0,0,0,-5116.9400,-2054.5900,426.9630,1.33575,0.0
1963,0,0,0,-5394.1000,-2954.4100,322.1410,0.34907,0.0
1965,0,0,0,-6235.8700,152.9890,428.3990,2.04204,0.0
1971,0,0,0,1277.3800,1286.2800,52.9912,4.66003,0.0
1972,0,0,0,410.6870,989.7200,108.1190,1.36136,0.0
1973,0,0,0,-342.6760,947.6020,131.5400,4.43314,0.0
1973,0,0,0,-342.3950,981.9750,128.0030,0.00000,0.0
1973,0,0,0,-338.2930,985.5980,127.6990,5.95002,5.0
1973,0,0,0,-336.2140,1031.5400,118.9710,1.02319,5.0
1973,0,0,0,-329.5500,986.0710,129.4790,5.60251,0.0
1973,0,0,0,-324.4990,928.5910,130.9290,0.13325,5.0
1973,0,0,0,-321.8820,1051.0100,118.2550,3.84304,5.0
1973,0,0,0,-317.9440,1039.0500,117.5340,5.72468,0.0
1973,0,0,0,-317.5040,973.7570,133.2450,3.04738,5.0
1973,0,0,0,-290.3750,1044.4000,116.0690,3.54302,0.0
1973,0,0,0,-289.9260,944.4680,130.6900,2.30383,0.0
1973,0,0,0,-288.2280,1024.1300,115.1670,4.43293,5.0
1974,0,0,0,-405.5150,915.9220,118.8200,3.46048,3.0
1974,0,0,0,-366.2510,902.2980,131.9680,0.20272,0.0
1974,0,0,0,-359.6150,905.5760,133.5890,3.68265,0.0
1974,0,0,0,-351.7490,929.6150,131.4710,1.59470,3.0
1974,0,0,0,-349.5740,1001.2400,125.9540,3.99575,5.0
1974,0,0,0,-316.0020,1037.6100,117.7490,2.28638,0.0
1974,0,0,0,-314.6770,944.9230,131.9390,0.62712,5.0
1974,0,0,0,-307.4730,966.2740,126.9650,4.02522,0.0
1974,0,0,0,-305.3070,1066.6900,117.6640,5.77938,5.0
1974,0,0,0,-290.1400,1011.5000,113.6120,5.43120,5.0
1974,0,0,0,-288.0960,1025.3600,115.2460,4.84051,5.0
1975,0,0,0,-9411.2900,-1347.1800,50.0279,1.65702,2.0
1975,0,0,0,-9403.8500,-1331.0200,50.1274,4.35244,2.0
1975,0,0,0,-9400.7500,-1336.9200,50.1274,0.13157,0.0
1978,0,0,0,1409.6800,1090.2600,53.7694,5.95157,0.0
1983,0,0,0,1073.8400,1543.3700,28.6752,0.17453,0.0
2046,0,0,0,-9462.2900,87.8151,58.4211,0.73304,0.0
2050,0,0,0,1604.3200,278.2680,-55.2596,3.61283,0.0
2053,0,0,0,-759.0320,1501.6500,17.3505,1.36136,0.0
2053,0,0,0,-755.0210,1504.7600,17.2782,4.03593,0.0
2053,0,0,0,-750.2780,1468.4400,18.1722,1.50098,0.0
2053,0,0,0,-743.8670,1449.5700,17.9504,5.61272,5.0
2053,0,0,0,-742.2480,1533.3600,16.3341,1.88496,0.0
2053,0,0,0,-741.1530,1537.2900,16.9959,4.73529,5.0
2053,0,0,0,-733.0600,1486.3500,16.2382,5.86431,0.0
2053,0,0,0,-730.8860,1514.5800,14.0312,3.91594,10.0
2053,0,0,0,-729.8660,1483.8100,15.7060,2.35619,0.0
2053,0,0,0,-727.1640,1496.1000,14.4899,1.04947,5.0
2053,0,0,0,-706.5280,1547.1900,18.7441,1.69297,0.0
2053,0,0,0,-698.6650,1585.1900,17.2110,6.12611,0.0
2053,0,0,0,-696.7750,1588.3100,17.2987,4.08407,0.0
2053,0,0,0,-686.7780,1520.4700,9.1674,1.99850,10.0
2054,0,0,0,-756.4560,1502.2900,17.2546,2.44346,0.0
2054,0,0,0,-750.0270,1470.8300,18.0828,4.83456,0.0
2054,0,0,0,-745.1240,1536.0100,16.9591,2.79253,0.0
2054,0,0,0,-743.0010,1535.4600,16.8341,5.06145,0.0
2054,0,0,0,-740.1170,1503.3000,16.1532,1.15192,0.0
2054,0,0,0,-734.8460,1519.7000,14.3509,2.71553,10.0
2054,0,0,0,-729.9880,1487.3500,15.6362,4.32842,0.0
2054,0,0,0,-729.2780,1498.4100,14.7805,1.11283,5.0
2054,0,0,0,-719.3100,1479.0400,13.1132,4.92678,5.0
2054,0,0,0,-706.3340,1550.0600,18.8794,4.66003,0.0
2054,0,0,0,-695.4060,1583.2700,17.5860,2.60054,0.0
2054,0,0,0,-671.9820,1593.4200,18.3436,0.01367,3.0
2054,0,0,0,-651.3670,1560.8400,9.9174,6.03010,10.0
2057,0,0,0,-5762.7700,-3433.3600,305.7650,5.30580,0.0
2058,0,0,0,-416.1820,1496.9100,19.8534,0.31416,0.0
2093,0,0,0,-3232.9600,-2453.7800,15.4710,3.82227,0.0
2098,0,0,0,-5810.1600,-3443.8500,312.0330,3.69274,10.0
2098,0,0,0,-5661.1100,-3619.4200,311.2790,2.03150,10.0
2098,0,0,0,-5550.1000,-2783.4500,365.5230,6.05288,10.0
2098,0,0,0,-5085.0800,-3051.9400,323.6050,6.10036,5.0
2098,0,0,0,-4780.5700,-2870.3900,324.9640,4.98720,10.0
2098,0,0,0,-4714.8500,-2828.4600,327.3790,0.03319,10.0
2098,0,0,0,-4711.6500,-2745.2900,325.6090,0.65935,10.0
2098,0,0,0,-4468.3700,-2721.4000,270.1070,1.07129,5.0
2098,0,0,0,-4210.7900,-2482.6000,277.3070,5.52457,5.0
2098,0,0,0,-4165.4900,-2469.8700,211.0000,5.15421,5.0
2098,0,0,0,-4142.7900,-1053.8900,168.0250,5.52528,0.0
2098,0,0,0,-4142.0000,-2416.2000,183.5760,2.71464,5.0
2098,0,0,0,-4131.6200,-1063.0100,168.0250,2.44259,0.0
2098,0,0,0,-4097.2100,-2386.0500,116.4120,3.83368,5.0
2098,0,0,0,-4040.7100,-2557.3500,140.3310,5.55719,5.0
2098,0,0,0,-4023.0300,-2456.1800,158.2170,0.65347,3.0
2098,0,0,0,-4013.6000,-2368.7100,117.7800,2.69621,3.0
2098,0,0,0,-3956.8200,-2386.3400,162.4710,0.85179,5.0
2098,0,0,0,-1818.0300,-4142.9900,9.8949,4.68913,0.0
2098,0,0,0,-1813.5100,-4155.1400,9.8949,1.82635,0.0
2098,0,0,0,498.3190,-1076.6400,195.8960,1.89789,5.0
2098,0,0,0,664.9910,-247.5370,235.7590,2.61687,5.0
2098,0,0,0,698.1390,-1242.5200,196.4260,2.09297,5.0
2098,0,0,0,702.9280,-1111.2600,200.1660,3.28860,5.0
2098,0,0,0,846.4500,-338.9000,233.3840,1.02524,5.0
2098,0,0,0,953.8170,-561.6400,202.8860,4.55366,5.0
2098,0,0,0,957.0460,-951.0570,163.3550,2.47164,5.0
2099,0,0,0,-3915.3300,-627.6990,4.9028,6.03106,3.0
2099,0,0,0,-3914.2500,-619.9290,5.0744,2.55767,3.0
2099,0,0,0,-3904.4300,-619.8180,4.9156,1.08794,3.0
2099,0,0,0,-3892.0800,-661.0030,8.2217,4.32842,0.0
2099,0,0,0,-3869.4600,-598.8390,6.1585,4.78435,0.0
2099,0,0,0,-3858.4700,-812.4720,8.4246,0.43504,5.0
2099,0,0,0,-3849.6900,-731.2950,8.5267,0.66996,0.0
2099,0,0,0,-3842.6500,-737.7820,8.7490,4.08407,0.0
2099,0,0,0,-3838.2500,-794.1240,8.3318,3.04502,5.0
2099,0,0,0,-3785.0200,-750.9360,8.1055,4.88692,0.0
2099,0,0,0,-3755.8400,-631.0380,8.8059,5.74213,0.0
2099,0,0,0,-3730.9800,-591.7530,6.4611,6.03884,3.0
2099,0,0,0,-3730.7600,-699.2720,8.2462,0.17453,0.0
2102,0,0,0,-4425.6000,-2427.0900,252.8240,0.98153,5.0
2102,0,0,0,-4355.3300,-2421.2000,228.4840,1.04819,0.0
2102,0,0,0,-4310.6400,-2519.3600,256.7470,5.87790,5.0
2102,0,0,0,-4277.4000,-2404.2800,234.0610,6.13024,5.0
2102,0,0,0,-4272.1200,-2340.1200,219.4740,3.99139,0.0
2102,0,0,0,-4270.3700,-2456.7200,251.3590,5.69939,5.0
2102,0,0,0,-4244.6200,-2342.7500,204.6310,1.07217,0.0
2102,0,0,0,-4238.0200,-2382.7700,204.7250,4.71533,0.0
2102,0,0,0,-4236.0900,-2348.6700,204.3320,2.55793,0.0
2102,0,0,0,-4231.1200,-2358.6000,204.1570,3.87403,0.0
2102,0,0,0,-4229.3900,-2376.9400,202.8960,4.78220,0.0
2102,0,0,0,-4218.4800,-2352.5100,204.2820,0.57933,3.0
2102,0,0,0,-4207.1800,-2366.5400,202.9470,1.50098,3.0
2102,0,0,0,-4197.0900,-2368.1700,216.9120,4.41568,0.0
2102,0,0,0,-4065.7100,-2451.5100,153.1620,1.99090,5.0
2102,0,0,0,-3980.4600,-2358.2700,157.6820,3.90004,5.0
2102,0,0,0,-3966.1700,-2396.2300,161.2370,3.28535,5.0
2103,0,0,0,-4346.1200,-2429.9200,218.7470,3.72578,0.0
2103,0,0,0,-4340.3800,-2460.5800,212.3000,1.53272,5.0
2103,0,0,0,-4339.6700,-2506.9900,252.3990,1.27141,5.0
2103,0,0,0,-4325.7900,-2442.2000,213.3280,0.00777,3.0
2103,0,0,0,-4323.7400,-2412.6300,210.2550,1.68925,0.0
2103,0,0,0,-4304.4400,-2384.4000,208.5070,4.99709,3.0
2103,0,0,0,-4275.3500,-2370.0300,209.3140,1.33577,3.0
2103,0,0,0,-4268.9500,-2428.3000,252.6090,0.09578,5.0
2103,0,0,0,-4268.0000,-2486.2600,249.1230,0.02734,5.0
2103,0,0,0,-4265.1300,-2360.7600,208.0820,5.19876,3.0
2103,0,0,0,-4255.2800,-2352.5900,206.4570,0.30622,3.0
2103,0,0,0,-4248.1700,-2372.4500,204.4750,0.71194,0.0
2103,0,0,0,-4245.9400,-2454.2200,259.7830,0.63309,5.0
2103,0,0,0,-4239.4000,-2369.7600,204.1000,3.99296,0.0
2103,0,0,0,-4207.4100,-2384.1500,203.2830,3.75246,3.0
2103,0,0,0,-4194.1600,-2364.8700,209.7900,1.57080,0.0
2103,0,0,0,-4188.4700,-2382.4400,209.7900,3.71755,3.0
2106,0,0,0,-387.3310,1648.7900,24.3721,1.57080,0.0
2110,0,0,0,-11136.3000,-711.6700,58.8964,2.69651,5.0
2110,0,0,0,-11012.3000,-353.8860,43.4082,4.37306,5.0
2110,0,0,0,-11009.4000,-349.0600,42.5776,0.82957,5.0
2110,0,0,0,-10962.7000,-754.5760,51.7638,0.50637,10.0
2110,0,0,0,-10928.7000,-548.2530,52.9982,4.50295,0.0
2110,0,0,0,-10886.2000,-140.0280,41.5177,3.74609,10.0
2110,0,0,0,-10875.3000,-290.3040,37.4904,1.60907,5.0
2110,0,0,0,-10874.8000,-291.8560,37.4150,1.25748,5.0
2110,0,0,0,-10863.8000,417.2150,39.7595,0.44182,5.0
2110,0,0,0,-10820.5000,5.5162,38.2990,0.95463,5.0
2110,0,0,0,-10817.1000,-1061.0900,45.6217,6.01642,5.0
2110,0,0,0,-10804.9000,310.9860,31.3445,1.07723,10.0
2110,0,0,0,-10794.6000,172.9280,34.9108,0.41208,5.0
2110,0,0,0,-10781.9000,-923.5150,54.2155,2.81607,10.0
2110,0,0,0,-10757.7000,-1206.9000,28.4225,1.93022,5.0
2110,0,0,0,-10702.5000,-964.1270,72.8968,4.79497,5.0
2110,0,0,0,-10696.3000,244.5330,41.8285,2.46565,5.0
2110,0,0,0,-10694.4000,-1156.1700,25.2412,1.99690,10.0
2110,0,0,0,-10689.2000,-1252.9000,29.5341,2.52588,5.0
2110,0,0,0,-10657.9000,-1020.3800,70.3454,3.43845,5.0
2110,0,0,0,-10393.7000,-1102.3100,20.6507,4.94623,5.0
2110,0,0,0,-10273.1000,-1164.3200,23.9296,2.42444,5.0
2110,0,0,0,-4048.2900,-1227.3500,146.4170,5.14200,15.0
2110,0,0,0,1112.5400,-1850.0700,60.8047,1.63139,10.0
2110,0,0,0,1124.8500,-1720.2200,62.4370,5.66751,10.0
2110,0,0,0,1203.0700,-1733.3700,60.6869,1.26419,10.0
2110,0,0,0,1279.7100,-1355.2100,51.3180,0.00000,10.0
2110,0,0,0,1298.8300,-1227.6400,63.6326,2.29054,10.0
2110,0,0,0,1344.5600,-1351.6500,48.8949,3.73719,10.0
2110,0,0,0,1365.2000,-1616.5600,58.0897,0.39008,10.0
2110,0,0,0,1370.7500,-1549.5500,57.8965,3.60198,10.0
2110,0,0,0,1453.4700,-1707.4500,69.5964,4.88699,10.0
2110,0,0,0,1458.2700,-1872.7000,58.8036,5.72223,10.0
2110,0,0,0,1464.5900,-1462.3600,57.6013,2.19320,10.0
2110,0,0,0,1522.4900,-1627.7400,64.9795,5.91055,10.0
2110,0,0,0,1613.7200,-1392.7100,67.5805,2.91106,10.0
2110,0,0,0,1691.2200,-2235.5500,59.2448,1.12019,10.0
2110,0,0,0,1694.2700,-2330.4700,59.6169,2.44901,10.0
2110,0,0,0,1770.3900,-1204.0200,59.5956,5.43287,10.0
2110,0,0,0,1838.1200,-1569.5500,59.1462,5.19860,10.0
2110,0,0,0,2058.4900,-1726.3100,61.9306,4.20644,10.0
2110,0,0,0,2063.3900,-1723.1300,62.3357,0.17672,10.0
2110,0,0,0,2083.6600,-1895.9400,61.4997,0.83776,0.0
2111,0,0,0,-3746.2900,-877.4230,10.1325,1.18682,0.0
2112,0,0,0,-10499.0000,-1154.6800,34.9574,3.19395,0.0
2113,0,0,0,1859.3900,1568.8200,94.4135,1.15402,0.0
2114,0,0,0,2267.3000,331.6350,35.2078,6.24828,0.0
2115,0,0,0,1866.0200,1574.4500,94.3969,3.49066,0.0
2116,0,0,0,1842.4400,1570.1900,96.6652,2.42601,0.0
2117,0,0,0,1836.2400,1569.1600,96.9129,0.99261,0.0
2118,0,0,0,2259.7300,275.5710,34.8637,2.49285,0.0
2119,0,0,0,1862.4600,1556.3300,94.8790,2.49582,0.0
2121,0,0,0,520.6240,1602.9200,126.5300,1.50098,0.0
2122,0,0,0,1859.6500,1563.3000,94.3900,5.81195,0.0
2123,0,0,0,1848.3200,1627.6300,97.0169,3.33358,0.0
2124,0,0,0,1847.3900,1635.5200,97.0169,3.87463,0.0
2126,0,0,0,1839.0300,1636.5400,97.0169,5.20108,0.0
2127,0,0,0,2259.0500,250.3170,41.1981,3.87463,0.0
2128,0,0,0,2256.8100,233.2190,41.1981,1.06465,0.0
2129,0,0,0,2265.2000,251.0540,41.1981,5.34071,0.0
2130,0,0,0,2271.0400,242.9970,41.1981,2.19912,0.0
2131,0,0,0,2254.7600,238.4450,33.7170,0.50614,0.0
2134,0,0,0,2252.7800,269.6560,34.3637,2.56664,0.0
2135,0,0,0,2237.7700,312.2940,36.8049,3.15905,0.0
2136,0,0,0,2228.8500,316.1310,36.8216,3.72187,0.0
2137,0,0,0,2246.3300,308.2400,35.2725,5.58505,0.0
2140,0,0,0,549.5820,1602.9900,128.5650,3.73500,0.0
2173,0,0,0,-646.8580,1892.4700,-15.2795,1.50436,5.0
2173,0,0,0,-500.8860,1852.7200,-5.8047,6.12831,5.0
2173,0,0,0,-481.5670,1878.2600,-10.3649,3.89129,5.0
2173,0,0,0,-451.5620,1817.5200,-7.7725,0.32303,5.0
2173,0,0,0,249.7320,1977.1100,-31.1535,0.67325,5.0
2173,0,0,0,271.2020,1961.2900,-29.6770,2.33674,5.0
2173,0,0,0,300.7850,1984.9300,-35.4672,6.16973,5.0
2173,0,0,0,328.8700,2015.6600,-38.0932,1.25707,5.0
2173,0,0,0,412.1770,1986.8900,-20.5666,1.36823,5.0
2173,0,0,0,621.1610,1999.8500,-25.1416,1.48298,5.0
2173,0,0,0,654.6020,1985.2000,-19.5592,0.47058,5.0
2173,0,0,0,658.7850,1998.1900,-21.2325,4.71915,5.0
2173,0,0,0,744.2770,1911.0400,-3.1270,4.92491,5.0
2173,0,0,0,831.3230,1986.9200,-16.8529,2.03588,5.0
2173,0,0,0,975.0850,2047.9400,-11.6763,3.07710,5.0
2173,0,0,0,1008.2400,2015.0400,-8.7422,6.28061,5.0
2198,0,0,0,-8854.0000,743.1500,100.8570,0.60700,0.0
2211,0,0,0,2288.9400,234.3030,27.1723,0.66322,0.0
2230,0,0,0,-8.4555,-902.7410,57.5572,4.88904,0.0
2261,0,0,0,-671.1250,-1083.6900,57.4729,4.08407,0.0
2261,0,0,0,-634.5350,-1038.2100,62.3357,3.17650,0.0
2261,0,0,0,-617.6450,-1079.6000,65.9803,2.55686,0.0
2261,0,0,0,-615.2790,-1096.5600,67.6339,5.02655,3.0
2261,0,0,0,-615.0190,-1455.0500,64.6909,1.34723,3.0
2261,0,0,0,-614.0530,-1549.1100,64.5659,1.03841,3.0
2261,0,0,0,-598.9700,-1472.6100,53.8376,6.14646,0.0
2261,0,0,0,-597.8200,-1386.4400,64.9569,2.09439,0.0
2261,0,0,0,-592.0020,-1433.6800,65.0659,0.55344,3.0
2261,0,0,0,-590.0860,-1377.0000,64.9569,2.37365,0.0
2261,0,0,0,-586.4960,-1078.8200,65.9275,3.67051,0.0
2261,0,0,0,-581.8290,-1512.3900,53.0659,5.82563,5.0
2261,0,0,0,-571.8050,-1478.6800,52.5659,3.21325,5.0
2261,0,0,0,-568.3090,-1495.9700,52.6653,4.52040,0.0
2261,0,0,0,-565.2470,-1402.3500,65.3159,5.68757,0.0
2261,0,0,0,-565.0920,-1453.3400,52.5659,0.02800,5.0
2261,0,0,0,-551.9390,-1549.7200,53.9464,3.30272,0.0
2261,0,0,0,-551.5380,-1554.9300,53.9256,0.72218,5.0
2261,0,0,0,-550.7820,-1485.4000,52.5659,0.39422,0.0
2261,0,0,0,-548.3320,-1435.2800,52.5659,4.30950,5.0
2261,0,0,0,-547.7070,-1586.1300,64.8159,4.40980,3.0
2261,0,0,0,-542.6700,-1388.9500,64.9590,0.30681,3.0
2261,0,0,0,-539.7770,-1356.7000,64.7539,1.06898,3.0
2261,0,0,0,-534.5160,-1517.1900,66.0077,1.32288,0.0
2261,0,0,0,-521.9790,-1557.7100,53.0680,3.02935,5.0
2261,0,0,0,-521.4920,-1435.0300,65.0608,1.48945,3.0
2261,0,0,0,-521.0120,-1483.9600,75.8990,3.13936,0.0
2261,0,0,0,-511.8280,-1386.9000,53.0659,4.94842,5.0
2261,0,0,0,-497.4930,-1340.7300,53.4869,2.45660,0.0
2261,0,0,0,-494.8690,-1530.3700,65.1129,5.79875,3.0
2261,0,0,0,-485.7200,-1579.1800,52.9409,4.63708,5.0
2261,0,0,0,-484.8580,-1364.4400,52.5659,0.68162,5.0
2261,0,0,0,-482.2530,-1439.3200,87.6714,1.71360,3.0
2261,0,0,0,-482.0320,-1426.5500,89.1528,2.72781,3.0
2261,0,0,0,-480.5070,-1547.1500,66.0080,5.70736,3.0
2261,0,0,0,-478.0770,-1377.8400,52.8428,2.21907,0.0
2261,0,0,0,-472.4290,-1615.5400,64.9409,0.32845,3.0
2261,0,0,0,-471.0100,-1372.8300,53.1909,0.39275,5.0
2261,0,0,0,-469.4550,-1487.9100,90.9262,0.35590,0.0
2261,0,0,0,-468.6730,-1506.6000,87.9986,1.85378,3.0
2261,0,0,0,-464.0620,-1313.0200,64.1909,4.41246,3.0
2261,0,0,0,-461.1460,-1424.0900,91.3366,3.76438,0.0
2261,0,0,0,-460.4020,-1585.6100,64.9979,4.22930,3.0
2261,0,0,0,-457.4700,-1466.4000,89.8368,5.34846,0.0
2261,0,0,0,-454.5860,-1478.8800,92.5342,4.48465,0.0
2261,0,0,0,-449.1200,-1546.1400,65.1909,4.73355,3.0
2261,0,0,0,-446.9960,-1344.9400,53.6806,0.14368,0.0
2261,0,0,0,-445.4590,-1559.7300,65.0659,2.50852,3.0
2261,0,0,0,-439.9700,-1480.9500,91.5015,3.25653,0.0
2261,0,0,0,-434.3240,-1326.1100,64.6909,6.12869,3.0
2261,0,0,0,-432.1790,-1405.2600,98.5877,2.16686,3.0
2261,0,0,0,-409.5410,-1338.1200,64.9568,0.51554,3.0
2284,0,0,0,-7.6096,-943.3440,62.0204,0.52360,0.0
2284,0,0,0,0.2996,-938.5050,61.9350,3.49132,0.0
2284,0,0,0,0.3503,-946.0040,62.0220,1.62316,0.0
2307,0,0,0,1694.6000,1555.3000,123.5420,3.62917,0.0
2309,0,0,0,2259.9900,325.1220,35.2341,5.27090,0.0
2310,0,0,0,2316.0100,287.0330,37.4107,1.46239,5.0
2311,0,0,0,2255.0600,307.4600,34.8617,4.01849,3.0
2314,0,0,0,2281.6500,342.2140,34.2132,4.31047,0.0
2315,0,0,0,1860.4400,1588.6400,92.5397,6.15239,0.0
2326,0,0,0,-5604.4900,-521.4270,399.7410,5.32325,0.0
2329,0,0,0,-9456.8100,29.3610,63.9038,2.96706,0.0
2331,0,0,0,-8855.9500,739.3980,100.6520,2.15696,0.0
2334,0,0,0,-8834.1400,552.2770,75.1667,0.33161,0.0
2350,0,0,0,-742.2790,330.8340,51.3856,1.19283,3.0
2350,0,0,0,-739.8380,437.6330,76.2470,1.11897,5.0
2350,0,0,0,-728.9600,486.8250,77.6756,3.26793,5.0
2350,0,0,0,-705.8690,388.2540,70.2089,2.22054,10.0
2350,0,0,0,-679.3100,-1446.8100,63.9523,0.81444,10.0
2350,0,0,0,-618.8700,456.1980,79.3945,2.95876,10.0
2350,0,0,0,-551.6570,-1186.7100,63.4604,4.42638,5.0
2350,0,0,0,-526.5180,410.1580,86.1070,5.13687,10.0
2350,0,0,0,-518.7570,313.2170,85.2776,4.34059,10.0
2350,0,0,0,-478.1860,-1229.8300,54.6223,1.45487,5.0
2350,0,0,0,-449.3220,-922.3610,43.2813,2.86490,5.0
2350,0,0,0,-439.2640,-957.1170,35.8858,3.64546,5.0
2350,0,0,0,-438.0540,245.8850,86.4727,5.72652,10.0
2350,0,0,0,-429.5010,216.5660,82.0781,3.14941,10.0
2350,0,0,0,-429.4990,176.0240,76.6094,0.56688,10.0
2350,0,0,0,-414.0840,-886.5140,55.8601,4.35367,10.0
2350,0,0,0,-413.8780,-1198.2900,58.5210,2.60017,10.0
2350,0,0,0,-381.3250,-1218.4800,57.2212,1.74366,10.0
2350,0,0,0,-374.4540,-958.8320,60.8163,0.29090,10.0
2350,0,0,0,-353.9140,-821.1770,58.2832,1.51224,10.0
2350,0,0,0,-350.7580,-839.3390,58.5972,2.03707,10.0
2350,0,0,0,-328.9730,-1233.3200,64.7256,2.53481,10.0
2350,0,0,0,-283.2590,-997.3980,56.3949,4.31217,10.0
2350,0,0,0,-271.0140,-910.7140,53.9030,3.44126,3.0
2350,0,0,0,-241.1880,-742.8090,59.9277,-1.16741,0.0
2350,0,0,0,-216.6780,-791.4130,55.1349,1.97594,10.0
2350,0,0,0,-180.9580,-1035.0700,49.7270,5.48398,10.0
2350,0,0,0,-145.7940,-1018.8900,49.5908,1.69999,5.0
2350,0,0,0,-116.3240,-783.1590,57.0062,0.12404,5.0
2350,0,0,0,-56.8347,-1049.5700,47.5493,1.65880,3.0
2350,0,0,0,40.4206,-746.0880,71.2400,5.31880,10.0
2350,0,0,0,83.3307,-880.5260,68.9119,4.45367,5.0
2350,0,0,0,92.3524,-656.3350,87.8177,2.92927,5.0
2350,0,0,0,94.1743,-971.3940,61.7514,2.59431,10.0
2350,0,0,0,107.6410,-937.2100,67.9427,0.22651,5.0
2350,0,0,0,108.1320,-833.3980,78.8084,1.79048,5.0
2350,0,0,0,110.1830,-653.6190,91.3353,0.24688,3.0
2350,0,0,0,111.3320,-761.0110,70.7384,2.98571,10.0
2350,0,0,0,115.6910,-1120.3300,44.7836,1.96183,10.0
2350,0,0,0,172.1870,-977.4160,74.1867,4.95475,5.0
2350,0,0,0,182.0490,-1094.6200,59.1114,3.40647,10.0
2350,0,0,0,187.5740,-741.5100,98.0521,2.81737,10.0
2350,0,0,0,195.4060,-1084.3100,65.7823,1.15904,10.0
2350,0,0,0,208.3690,-1175.1800,48.4631,2.06328,10.0
2361,0,0,0,-846.4310,-562.7430,18.6293,3.57792,0.0
2362,0,0,0,-849.3580,-561.2790,18.6293,4.69494,0.0
2442,0,0,0,-9989.4600,215.2730,30.8401,4.84101,5.0
2442,0,0,0,-9985.8000,468.0450,34.3857,0.06685,5.0
2442,0,0,0,-9952.7800,930.3880,43.5756,1.70399,5.0
2442,0,0,0,-9858.6300,-926.5390,37.1891,4.86048,5.0
2442,0,0,0,-9774.6400,-352.8190,52.4881,4.99086,5.0
2442,0,0,0,-9762.3900,-728.6250,39.2931,1.06787,5.0
2442,0,0,0,-9751.1400,-643.1770,42.1577,5.78197,5.0
2442,0,0,0,-9747.4500,928.9780,27.7093,5.75465,10.0
2442,0,0,0,-9727.6900,446.2140,37.1872,2.20765,5.0
2442,0,0,0,-9725.3600,-1241.3100,50.6461,4.66697,5.0
2442,0,0,0,-9718.6700,-355.9940,54.7579,4.02941,5.0
2442,0,0,0,-9712.5200,751.2700,31.1560,5.25384,5.0
2442,0,0,0,-9702.1800,-77.6162,38.4306,2.28981,5.0
2442,0,0,0,-9687.7700,611.5690,39.1500,2.84396,5.0
2442,0,0,0,-9675.8900,369.9580,43.1045,1.27595,5.0
2442,0,0,0,-9667.0800,-325.2590,55.4588,0.15974,5.0
2442,0,0,0,-9657.2600,-424.8790,57.1523,3.13311,5.0
2442,0,0,0,-9643.6900,544.6810,44.2205,0.87536,5.0
2442,0,0,0,-9587.4000,-440.1120,59.7150,0.19663,5.0
2442,0,0,0,-9587.2800,-1141.0800,45.0712,4.95689,5.0
2442,0,0,0,-9585.9700,-607.5650,56.9316,4.78467,5.0
2442,0,0,0,-9582.4200,-613.6550,56.9415,1.84644,5.0
2442,0,0,0,-9582.2300,-310.1780,61.9885,6.12221,5.0
2442,0,0,0,-9581.5400,-1477.2000,59.9866,2.31334,5.0
2442,0,0,0,-9547.6300,526.9430,50.1797,5.83003,5.0
2442,0,0,0,-9545.5800,-544.4910,61.1677,1.50631,5.0
2442,0,0,0,-9500.9200,-1046.9600,51.5554,2.13161,5.0
2442,0,0,0,-9486.6100,-774.7730,60.8734,1.11201,5.0
2442,0,0,0,-9483.1500,-956.6150,56.4859,6.23040,5.0
2442,0,0,0,-9463.5100,-1480.1500,62.4794,5.45494,5.0
2442,0,0,0,-9447.9000,-1460.8800,61.0336,4.19369,5.0
2442,0,0,0,-9426.9500,-2107.6300,65.9580,5.25858,5.0
2442,0,0,0,-9413.4900,226.5380,61.0589,2.80054,5.0
2442,0,0,0,-9409.5000,298.3040,60.0419,3.86036,5.0
2442,0,0,0,-9372.5600,-936.4740,64.3124,4.73404,5.0
2442,0,0,0,-9358.5200,-1160.6900,65.5425,2.88179,5.0
2442,0,0,0,-9346.7500,-864.9650,66.5683,0.57829,5.0
2442,0,0,0,-9334.1800,322.2770,67.1415,3.98068,5.0
2442,0,0,0,-9297.6200,-1240.5600,69.0536,2.19739,5.0
2442,0,0,0,-9296.0000,-104.0490,68.5179,0.02945,5.0
2442,0,0,0,-9272.8600,-587.4470,65.0514,5.49666,5.0
2442,0,0,0,-9226.4100,-59.2634,74.4016,3.07871,5.0
2442,0,0,0,-9225.2600,259.2780,72.6654,4.66506,5.0
2442,0,0,0,-9210.7200,419.7730,88.3830,2.05575,5.0
2442,0,0,0,-9189.9800,430.7710,92.4673,3.31220,5.0
2442,0,0,0,-9167.8500,13.3317,79.0457,3.00682,5.0
2442,0,0,0,-9157.4600,13.7152,78.6951,3.12673,5.0
2442,0,0,0,-8957.8300,-794.4860,69.7611,1.32059,5.0
2442,0,0,0,-8873.4400,-911.6120,76.5094,1.46558,5.0
2442,0,0,0,-4055.9100,-1247.1500,146.4170,4.19089,7.0
2442,0,0,0,-4053.7100,-1187.5800,146.4170,4.69747,7.0
2442,0,0,0,-4041.5000,-1230.9200,146.4170,3.80212,7.0
2442,0,0,0,-841.5870,-2020.2900,34.3902,1.96309,10.0
2442,0,0,0,-841.1090,-2043.2500,34.7063,3.32009,10.0
2442,0,0,0,-821.1910,-2038.8900,34.4726,3.74054,5.0
2442,0,0,0,-818.9870,-2026.7500,34.2396,4.79028,10.0
2442,0,0,0,-814.7370,-2041.9500,34.6381,1.51899,10.0
2442,0,0,0,-813.0960,-648.8900,11.9309,5.22840,5.0
2442,0,0,0,-805.8960,-2029.8800,34.8646,4.98771,10.0
2442,0,0,0,-804.9870,-666.1050,11.9309,4.61598,5.0
2442,0,0,0,-790.3550,-664.2670,11.9309,3.91381,5.0
2442,0,0,0,-789.0180,-652.5280,11.9309,6.17616,5.0
2442,0,0,0,-568.3220,-113.5260,47.7699,0.71739,5.0
2442,0,0,0,-455.1980,-111.2620,54.6040,5.95599,5.0
2442,0,0,0,-408.1310,-53.2522,54.4545,4.92183,0.0
2442,0,0,0,-400.2430,-52.7659,54.4970,4.74729,0.0
2442,0,0,0,-373.4640,11.0652,55.2724,0.51832,5.0
2442,0,0,0,-338.7530,55.3219,55.5409,2.56105,5.0
2477,0,0,0,-5717.6500,-3523.1500,303.3830,4.44362,0.0
2478,0,0,0,-5721.1800,-3523.3700,302.8850,4.21382,0.0
2504,0,0,0,-8347.0000,418.2000,122.3740,0.63400,0.0
2529,0,0,0,-561.8970,1561.6300,11.8421,3.13476,10.0
2529,0,0,0,714.0370,1461.8800,61.7703,2.93108,10.0
2529,0,0,0,1241.8100,1847.9500,9.5825,5.12350,0.0
2532,0,0,0,-8744.6800,556.0690,98.0526,5.45979,0.0
2533,0,0,0,-8739.0400,549.9870,100.2740,5.45979,0.0
2620,0,0,0,-11176.7000,1226.8900,85.2465,4.52572,5.0
2620,0,0,0,-11077.4000,1659.8100,44.8357,4.66355,5.0
2620,0,0,0,-10892.0000,1213.9700,35.0613,6.13825,5.0
2620,0,0,0,-10548.0000,1730.2300,40.6448,1.61963,5.0
2620,0,0,0,-10543.8000,863.3660,41.3527,2.52350,5.0
2620,0,0,0,-10422.7000,1280.7800,40.0873,0.03470,5.0
2620,0,0,0,-10347.6000,887.1100,43.5463,2.59588,5.0
2620,0,0,0,-10117.1000,1279.8800,39.6322,1.03155,5.0
2620,0,0,0,-9992.2200,1301.7000,43.5822,0.44879,5.0
2620,0,0,0,-1996.8400,-2607.6800,77.4941,1.29974,10.0
2620,0,0,0,-1754.0500,-2280.0200,41.0460,4.23844,10.0
2620,0,0,0,-1745.9500,-2662.8100,40.3101,0.35212,10.0
2620,0,0,0,-1699.7100,-2940.4900,35.9129,1.18593,10.0
2620,0,0,0,-1633.5500,-2072.8400,37.3348,3.47200,10.0
2620,0,0,0,-1389.6900,-2526.8300,71.6857,1.06961,10.0
2620,0,0,0,-1336.8600,-3344.2300,43.8588,5.95896,10.0
2620,0,0,0,-1336.3500,-1663.3100,53.8125,5.55939,10.0
2620,0,0,0,-1301.8000,-1495.2600,57.2567,1.48279,10.0
2620,0,0,0,-1277.4700,-2904.9000,41.3603,1.71795,10.0
2620,0,0,0,-1276.4000,-2325.2800,59.5583,5.10863,10.0
2620,0,0,0,-1256.5100,-3463.3700,38.8858,1.82362,10.0
2620,0,0,0,-1198.0900,-1885.6500,86.4890,5.38588,10.0
2620,0,0,0,-1132.5200,-3163.7600,45.7034,0.99760,10.0
2620,0,0,0,-1128.0200,-1972.2200,68.6104,0.50446,10.0
2620,0,0,0,-1027.3700,-2208.0400,61.0620,5.32843,10.0
2620,0,0,0,-1026.5100,-2511.9400,52.3814,4.25361,10.0
2620,0,0,0,-984.2170,-3667.7600,83.0476,0.23835,10.0
2620,0,0,0,-955.4020,-3324.0100,68.7256,3.37805,10.0
2620,0,0,0,-935.5820,-2810.2800,62.0185,5.80644,10.0
2620,0,0,0,-866.2010,-3165.4200,70.5633,5.18477,10.0
2620,0,0,0,-749.7870,-2221.5100,57.1944,4.48957,10.0
2620,0,0,0,-644.6550,-1849.9300,54.3997,0.04149,10.0
2695,0,0,0,-4924.3200,-1215.6500,502.5940,3.87463,0.0
2914,0,0,0,-11245.0000,1398.1600,89.7176,1.46102,5.0
2914,0,0,0,-11115.2000,797.2750,36.2494,4.56105,5.0
2914,0,0,0,-11074.1000,1404.8400,49.0041,1.60218,10.0
2914,0,0,0,-10847.8000,1583.6500,45.0126,4.98720,5.0
2914,0,0,0,-10805.2000,837.1140,33.1636,2.33747,10.0
2914,0,0,0,-10646.6000,1388.9800,41.7955,4.80060,10.0
2914,0,0,0,-10622.5000,1891.9700,41.1911,3.32538,5.0
2914,0,0,0,-10518.4000,1294.1000,56.1231,5.08610,5.0
2914,0,0,0,-10317.6000,1137.3800,37.9683,1.49650,10.0
2914,0,0,0,-10191.5000,1790.6700,35.3037,3.38515,5.0
2914,0,0,0,-10187.1000,1489.1100,39.3756,1.48084,5.0
2914,0,0,0,-10126.7000,1266.8600,38.3463,4.74168,5.0
2914,0,0,0,-10031.1000,1714.5700,37.4611,0.08995,10.0
2914,0,0,0,-9881.4500,1115.0700,33.5527,1.65077,5.0
2914,0,0,0,-9743.0700,967.3880,31.2126,4.57132,5.0
2914,0,0,0,-544.9170,1497.3100,12.6388,4.81650,10.0
2914,0,0,0,296.3430,659.7530,41.9758,1.29169,10.0
2914,0,0,0,448.1560,1310.1900,80.8115,2.35826,10.0
2914,0,0,0,938.4070,1520.4300,39.9866,2.04027,10.0
2914,0,0,0,1135.5200,1353.2500,34.3567,4.06420,10.0
2914,0,0,0,1225.6800,1363.9300,38.5034,4.95714,10.0
2914,0,0,0,1409.8400,958.6280,51.5819,1.88040,10.0
2916,0,0,0,-4631.6300,-1326.6600,503.4650,1.76278,0.0
2922,0,0,0,-6631.3900,-2726.7900,243.6850,2.96706,0.0
3085,0,0,0,-9204.9800,-2149.5300,64.4441,3.84107,0.0
3086,0,0,0,-9215.7900,-2066.6800,82.9563,3.49771,0.0
3097,0,0,0,-9603.3700,-3486.6900,122.1090,4.99164,0.0
3137,0,0,0,-10610.1000,-1166.5200,27.0939,5.53856,0.0
3162,0,0,0,-5363.6700,319.1140,394.1970,4.39823,0.0
3177,0,0,0,-5514.9800,-1295.7500,406.1610,4.86947,0.0
3182,0,0,0,-3807.9100,-837.6410,10.1941,2.65290,0.0
3504,0,0,0,-8854.8600,740.9350,100.7050,2.15696,0.0
3505,0,0,0,-8838.5700,667.0700,98.1131,0.55314,0.0
3507,0,0,0,-8840.4600,666.8810,98.0187,0.55316,0.0
3508,0,0,0,-8841.7400,670.3940,97.9404,0.62992,0.0
3509,0,0,0,-8838.5200,670.2800,98.2098,0.55315,0.0
3510,0,0,0,-8841.3200,667.7680,98.0061,0.55301,0.0
3511,0,0,0,-8841.5800,669.1680,98.0344,0.55451,0.0
3512,0,0,0,-8841.6400,671.5150,97.9739,0.55623,0.0
3518,0,0,0,-8831.8100,543.0540,96.8538,3.51519,0.0
3520,0,0,0,-8656.4500,676.9370,108.1410,2.33112,0.0
3522,0,0,0,2157.3400,656.6660,34.6295,0.47124,0.0
3528,0,0,0,-345.9670,1501.4000,18.9875,0.94248,0.0
3530,0,0,0,-360.2780,1495.0300,17.1960,0.83053,0.0
3532,0,0,0,-408.0910,1604.0300,18.2868,5.56760,0.0
3534,0,0,0,-755.1390,1497.2000,17.0979,1.06465,0.0
3547,0,0,0,2282.3800,343.5130,34.2100,4.52215,0.0
3548,0,0,0,2330.4200,242.5180,28.4739,5.16617,0.0
3550,0,0,0,2040.9100,57.4618,33.9527,3.78736,0.0
3551,0,0,0,495.9970,1647.8600,125.6640,3.87463,0.0
3552,0,0,0,571.5360,1576.5900,132.8630,4.18879,0.0
3553,0,0,0,508.9110,1630.1600,104.8950,0.80285,0.0
3554,0,0,0,567.8640,1568.5100,132.8640,1.55334,0.0
3555,0,0,0,534.0240,1626.9500,104.8950,2.54818,0.0
3556,0,0,0,528.0680,1634.6200,104.7060,3.26377,0.0
3577,0,0,0,-154.7720,820.2150,64.1667,5.56760,0.0
3578,0,0,0,-87.5395,824.1110,63.9840,3.97935,0.0
3617,0,0,0,1768.2800,193.2660,70.3997,0.00000,5.0
3617,0,0,0,1769.9200,285.1610,70.3997,0.00000,5.0
3617,0,0,0,1774.1900,238.0880,60.6982,0.00000,5.0
3617,0,0,0,1779.7400,208.6010,60.3128,0.00000,5.0
3617,0,0,0,1782.6600,226.6500,59.4659,0.00000,5.0
3617,0,0,0,1782.7200,267.9580,59.7138,0.00000,5.0
3617,0,0,0,1783.9500,251.0460,59.5074,0.00000,5.0
3617,0,0,0,1784.6800,238.4700,60.4086,0.00000,5.0
3617,0,0,0,1785.0500,210.5630,59.7069,0.00000,5.0
3617,0,0,0,1788.0900,193.4160,70.3997,0.00000,5.0
3617,0,0,0,1794.1000,284.2690,70.3997,0.00000,5.0
3617,0,0,0,1803.1300,192.8190,70.3997,0.00000,5.0
3617,0,0,0,1805.2200,291.6550,70.4996,0.00000,5.0
3617,0,0,0,1805.7500,210.8580,65.3998,0.00000,5.0
3617,0,0,0,1806.0100,254.0110,60.6559,0.00000,5.0
3617,0,0,0,1806.3500,265.8150,65.3997,0.00000,5.0
3617,0,0,0,1816.9900,281.0630,70.3997,0.00000,5.0
3617,0,0,0,1817.4500,225.2510,59.5280,0.00000,5.0
3617,0,0,0,1819.3900,193.3340,70.3997,0.00000,5.0
3617,0,0,0,1819.5200,264.1840,59.9957,0.00000,5.0
3617,0,0,0,1820.1300,250.5490,60.0474,0.00000,5.0
3617,0,0,0,1821.2300,239.4870,60.6478,0.00000,5.0
3617,0,0,0,1823.9100,252.8620,60.1253,0.00000,5.0
3617,0,0,0,1829.4300,259.2070,59.6836,0.00000,5.0
3617,0,0,0,1830.2900,213.6450,60.3890,0.00000,5.0
3617,0,0,0,1831.2600,282.1220,70.3997,0.00000,5.0
3617,0,0,0,1834.2100,249.0570,59.9226,0.00000,5.0
3617,0,0,0,1836.3700,229.4040,60.2315,0.00000,5.0
3617,0,0,0,1837.9500,238.2540,60.5144,0.00000,5.0
3617,0,0,0,1841.2600,196.9390,70.3997,0.00000,5.0
3617,0,0,0,1843.5800,278.4470,70.3997,0.00000,5.0
3617,0,0,0,1846.1900,271.6650,70.3997,0.00000,5.0
3626,0,0,0,-8692.7200,397.4380,101.3700,5.51888,0.0
3627,0,0,0,-9028.7400,889.1870,110.1960,4.19386,0.0
3628,0,0,0,-9084.0000,823.9650,108.5030,0.40100,0.0
3629,0,0,0,-8610.7800,380.1400,103.0130,2.23402,0.0
3935,0,0,0,-9466.4200,0.0613,57.0335,6.12611,0.0
3937,0,0,0,-9125.4500,389.9620,91.5705,3.82752,0.0
3948,0,0,0,-5402.3400,-2968.1200,321.2570,0.99484,0.0
3982,0,0,0,-2.8401,-938.7180,57.2441,3.10669,0.0
4064,0,0,0,-9509.0800,-2922.8500,109.3080,2.05949,0.0
4064,0,0,0,-9500.5600,-2918.3700,109.0880,2.26893,0.0
4064,0,0,0,-9467.0500,-2968.2600,126.5670,4.81711,0.0
4064,0,0,0,-9310.2100,-2975.3700,122.8000,0.27324,0.0
4064,0,0,0,-9293.2000,-2943.8800,163.9470,0.56832,0.0
4064,0,0,0,-9290.9600,-2955.2300,128.9360,3.90954,0.0
4064,0,0,0,-9290.6200,-2948.0300,164.0310,4.64258,0.0
4064,0,0,0,-9287.2400,-2949.9600,128.9390,1.71042,0.0
4064,0,0,0,-9284.2500,-2990.1900,119.8060,5.25344,0.0
4075,0,0,0,-14438.3000,466.8040,3.9324,5.62101,2.0
4075,0,0,0,-14300.4000,527.1880,8.6953,1.70441,3.0
4075,0,0,0,-8989.0000,1030.9900,101.4040,3.24700,5.0
4075,0,0,0,-8983.0000,1023.4200,101.4040,3.97900,5.0
4075,0,0,0,-8969.0000,1035.1500,101.4040,1.62200,5.0
4075,0,0,0,-8842.0000,983.1720,98.5878,5.70200,5.0
4075,0,0,0,-8839.8900,983.0600,98.3968,0.29062,5.0
4075,0,0,0,-8811.5600,494.9850,97.8458,0.87267,10.0
4075,0,0,0,-8803.5400,491.1750,97.0508,5.47536,5.0
4075,0,0,0,-8799.8700,651.8680,94.6152,4.48025,0.0
4075,0,0,0,-8798.0900,659.5550,96.2475,4.25555,5.0
4075,0,0,0,-8793.1500,675.6100,101.9160,1.43058,0.0
4075,0,0,0,-8789.1600,678.7080,102.4110,1.45044,5.0
4075,0,0,0,-8784.9500,462.6030,98.2116,1.46606,5.0
4075,0,0,0,-8779.2500,462.5630,98.1377,2.80562,10.0
4075,0,0,0,-8687.2700,443.2830,99.6914,2.63182,10.0
4075,0,0,0,-8674.4400,451.9450,99.6602,0.88824,10.0
4075,0,0,0,-8673.1600,942.8860,101.5250,2.57798,5.0
4075,0,0,0,-8611.8200,367.7930,92.1363,4.68357,10.0
4075,0,0,0,-8607.2200,364.0550,92.1361,1.50001,10.0
4075,0,0,0,-8591.0700,1039.8700,95.9482,1.72485,5.0
4075,0,0,0,-8503.8100,976.4280,59.5786,2.46404,5.0
4075,0,0,0,-8450.0000,1147.1900,19.1521,5.19768,5.0
4075,0,0,0,-8382.6800,1339.3000,5.4529,0.05974,0.0
4075,0,0,0,-8377.8800,1309.4900,5.3302,4.32357,0.0
4075,0,0,0,-8375.4300,1101.9600,19.9929,4.65156,5.0
4075,0,0,0,-8306.5000,1075.6800,57.2622,4.76227,5.0
4075,0,0,0,-8081.2800,1376.0100,7.8856,0.45904,5.0
4075,0,0,0,-1981.0000,-4082.8100,2.1674,2.00923,5.0
4075,0,0,0,-1953.6600,-4080.4700,2.1355,1.65973,5.0
4075,0,0,0,-1952.9400,-4118.7600,2.1355,5.26471,5.0
4075,0,0,0,-1933.7800,-4107.0200,2.1355,5.24900,5.0
4075,0,0,0,-1898.7600,-4155.4800,2.1355,6.10665,5.0
4075,0,0,0,-1853.7900,-4149.4900,9.8478,5.99991,5.0
4075,0,0,0,-1832.9300,-4231.4700,2.1349,4.15422,5.0
4075,0,0,0,-1818.5000,-4149.3800,9.8952,0.04266,5.0
4075,0,0,0,-1777.4700,-1619.2800,52.8882,2.59774,5.0
4075,0,0,0,-1773.9600,-4198.4800,2.1008,5.41943,5.0
4075,0,0,0,-1765.0900,-4228.0500,2.1622,3.92646,5.0
4075,0,0,0,-1748.4400,-4205.7800,2.1008,5.91973,5.0
4075,0,0,0,-1745.0500,-1574.5200,52.6795,5.54260,5.0
4075,0,0,0,-1728.1700,-4279.3800,2.1012,4.70708,5.0
4075,0,0,0,-1720.4000,-4190.3500,2.1008,2.78763,5.0
4075,0,0,0,-1710.3800,-1915.7900,88.5812,1.84387,0.0
4075,0,0,0,-1709.6900,-1716.4700,53.8838,1.49603,10.0
4075,0,0,0,-1702.7100,-4252.7200,2.1008,2.49775,5.0
4075,0,0,0,-1696.0200,-1552.2400,55.6096,6.20962,5.0
4075,0,0,0,-1688.7400,-1840.2400,81.5915,3.71471,5.0
4075,0,0,0,-1685.3000,-4200.7000,2.1008,0.32462,5.0
4075,0,0,0,-1645.9100,-1780.9500,80.2928,5.55683,10.0
4075,0,0,0,-1640.4300,-1852.8800,80.5411,4.26979,5.0
4075,0,0,0,-1599.9200,-1926.2700,68.0869,3.24679,5.0
4075,0,0,0,-1599.1400,-1633.6800,68.7073,2.58599,5.0
4075,0,0,0,-1588.0200,-1749.3400,66.8503,2.26628,10.0
4075,0,0,0,-1584.4800,-1859.3800,70.7271,5.20176,5.0
4075,0,0,0,-1559.0700,-1802.1800,67.6051,5.02751,10.0
4075,0,0,0,-1551.5600,-1811.1000,67.9552,2.88690,10.0
4075,0,0,0,-1502.6700,-1703.9700,68.2183,4.80365,5.0
4075,0,0,0,-1500.9800,-1804.9700,68.0896,3.26377,10.0
4075,0,0,0,-589.3780,953.9870,91.0206,1.01125,10.0
4075,0,0,0,-479.8560,-1351.4500,52.8159,5.01413,5.0
4075,0,0,0,-292.9140,1125.8800,66.7137,4.24020,10.0
4075,0,0,0,-217.9830,1352.7800,35.5777,0.45928,10.0
4075,0,0,0,-129.9300,-904.6020,55.3269,1.41392,5.0
4075,0,0,0,-87.7202,-868.8580,55.2630,2.24301,5.0
4075,0,0,0,-45.6027,-920.2750,54.7737,4.93786,5.0
4075,0,0,0,38.4881,455.6910,42.9659,0.07228,10.0
4075,0,0,0,89.9892,271.7870,41.9983,2.15880,10.0
4075,0,0,0,378.1080,168.8730,43.4855,6.05478,10.0
4075,0,0,0,456.7600,234.2520,42.0227,1.91301,10.0
4075,0,0,0,511.0930,1419.4100,101.6740,5.18084,10.0
4075,0,0,0,619.3660,-922.7880,164.7100,3.90630,0.0
4075,0,0,0,669.7290,-950.9250,164.4750,2.55198,10.0
4075,0,0,0,686.3620,-887.4360,164.3570,2.55360,10.0
4075,0,0,0,717.8210,1204.6400,62.7562,1.33719,10.0
4075,0,0,0,1092.2200,1639.8900,28.9572,2.39557,10.0
4075,0,0,0,1672.1900,1633.8300,139.0270,5.24057,5.0
4075,0,0,0,1684.7100,1677.5800,137.0980,5.94206,10.0
4075,0,0,0,1689.6300,1597.8600,124.5330,3.93528,5.0
4075,0,0,0,1703.6300,1570.4700,125.7780,6.20810,5.0
4075,0,0,0,1708.7000,1689.1500,133.8170,4.84565,10.0
4075,0,0,0,1712.4400,679.6450,44.7523,0.82030,0.0
4075,0,0,0,1739.5400,1643.0600,119.6070,3.20316,5.0
4075,0,0,0,1743.1900,1688.8600,124.0570,3.05748,10.0
4075,0,0,0,1751.4700,1581.6300,112.7280,4.54457,5.0
4075,0,0,0,1761.0100,1596.9000,110.9420,0.27481,10.0
4075,0,0,0,1781.6100,1440.5100,94.6207,1.32506,10.0
4075,0,0,0,1793.4400,-521.4800,40.3178,0.78579,5.0
4075,0,0,0,1795.4100,869.9190,34.8689,0.51604,5.0
4075,0,0,0,1813.7800,1617.0700,97.3950,0.10777,5.0
4075,0,0,0,1822.5000,1114.1200,42.0064,2.02672,5.0
4075,0,0,0,1849.7100,-735.7420,64.4331,5.82427,10.0
4075,0,0,0,1859.0300,1681.6600,93.5264,1.61573,10.0
4075,0,0,0,1866.8900,-348.9280,39.2461,0.83655,5.0
4075,0,0,0,1882.3300,1527.8600,88.1731,5.94189,5.0
4075,0,0,0,1891.8800,757.1460,40.2985,0.81852,0.0
4075,0,0,0,1920.7600,492.0190,41.4115,0.00000,10.0
4075,0,0,0,1935.1700,1480.4300,80.6678,5.33264,10.0
4075,0,0,0,1945.6700,1584.9900,81.8555,1.40357,5.0
4075,0,0,0,1957.6200,1479.6400,82.6762,4.12222,10.0
4075,0,0,0,1972.6100,1701.5500,80.5943,3.55007,0.0
4075,0,0,0,1984.7100,-493.9570,34.6207,3.52052,5.0
4075,0,0,0,1995.4800,596.6860,46.3917,0.93909,5.0
4075,0,0,0,1995.5500,1586.1100,80.9817,2.10261,5.0
4075,0,0,0,1997.2200,-427.4460,35.5179,5.98478,10.0
4075,0,0,0,2005.0000,-299.0320,40.0183,1.29087,5.0
4075,0,0,0,2017.9500,1518.0600,77.7252,3.92699,5.0
4075,0,0,0,2022.1500,743.7070,41.6294,0.52230,10.0
4075,0,0,0,2023.1000,1722.0100,82.6090,4.82391,5.0
4075,0,0,0,2027.0800,-307.0250,36.7316,1.09875,5.0
4075,0,0,0,2030.5600,-480.6380,38.9000,0.94663,3.0
4075,0,0,0,2048.7100,-379.6010,35.5497,1.57383,5.0
4075,0,0,0,2049.0200,1107.3900,35.6426,2.73914,10.0
4075,0,0,0,2065.8900,89.1460,36.9195,4.66448,10.0
4075,0,0,0,2072.3200,-432.0120,39.5339,6.02850,5.0
4075,0,0,0,2075.3000,3.1613,42.7957,3.38018,10.0
4075,0,0,0,2093.3500,604.0850,35.0535,2.21625,10.0
4075,0,0,0,2126.5000,1355.2300,60.4238,0.53707,10.0
4075,0,0,0,2139.4500,756.1240,33.2734,4.99692,5.0
4075,0,0,0,2141.0900,549.8670,42.9889,2.56497,5.0
4075,0,0,0,2152.9100,1557.4800,81.1316,4.86269,5.0
4075,0,0,0,2156.5100,611.5800,35.6106,3.56955,5.0
4075,0,0,0,2187.5300,274.6950,41.5524,3.36469,10.0
4075,0,0,0,2209.0900,273.6660,36.4070,6.27625,10.0
4075,0,0,0,2212.7700,637.8440,24.8583,2.68044,5.0
4075,0,0,0,2218.5600,1230.8200,40.9532,2.39557,10.0
4075,0,0,0,2221.7000,631.7980,24.8213,3.40247,5.0
4075,0,0,0,2243.0300,-243.8080,54.0014,3.63358,5.0
4075,0,0,0,2244.6200,396.2150,43.1555,2.17396,5.0
4075,0,0,0,2249.0600,947.1280,46.3209,1.51021,5.0
4075,0,0,0,2257.3800,396.4510,39.6083,0.05474,5.0
4075,0,0,0,2292.3900,-708.5730,70.9157,5.53854,5.0
4075,0,0,0,2327.2700,102.2260,35.3265,5.27927,10.0
4075,0,0,0,2340.0800,331.2040,36.2980,4.19373,5.0
4075,0,0,0,2342.3400,834.4780,47.5054,2.04536,5.0
4075,0,0,0,2358.5100,271.4720,35.4477,1.98955,5.0
4075,0,0,0,2359.8800,473.2080,34.4804,1.61606,5.0
4075,0,0,0,2369.7700,-1065.8800,86.6374,0.02047,5.0
4075,0,0,0,2372.3500,461.0400,34.7763,5.87902,10.0
4075,0,0,0,2385.7700,379.8590,35.9823,2.30579,5.0
4075,0,0,0,2388.7800,1248.9400,36.4590,4.65868,10.0
4075,0,0,0,2400.6400,-595.0540,71.9719,0.44879,5.0
4075,0,0,0,2409.3000,419.2900,36.1368,4.86495,5.0
4075,0,0,0,2424.7400,340.3430,35.8932,1.29560,5.0
4075,0,0,0,2436.4400,231.0190,40.9451,2.19975,10.0
4075,0,0,0,2479.8100,-330.8320,70.3086,5.55719,5.0
4075,0,0,0,2483.6300,-894.8730,60.5115,2.73786,5.0
4075,0,0,0,2509.6700,-988.9760,79.4672,2.65290,10.0
4075,0,0,0,2511.4600,1260.3200,46.9639,2.56767,5.0
4075,0,0,0,2539.6400,495.9430,24.5441,0.12532,5.0
4075,0,0,0,2596.0400,504.5650,21.9181,5.60182,10.0
4075,0,0,0,2598.1800,570.7800,15.2937,3.16698,10.0
4075,0,0,0,2609.7200,-775.0890,77.4481,4.49312,5.0
4075,0,0,0,2615.9000,234.8020,35.0632,2.84640,5.0
4075,0,0,0,2656.0800,-258.3100,52.8551,6.27237,5.0
4075,0,0,0,2674.5600,-902.6210,73.8753,5.50331,10.0
4075,0,0,0,2682.8200,428.7110,20.8100,0.14894,5.0
4075,0,0,0,2689.2700,1340.4400,37.9345,5.40415,5.0
4075,0,0,0,2765.0300,70.7647,29.4801,1.98554,5.0
4075,0,0,0,2810.8500,379.2000,22.5940,5.21633,5.0
4075,0,0,0,2817.3200,74.2523,27.4170,6.14212,5.0
4075,0,0,0,2820.3500,-792.2320,147.3740,4.10611,5.0
4075,0,0,0,2821.6400,-180.7280,47.2100,2.38381,5.0
4075,0,0,0,2868.2400,416.1600,21.1971,5.37935,5.0
4075,0,0,0,2918.0800,-262.8210,40.4747,1.56353,10.0
4076,0,0,0,1014.5500,-1812.0800,77.3930,3.48145,10.0
4076,0,0,0,1118.2200,-1150.5500,60.5692,5.33760,10.0
4076,0,0,0,1644.1800,-1746.5500,60.4774,3.33387,10.0
4076,0,0,0,1714.1400,-1730.6800,60.3145,0.14918,10.0
4076,0,0,0,1722.4700,-1320.5400,61.6134,0.18859,10.0
4076,0,0,0,1930.5800,-1714.7700,61.6941,0.68909,10.0
4076,0,0,0,2060.7000,-1687.7100,60.6958,4.11444,10.0
4076,0,0,0,2134.4300,-1672.7300,64.3117,5.82569,10.0
4076,0,0,0,2229.7400,-1805.9400,67.3421,3.76300,10.0
4076,0,0,0,2388.2400,-1920.3500,109.2750,6.15641,10.0
4076,0,0,0,2612.2400,-1936.1400,81.6123,4.59288,10.0
4076,0,0,0,2646.7000,-1897.0100,73.6817,1.32644,10.0
4076,0,0,0,2693.9200,-1766.2500,105.8900,6.21337,0.0
4076,0,0,0,2763.1300,-1539.2200,142.4220,3.08673,10.0
4076,0,0,0,2794.4100,-1398.0900,147.1570,3.17509,10.0
4076,0,0,0,3038.1800,-1468.5900,147.5460,0.65870,10.0
4732,0,0,0,-9441.0200,-1391.2500,46.8758,2.21657,0.0
4772,0,0,0,-5523.2400,-1333.6000,398.5550,2.68781,0.0
4772,0,0,0,-5521.9200,-1347.1700,398.7470,4.03171,0.0
4953,0,0,0,-10858.9000,-4086.6300,22.0182,4.62742,5.0
4953,0,0,0,-10757.8000,-3842.5400,22.6241,1.63058,5.0
4953,0,0,0,-10590.9000,-3657.3900,17.3429,0.31804,5.0
4953,0,0,0,-10545.4000,-2889.0300,23.5688,4.59482,5.0
4953,0,0,0,-10540.7000,-3283.5800,26.9014,2.95493,5.0
4953,0,0,0,-10496.6000,-2800.2100,22.8551,3.81481,5.0
4953,0,0,0,-10485.2000,-3536.0900,19.4420,4.71629,5.0
4953,0,0,0,-10438.9000,-4173.7100,20.9866,4.19106,5.0
4953,0,0,0,-10340.6000,-3335.9900,23.1528,3.29068,5.0
4953,0,0,0,-10324.6000,-3426.7300,18.0274,5.74176,5.0
4953,0,0,0,-10277.8000,-4145.4300,17.6709,6.07938,5.0
4953,0,0,0,-10164.5000,-2909.7200,18.1830,5.65031,5.0
4953,0,0,0,-10155.4000,-3215.1500,23.0931,2.77232,5.0
4953,0,0,0,-10123.1000,-3315.7000,20.2896,5.14756,5.0
4953,0,0,0,-10067.9000,-3614.8700,17.7412,1.40718,5.0
4953,0,0,0,-10031.7000,-3535.9700,22.3377,3.08685,5.0
4953,0,0,0,-10024.4000,-3876.0700,17.4991,1.45212,5.0
4953,0,0,0,-9909.1900,-3780.5800,17.4991,3.97837,5.0
4959,0,0,0,-8981.7800,397.3600,75.9548,0.78540,0.0
4982,0,0,0,-8511.0000,860.4640,109.9390,3.79900,0.0
4984,0,0,0,-8779.0000,1093.3500,92.6110,4.81700,0.0
5386,0,0,0,-8851.0000,830.2460,104.7960,2.19300,0.0
5392,0,0,0,-5528.8700,-660.7400,393.4130,5.11381,0.0
5403,0,0,0,-9468.9000,46.1174,56.9090,4.43314,0.0
5403,0,0,0,-8933.8500,-166.9300,81.0317,0.00000,0.0
5403,0,0,0,-3659.5100,-753.6160,9.9751,5.63593,0.0
5403,0,0,0,2874.3400,-629.6110,137.9220,4.55531,0.0
5403,0,0,0,2877.4300,-630.2380,137.9220,4.43314,0.0
5404,0,0,0,-3635.9400,-724.1320,10.0070,4.32842,0.0
5405,0,0,0,-9440.4800,-1379.6000,46.9932,1.06465,0.0
5405,0,0,0,-3649.7700,-728.6120,15.2705,5.36092,0.0
5405,0,0,0,-779.2940,-610.0040,15.2348,2.33874,0.0
5406,0,0,0,-9472.9100,46.9770,56.8870,4.83456,0.0
5406,0,0,0,-3644.7300,-720.1120,9.9678,4.15388,0.0
5406,0,0,0,2871.5900,-628.9010,137.9220,4.59022,0.0
5406,0,0,0,2879.2100,-637.7710,137.9220,1.36136,0.0
5435,0,0,0,3221.2900,530.9950,-49.0322,6.16568,0.0
5435,0,0,0,3221.9000,1710.4700,-49.2366,0.71559,0.0
5435,0,0,0,3234.7800,1040.1600,-49.0336,2.08338,0.0
5568,0,0,0,-5490.5600,-454.0100,398.0210,3.78736,0.0
5607,0,0,0,-9349.7400,-2184.7600,62.3281,3.08923,0.0
5608,0,0,0,-9349.5700,-2186.4300,62.2727,2.91470,0.0
5612,0,0,0,-5640.0000,-528.8010,404.3790,1.71042,0.0
5651,0,0,0,1566.8000,275.3020,-43.0192,5.37561,0.0
5653,0,0,0,1732.0100,378.0160,-61.6867,0.02774,0.0
5654,0,0,0,1734.1200,374.9190,-61.5626,1.13446,0.0
5655,0,0,0,1725.8800,379.1220,-61.0246,0.24435,0.0
5656,0,0,0,1727.0000,382.0760,-61.5645,6.02139,0.0
5657,0,0,0,1738.0200,370.1220,-61.4697,2.26893,0.0
5658,0,0,0,1733.6600,368.9390,-60.7250,1.36136,0.0
5659,0,0,0,1725.7300,375.7200,-60.5538,0.45379,0.0
5660,0,0,0,1730.0900,370.8590,-60.4981,0.92502,0.0
5661,0,0,0,1739.1700,385.3290,-62.2080,3.96190,0.0
5663,0,0,0,1685.3300,421.1810,-62.2149,1.86750,0.0
5664,0,0,0,1693.7400,422.6570,-62.2149,1.85005,0.0
5665,0,0,0,1702.2100,424.5830,-62.2676,1.86750,0.0
5667,0,0,0,1836.9400,1633.4300,97.0169,5.86431,0.0
5668,0,0,0,1717.8200,303.1140,-61.4799,1.54469,0.0
5669,0,0,0,1717.1000,290.1810,-62.1068,5.02655,0.0
5670,0,0,0,1596.6200,340.4300,-62.0777,1.53766,0.0
5682,0,0,0,-731.4640,1450.7600,15.2000,4.90500,0.0
5690,0,0,0,2301.5200,-1.8889,23.2580,5.60251,0.0
5693,0,0,0,1782.9900,59.5277,-61.4065,3.14937,0.0
5697,0,0,0,1655.7400,367.3940,-60.7665,4.27606,0.0
5700,0,0,0,1661.5700,172.8400,-62.0540,2.77507,0.0
5701,0,0,0,1594.5100,129.2670,-62.0777,1.59302,0.0
5703,0,0,0,1789.6900,122.0070,-63.7599,1.11701,0.0
5704,0,0,0,1800.1000,124.7880,-63.7599,2.58309,0.0
5705,0,0,0,1786.8900,132.6040,-63.7599,5.84685,0.0
5706,0,0,0,1595.9000,130.3490,-62.0777,1.59303,0.0
5707,0,0,0,1597.3500,128.6840,-62.0777,1.59389,0.0
5724,0,0,0,2250.6200,248.9550,41.1981,6.02139,0.0
5725,0,0,0,2310.2200,398.0270,33.9949,3.33325,0.0
5731,0,0,0,1529.7300,210.6660,-62.0777,5.35570,0.0
5732,0,0,0,1535.9100,275.8390,-62.1765,0.02236,0.0
5733,0,0,0,1543.3100,362.0020,-62.1596,3.72629,0.0
5734,0,0,0,1402.2900,364.7490,-84.8680,4.03171,0.0
5735,0,0,0,1401.9300,361.8170,-84.8680,0.12217,0.0
5735,0,0,0,1405.8200,375.3810,-84.8680,4.83456,0.0
5736,0,0,0,1400.8500,363.2420,-84.8680,1.11701,0.0
5736,0,0,0,1404.7800,378.3980,-84.8680,5.28835,0.0
5738,0,0,0,1403.8500,376.6780,-84.8680,5.79449,0.0
5744,0,0,0,1485.3500,160.4390,-60.6820,2.26821,0.0
5747,0,0,0,1514.8100,238.4360,-62.0777,1.81138,0.0
5748,0,0,0,1166.9600,2063.9900,5.4826,1.29154,0.0
5749,0,0,0,1836.7700,1641.0400,97.7113,5.13127,0.0
5750,0,0,0,2252.7000,251.9220,41.1981,5.14872,0.0
5753,0,0,0,1775.0000,50.9962,-61.4065,6.21337,0.0
5754,0,0,0,1705.5000,205.8570,-62.0755,4.32842,0.0
5757,0,0,0,243.8020,1643.2700,142.3600,4.90438,0.0
5758,0,0,0,-635.2470,1186.6500,77.7776,3.89208,0.0
5759,0,0,0,2246.0900,239.8490,34.3437,0.71559,0.0
5886,0,0,0,553.0800,1600.1400,129.2080,4.04916,0.0
5897,0,0,0,393.3300,1849.1100,12.1038,3.08923,0.0
5897,0,0,0,401.5240,1862.7900,11.5299,1.01229,0.0
5897,0,0,0,401.9180,1834.8500,12.5727,1.04720,0.0
5897,0,0,0,412.1130,1850.1100,11.5968,2.93215,0.0
5897,0,0,0,414.9360,1820.7000,12.6619,2.58309,0.0
5897,0,0,0,428.1810,1842.1300,12.4641,3.21141,0.0
5897,0,0,0,437.4590,1855.1200,10.7267,4.86947,0.0
5897,0,0,0,437.8310,1832.0000,12.4852,4.34587,0.0
5917,0,0,0,-9266.1200,354.4000,76.6919,2.29450,0.0
6033,0,0,0,519.4940,536.3580,14.8352,1.43117,0.0
6033,0,0,0,524.2280,462.1770,18.8047,1.60570,0.0
6033,0,0,0,527.8140,637.3100,12.2284,1.06465,0.0
6033,0,0,0,546.2340,392.9040,18.1509,2.58309,0.0
6033,0,0,0,573.5330,702.2900,19.3036,5.11381,0.0
6033,0,0,0,591.9690,286.3000,19.5015,3.83972,0.0
6033,0,0,0,625.1850,771.9860,15.4978,0.55851,0.0
6033,0,0,0,649.3300,234.8950,16.7099,5.32325,0.0
6033,0,0,0,715.1720,128.6410,25.5884,5.61996,0.0
6033,0,0,0,809.6810,867.5960,10.7001,5.25344,0.0
6033,0,0,0,853.7650,-8.3628,25.6573,2.75762,0.0
6033,0,0,0,869.1110,931.5800,10.6478,6.00393,0.0
6033,0,0,0,871.0620,856.7560,13.3644,0.00000,0.0
6033,0,0,0,919.6480,14.9025,23.5764,3.40339,0.0
6033,0,0,0,961.2130,926.1100,11.7743,1.08210,0.0
6033,0,0,0,987.5070,-74.3916,22.0636,4.15388,0.0
6033,0,0,0,1035.1000,906.1140,18.1123,4.03171,0.0
6033,0,0,0,1052.8600,-114.3640,21.9345,0.52360,0.0
6033,0,0,0,1180.5100,814.7020,17.9720,0.00000,0.0
6033,0,0,0,1181.1100,117.3200,25.6005,4.39823,0.0
6033,0,0,0,1210.5100,-151.8030,24.8701,2.53073,0.0
6033,0,0,0,1214.0200,650.7350,9.1032,1.50098,0.0
6033,0,0,0,1247.3400,583.5720,16.4926,5.86431,0.0
6033,0,0,0,1262.9400,462.5040,12.0284,5.16617,0.0
6033,0,0,0,1273.1900,262.8700,-6.4508,3.68265,0.0
6033,0,0,0,1282.7900,183.9620,-8.1753,0.19199,0.0
6033,0,0,0,1288.6400,54.7773,-11.8312,4.64258,0.0
6033,0,0,0,1311.7500,379.1240,16.8386,3.29867,0.0
6033,0,0,0,1314.0700,313.4130,-12.1030,1.43117,0.0
6033,0,0,0,1344.0200,450.6130,9.8148,4.88692,0.0
6090,0,0,0,-8604.4700,389.1020,103.0250,5.67232,0.0
6093,0,0,0,-9768.7400,-1566.1800,41.7361,4.08065,0.0
6113,0,0,0,-5780.0000,431.3910,426.6980,0.93700,0.0
6119,0,0,0,-5642.6500,-529.1400,404.3570,0.00000,0.0
6121,0,0,0,-9473.4300,-8.5882,49.8779,6.23082,0.0
6123,0,0,0,-5924.4200,-2037.0600,408.3490,0.27304,0.0
6123,0,0,0,-5924.2800,-2009.0300,409.3570,1.97575,0.0
6123,0,0,0,-5921.7000,-1979.5700,406.1470,3.15060,0.0
6123,0,0,0,-5915.8600,-2029.1100,408.3490,1.56111,0.0
6123,0,0,0,-5908.1400,-2040.6700,406.7340,2.98672,0.0
6123,0,0,0,-5889.9700,-2007.8900,405.7410,1.76911,0.0
6123,0,0,0,-5886.0100,-2049.3500,402.9620,4.38014,0.0
6123,0,0,0,-5877.5700,-1988.2300,401.3660,4.97435,0.0
6123,0,0,0,-5862.3800,-2012.7700,401.1990,3.22863,0.0
6123,0,0,0,-5847.4900,-2046.0100,402.3080,3.64774,5.0
6123,0,0,0,-5845.5300,-1985.8900,401.2410,5.98154,0.0
6123,0,0,0,-5824.9800,-2010.7500,401.9340,3.59274,5.0
6124,0,0,0,-5920.4500,-2034.1900,400.8330,3.29867,0.0
6172,0,0,0,-9129.5900,-984.3130,76.1811,2.05949,0.0
6173,0,0,0,-8516.0000,862.6540,109.9390,6.20600,0.0
6174,0,0,0,-8832.2700,613.7060,94.2841,2.05949,0.0
6175,0,0,0,-5015.1900,-1054.0300,501.7330,1.27628,0.0
6177,0,0,0,-5784.3200,-2055.2200,408.2320,0.05236,0.0
6178,0,0,0,-4613.0300,-899.6940,524.7780,3.17650,0.0
6182,0,0,0,-11482.3000,1557.4100,48.7058,4.28651,0.0
6241,0,0,0,-5313.5900,-2985.5000,322.2040,0.94248,0.0
6267,0,0,0,-8962.7100,1043.5800,53.5480,3.93008,0.0
6271,0,0,0,-11187.2000,1759.6700,36.0294,0.32143,5.0
6271,0,0,0,-11074.9000,1878.9800,35.1735,5.69518,10.0
6271,0,0,0,-10658.5000,1202.9700,34.9344,4.57919,10.0
6271,0,0,0,-10411.2000,909.7650,43.3136,4.19269,5.0
6289,0,0,0,2029.0800,69.7176,34.4594,0.82030,0.0
6293,0,0,0,1635.4000,144.8830,-62.0546,6.03884,0.0
6294,0,0,0,-4618.8000,-1300.1200,503.4650,0.48869,0.0
6306,0,0,0,-9380.2300,-69.5295,64.5206,4.55531,0.0
6328,0,0,0,-5639.4000,-526.5890,403.9140,4.20288,0.0
6367,0,0,0,-9176.5000,0.7041,80.4761,5.79449,0.0
6368,0,0,0,-9188.4000,5.3007,78.1142,1.12691,5.0
6368,0,0,0,-9185.8400,-6.2637,78.1132,3.85509,5.0
6368,0,0,0,-9180.5000,13.5264,79.2606,5.98203,5.0
6368,0,0,0,-9177.5500,-10.9676,79.1202,0.20846,5.0
6368,0,0,0,-9167.8000,17.7601,78.9207,4.27481,5.0
6368,0,0,0,-9164.4400,-6.8326,79.4985,3.37061,5.0
6368,0,0,0,-9163.1300,7.7383,79.0701,3.57267,5.0
6368,0,0,0,-9159.2300,-1.8404,79.4969,6.06882,5.0
6368,0,0,0,-9156.6300,15.9581,78.5701,1.64355,5.0
6368,0,0,0,-1855.7200,-4117.6200,13.0457,5.23730,0.0
6368,0,0,0,-1839.9900,-4245.7200,2.1357,1.15007,0.0
6373,0,0,0,-8927.6200,-201.7870,80.6824,2.26893,0.0
6374,0,0,0,-9466.9700,-5.5293,49.8766,4.57276,0.0
6376,0,0,0,-6049.4000,383.6000,398.9580,3.05433,0.0
6492,0,0,0,-9112.8200,840.8370,98.9648,3.55695,0.0
6492,0,0,0,-9110.8500,830.7380,97.6299,3.31741,0.0
6492,0,0,0,-9106.6400,838.2200,105.1200,3.30955,0.0
6492,0,0,0,-9099.6700,838.2600,105.2250,5.49060,0.0
6492,0,0,0,-9098.4400,832.9420,97.7304,6.13699,0.0
6492,0,0,0,1401.5500,365.9220,-66.0367,2.66709,0.0
6492,0,0,0,1402.5800,342.8680,-66.0167,4.58503,0.0
6492,0,0,0,1406.4600,355.1530,-65.9258,5.85502,0.0
6492,0,0,0,1412.9700,343.7820,-65.9004,4.86227,0.0
6492,0,0,0,1418.0500,366.8240,-66.0008,0.38550,0.0
6492,0,0,0,1420.4500,355.2460,-65.9999,5.49688,0.0
6497,0,0,0,532.0710,1473.9500,109.7610,5.49720,0.0
6522,0,0,0,1389.3400,347.3150,-65.9567,0.71559,0.0
6569,0,0,0,-4835.9700,-1260.5800,501.9510,4.55531,0.0
6570,0,0,0,716.4120,948.5380,34.8558,2.04436,0.0
6577,0,0,0,-5368.9900,-3746.9700,304.7970,2.00713,0.0
6579,0,0,0,-8391.0000,634.7640,94.8900,3.19400,0.0
6653,0,0,0,-10722.6000,-3933.4000,17.8844,6.08656,5.0
6653,0,0,0,-10587.0000,-4114.7000,17.4991,2.34685,5.0
6653,0,0,0,-10472.6000,-2560.1100,19.7476,0.01586,5.0
6653,0,0,0,-10459.6000,-3556.0900,17.5642,3.46623,5.0
6653,0,0,0,-10427.3000,-2839.5700,17.4772,2.15765,5.0
6653,0,0,0,-10362.7000,-3162.1500,17.4237,0.61874,5.0
6653,0,0,0,-10299.4000,-2927.1400,18.6137,0.12726,5.0
6653,0,0,0,-10178.8000,-2521.6200,28.5656,1.59910,5.0
6653,0,0,0,-9921.7000,-4066.0400,17.4991,4.80227,5.0
6653,0,0,0,-9836.6700,-3914.6900,18.1768,1.17615,5.0
6670,0,0,0,-10661.3000,1113.1600,34.2967,4.15388,0.0
6670,0,0,0,-10656.2000,1126.8700,34.2967,5.60251,0.0
6670,0,0,0,-10654.6000,1176.4900,46.2041,6.26573,0.0
6670,0,0,0,-10650.8000,1128.6100,34.2986,4.43314,0.0
6670,0,0,0,-10648.6000,1165.7900,46.7220,1.88496,0.0
6670,0,0,0,-10646.3000,1113.3500,35.7274,0.92502,0.0
6670,0,0,0,-10641.3000,1177.6600,47.4244,3.56047,0.0
6670,0,0,0,-10635.5000,1192.8400,34.7800,6.13178,0.0
6728,0,0,0,-9224.1800,-2157.7000,64.0168,2.61799,0.0
6774,0,0,0,-9044.5600,-45.9817,88.4193,3.08923,0.0
6778,0,0,0,-9471.9400,27.4077,56.4228,5.58505,0.0
6782,0,0,0,-6248.8400,135.0420,431.6730,1.57080,0.0
6784,0,0,0,2126.6500,1305.9800,53.9885,2.83146,0.0
6785,0,0,0,2265.1700,238.8360,34.3402,2.46091,0.0
6806,0,0,0,-5590.8100,-523.3440,399.7350,5.49779,0.0
6846,0,0,0,-9959.2400,-132.4000,25.4704,3.91556,0.0
6886,0,0,0,-5336.6600,562.8180,395.8970,6.09120,0.0
6927,0,0,0,-9960.0700,-154.1300,21.9752,5.60729,0.0
6927,0,0,0,-9958.6100,-153.2700,22.3896,5.70390,0.0
6927,0,0,0,-9958.0200,-155.2970,22.3585,5.67327,0.0
6966,0,0,0,-9328.4500,-2180.0200,64.0383,1.93731,0.0
7381,0,0,0,-9173.9400,1.3017,80.3945,6.09201,0.0
7382,0,0,0,-9170.2500,2.4675,80.4049,1.56278,0.0
7384,0,0,0,-9175.3300,3.8726,80.4912,4.33778,0.0
7385,0,0,0,-9173.6000,-0.2529,80.3948,1.99512,0.0
7386,0,0,0,-8632.0500,921.2790,99.4830,3.89780,0.0
7389,0,0,0,-14336.0000,427.1710,6.6430,5.72989,0.0
7390,0,0,0,-14332.5000,425.1020,6.6346,2.30658,0.0
7395,0,0,0,1593.1000,226.8230,-61.9931,1.82117,1.0
7395,0,0,0,1593.4000,224.5710,-62.0000,5.83773,1.0
7395,0,0,0,1594.6600,226.6010,-61.9927,0.94660,1.0
7395,0,0,0,1597.1500,226.0080,-61.9947,1.48547,1.0
7395,0,0,0,1597.6200,223.9660,-62.0020,3.37374,1.0
7395,0,0,0,1597.8800,226.7950,-61.9928,3.11733,1.0
8023,0,0,0,-255.5490,-3630.3200,239.5990,5.77704,0.0
8416,0,0,0,-6098.0900,396.0740,395.6400,5.66209,0.0
8503,0,0,0,-5294.8400,580.4690,388.2760,5.71317,20.0
8503,0,0,0,-5065.9700,453.9390,410.4910,1.44000,20.0
8508,0,0,0,-5343.1800,248.9870,388.2150,4.48550,0.0
8666,0,0,0,-8634.5100,918.9610,99.3550,3.83299,0.0
8881,0,0,0,-3796.5400,-830.0030,9.7377,3.17650,0.0
8881,0,0,0,-3796.5300,-827.7170,9.8649,3.42085,0.0
8885,0,0,0,-599.3650,-4579.1500,9.9334,3.56047,0.0
8962,0,0,0,-9351.5200,-2205.5600,62.1914,3.24631,0.0
8963,0,0,0,-9351.2400,-2204.4500,62.1808,4.85202,0.0
8965,0,0,0,-9351.6200,-2207.2600,62.1803,3.08923,0.0
9296,0,0,0,-8850.2900,-224.0300,81.7778,4.93928,0.0
9553,0,0,0,566.3090,1559.6000,132.6020,3.61283,0.0
9699,0,0,0,-8384.9000,-951.7770,198.6390,2.17832,5.0
9699,0,0,0,-8250.1700,-1963.8800,147.6850,3.44296,10.0
9699,0,0,0,-8207.1700,-2162.5000,135.9070,1.85365,5.0
9699,0,0,0,-8193.4600,-768.2380,125.7920,2.81382,5.0
9699,0,0,0,-8164.8300,-1649.5100,138.4800,4.27234,5.0
9699,0,0,0,-8162.2000,-2649.5300,133.8120,3.19633,5.0
9699,0,0,0,-8152.0100,-1456.1500,136.1750,4.33007,5.0
9699,0,0,0,-8141.3300,-1872.6300,136.5020,3.08490,5.0
9699,0,0,0,-8112.7400,-2383.5800,130.1710,2.55900,5.0
9699,0,0,0,-8087.2200,-1730.1700,132.0750,4.93002,5.0
9699,0,0,0,-8079.5000,-1581.1400,139.4910,3.69440,5.0
9699,0,0,0,-7998.5900,-817.5190,131.2620,3.77728,5.0
9699,0,0,0,-7989.5200,-2200.6900,129.6980,4.52764,5.0
9699,0,0,0,-7969.9200,-2888.8800,135.2170,5.65023,0.0
9699,0,0,0,-7967.3200,-2380.1700,124.0410,3.18852,5.0
9699,0,0,0,-7945.4400,-1424.1800,135.8280,5.22499,0.0
9699,0,0,0,-7872.1000,-2596.2100,225.3010,4.98532,5.0
9699,0,0,0,-7755.5600,-1541.5600,132.5030,2.03142,5.0
9699,0,0,0,-7735.6200,-2244.5900,135.6830,2.45311,5.0
9699,0,0,0,-7701.4400,-2888.7800,131.8300,3.38671,5.0
9699,0,0,0,-7639.2000,-2746.9400,132.3560,0.03319,5.0
9699,0,0,0,-7610.8000,-2562.5100,133.1820,1.02669,5.0
9699,0,0,0,-7351.0700,-1642.9700,292.7940,3.22748,10.0
9699,0,0,0,-7220.6200,-800.5810,309.3740,2.95685,10.0
9699,0,0,0,-7183.3200,-983.5050,244.0140,6.17755,10.0
9699,0,0,0,-7170.4900,-1113.8700,242.8330,0.65522,10.0
9699,0,0,0,-7159.8300,-1292.2800,249.0940,0.09953,10.0
9699,0,0,0,-7149.8900,-1715.1400,243.1690,5.10958,10.0
9699,0,0,0,-7139.2000,-1423.6400,242.5940,2.17449,10.0
9699,0,0,0,-7136.9300,-1537.6500,241.1340,6.09844,10.0
9699,0,0,0,-7118.4000,-1386.6600,240.5120,0.52133,10.0
9699,0,0,0,-7095.5100,-1056.3400,240.9160,4.01139,10.0
9699,0,0,0,-7094.2100,-1713.5800,242.8030,3.31379,10.0
9699,0,0,0,-7032.0700,-1442.2500,241.8820,4.07513,10.0
9699,0,0,0,-7013.1500,-1045.3700,241.2130,0.75226,10.0
9699,0,0,0,-7005.9100,-1635.4100,244.6790,4.78078,10.0
9699,0,0,0,-6980.5600,-1614.2300,242.5640,3.99256,10.0
9699,0,0,0,-6938.9000,-953.2450,241.7440,4.18991,10.0
9699,0,0,0,-6925.6700,-1367.1800,169.4320,5.21222,10.0
9699,0,0,0,-6917.5500,-1854.6800,251.0730,6.06628,10.0
9699,0,0,0,-6767.8900,-1088.1300,241.9580,1.96905,10.0
9699,0,0,0,-6759.4200,-1543.4200,196.2760,3.41264,10.0
9699,0,0,0,-6752.6900,-949.7580,245.4050,3.02403,10.0
9699,0,0,0,-6710.3200,-1323.3400,144.9330,5.03093,10.0
9699,0,0,0,-6706.4800,-1478.2800,240.8250,5.95093,10.0
9699,0,0,0,-6677.3500,-1412.3700,241.6130,5.32861,10.0
9699,0,0,0,-6654.7300,-1572.8700,243.9790,1.16380,10.0
9699,0,0,0,-6644.3200,-1845.1900,246.9990,4.82779,10.0
9699,0,0,0,-6640.9900,-861.6390,244.2880,4.79905,10.0
9699,0,0,0,-6622.9800,-890.7970,244.7120,5.77059,10.0
9699,0,0,0,-6538.2900,-1963.0800,245.9830,5.10391,10.0
9699,0,0,0,-6492.9200,-1114.8600,305.2340,3.76593,10.0
9699,0,0,0,-6489.3600,-1608.5600,309.6360,2.29624,0.0
9699,0,0,0,-6392.4900,-1989.1700,247.0890,2.08244,10.0
9700,0,0,0,-8491.9000,-2571.0700,131.0870,3.12154,5.0
9700,0,0,0,-8402.3600,-2473.4200,131.4620,2.88983,5.0
9700,0,0,0,-8344.9200,-1288.9500,207.8040,1.88147,5.0
9700,0,0,0,-8253.5200,-1861.7300,143.7510,2.45883,5.0
9700,0,0,0,-8252.9100,-1710.9800,139.9400,3.62850,5.0
9700,0,0,0,-8244.1100,-1112.7400,141.3260,0.83986,5.0
9700,0,0,0,-8228.0800,-2327.0500,148.6660,3.15878,5.0
9700,0,0,0,-8223.8000,-1313.3800,141.7340,5.42242,5.0
9700,0,0,0,-8156.0100,-1290.2100,131.6220,1.88863,5.0
9700,0,0,0,-8148.5200,-2014.9900,129.7450,3.76767,5.0
9700,0,0,0,-8020.6600,-2546.3200,150.0010,0.50558,5.0
9700,0,0,0,-8018.4600,-1622.1400,129.7450,4.79243,5.0
9700,0,0,0,-8018.1500,-1774.7800,130.1050,6.26123,5.0
9700,0,0,0,-7985.3700,-1879.0500,129.8110,4.69635,5.0
9700,0,0,0,-7945.8900,-1240.7900,123.8120,0.51937,5.0
9700,0,0,0,-7930.9400,-2574.2600,213.5410,3.04952,5.0
9700,0,0,0,-7915.5700,-1302.6200,123.8120,0.55493,5.0
9700,0,0,0,-7906.2600,-954.6480,124.1530,2.01877,5.0
9700,0,0,0,-7882.1100,-1561.7900,131.1740,4.35345,5.0
9700,0,0,0,-7848.3000,-907.1170,123.6740,0.55723,5.0
9700,0,0,0,-7795.3700,-2520.1900,140.6920,3.99378,5.0
9700,0,0,0,-7777.5600,-2083.1700,131.3560,3.69543,5.0
9700,0,0,0,-7716.9400,-1761.9200,131.2810,0.16476,5.0
9700,0,0,0,-7702.3000,-2635.7800,140.1470,4.39867,5.0
9700,0,0,0,-7676.9900,-1330.5700,123.8120,3.55038,5.0
9700,0,0,0,-7654.8600,-733.8410,176.2380,2.38635,5.0
9700,0,0,0,-7651.6600,-2082.2300,124.1890,3.64834,5.0
9700,0,0,0,-7643.6600,-2194.5700,132.1140,6.20324,5.0
9700,0,0,0,-7642.0400,-2342.2900,131.4870,6.02661,5.0
9700,0,0,0,-7614.5300,-700.9160,178.1530,4.66905,5.0
9700,0,0,0,-7613.4700,-1393.5400,139.7820,6.25480,5.0
9700,0,0,0,-7579.8200,-840.9430,174.2800,5.68020,5.0
9700,0,0,0,-7577.8900,-1417.8900,166.1850,4.36282,5.0
9700,0,0,0,-7542.7100,-2186.4600,131.7890,6.28206,5.0
9700,0,0,0,-7535.6200,-2177.2200,131.7890,2.61061,5.0
9700,0,0,0,-7529.9700,-2116.6300,130.2400,1.80198,5.0
9700,0,0,0,-7259.4700,-1129.9300,275.5050,4.15130,5.0
9700,0,0,0,-7243.9100,-1637.1600,267.8540,4.81614,5.0
9700,0,0,0,-7243.0700,-1175.5800,268.0690,1.77389,5.0
9700,0,0,0,-7210.7400,-1022.3900,239.9930,5.12625,5.0
9700,0,0,0,-7209.5500,-1096.0900,248.9380,1.51216,5.0
9700,0,0,0,-7193.4600,-1621.0200,243.9780,3.80932,5.0
9700,0,0,0,-7190.1200,-1184.5900,246.5070,4.15255,5.0
9700,0,0,0,-7148.8400,-1054.6500,238.5090,0.69208,10.0
9700,0,0,0,-7046.9800,-1009.4900,241.2420,5.58977,0.0
9700,0,0,0,-7038.6800,-944.2630,264.7690,2.29533,5.0
9700,0,0,0,-7029.8500,-1495.1600,241.3290,4.02515,5.0
9700,0,0,0,-7008.4700,-1353.9900,239.5110,0.83203,5.0
9700,0,0,0,-6959.7100,-1220.7500,144.5060,4.97301,10.0
9700,0,0,0,-6906.6400,-1511.5400,193.2320,3.14513,5.0
9700,0,0,0,-6885.8600,-1581.1000,244.6370,2.94113,5.0
9700,0,0,0,-6865.4900,-1430.6300,160.3030,0.95999,5.0
9700,0,0,0,-6806.1600,-1340.1500,167.3920,5.14222,5.0
9700,0,0,0,-6800.7400,-1519.6200,176.9410,4.36355,5.0
9700,0,0,0,-6775.5300,-1615.7800,190.6220,1.42365,5.0
9700,0,0,0,-6748.4300,-1012.3600,238.1150,1.51934,5.0
9700,0,0,0,-6707.1400,-1178.1700,240.4320,0.33831,5.0
9700,0,0,0,-6688.0600,-1575.9200,190.2710,0.83503,5.0
9700,0,0,0,-6680.1700,-1288.1700,242.0500,5.51853,5.0
9700,0,0,0,-6611.7800,-1292.6200,264.7350,1.43331,5.0
9700,0,0,0,-6498.9600,-972.5370,335.1900,4.71239,5.0
10356,0,0,0,2567.3000,1230.2800,65.7738,0.45265,0.0
10357,0,0,0,1802.0400,1096.5900,42.1426,5.13934,0.0
10358,0,0,0,2013.6700,-353.7640,35.5772,3.17405,0.0
10359,0,0,0,2287.7200,-950.5960,78.1224,2.84331,0.0
10610,0,0,0,-6009.2500,-202.6500,406.9830,1.58825,0.0
10611,0,0,0,-6007.4600,-202.1580,407.4480,2.47837,0.0
10616,0,0,0,-9469.7900,-1289.2200,41.1855,3.24631,0.0
10665,0,0,0,2326.3100,398.8180,33.6847,6.25477,0.0
10716,0,85,2118,2290.5200,287.5000,81.4823,2.72271,0.0
10716,0,85,2118,2291.8400,292.1710,81.5713,2.86234,0.0
10716,0,85,2118,2293.2000,296.4730,81.7742,2.75762,0.0
10716,0,85,2118,2295.2200,281.9720,81.7218,3.97935,0.0
10716,0,85,2118,2298.5000,299.8170,81.8604,0.97738,0.0
10716,0,85,2118,2299.5800,280.7060,81.6103,4.29351,0.0
10716,0,85,2118,2303.2900,298.1270,82.2253,1.22173,0.0
10716,0,85,2118,2303.5700,279.7540,81.6749,4.74729,0.0
10716,0,85,2118,2308.9700,297.2320,81.7615,1.22173,0.0
10716,0,85,2118,2309.1000,282.2810,81.0983,6.05629,0.0
10716,0,85,2118,2309.6400,287.9670,81.8520,5.91667,0.0
10716,0,85,2118,2311.4600,292.3250,81.2885,0.38397,0.0
10778,0,0,0,1817.1400,-1234.5700,65.1924,2.42601,0.0
10779,0,0,0,59.7850,694.0110,63.7284,2.69876,10.0
10779,0,0,0,144.6730,1289.8700,69.2119,2.51123,10.0
10779,0,0,0,1097.7400,-1258.4500,62.2299,3.70894,10.0
10779,0,0,0,1318.7400,1275.2500,49.1126,4.68896,10.0
10779,0,0,0,1799.3900,-1720.6100,59.5549,4.60391,10.0
10779,0,0,0,1992.5100,-1691.0300,59.6450,2.12441,10.0
10779,0,0,0,2137.8700,-1672.9000,64.2316,6.24811,10.0
10779,0,0,0,2260.6800,-1831.7400,78.1471,1.66107,10.0
10779,0,0,0,2469.5600,-1953.8100,108.9600,4.16626,10.0
10780,0,0,0,-483.7130,1281.9200,46.8461,4.93489,0.0
10780,0,0,0,975.4270,1704.6300,15.5029,3.60705,10.0
10780,0,0,0,1037.8500,-1464.7800,64.3293,5.22499,5.0
10780,0,0,0,1054.7300,-1362.3000,68.7729,1.60619,10.0
10780,0,0,0,1206.7200,-1136.1300,61.4367,5.16495,10.0
10780,0,0,0,1788.7900,-1361.3500,63.5684,4.98104,5.0
10780,0,0,0,1890.4800,-1405.0000,59.2618,5.04518,10.0
10780,0,0,0,2341.5300,-1908.3700,98.4902,0.81660,10.0
10780,0,0,0,2535.3200,-1925.4400,95.4492,5.17691,5.0
10780,0,0,0,2713.7100,-1828.3400,79.4159,2.64901,5.0
10780,0,0,0,2829.2900,-1502.3100,146.2500,3.10537,5.0
10803,0,0,0,-6008.5300,-199.1450,406.6870,4.37218,0.0
10804,0,0,0,-6010.6700,-199.4340,406.8930,5.53269,0.0
10805,0,0,0,-6007.3000,-200.3480,406.7770,3.28222,0.0
10877,0,0,0,-4998.6800,-1155.7000,501.7600,4.77808,0.0
10879,0,0,0,1570.3500,214.6720,-59.1599,3.91497,0.0
10902,0,0,0,1314.0800,-1305.3300,63.7871,1.32645,0.0
10903,0,0,0,1467.7300,-1403.4700,67.0566,5.14872,0.0
10904,0,0,0,1553.4600,-1488.1100,67.7152,2.11185,0.0
10905,0,0,0,1329.9300,-1587.9600,61.1981,2.46091,0.0
10926,0,0,0,1456.3200,-3596.4400,86.9627,0.04103,0.0
10927,0,0,0,1114.2000,-1697.4400,67.5886,0.56995,0.0
11152,0,0,0,1474.8600,-1867.6500,58.6227,1.72788,0.0
11152,0,0,0,1680.6000,-2282.7700,59.1679,5.88176,0.0
11152,0,0,0,1726.7900,-1179.0000,59.3389,5.63741,0.0
11152,0,0,0,1867.2500,-1563.5100,59.4606,2.53073,0.0
11156,0,0,0,2250.7400,333.7480,35.2725,5.58505,0.0
11260,0,0,0,-8967.4100,-203.3620,75.5193,2.50597,0.0
11260,0,0,0,-8932.2200,-240.4870,79.4929,2.99685,0.0
11260,0,0,0,-8891.6100,-275.4770,80.0948,4.86014,0.0
11260,0,0,0,-8856.8900,-252.4010,81.1950,5.37848,0.0
11260,0,0,0,-8840.3600,-271.2900,80.9749,1.13804,0.0
11282,0,0,0,1113.5900,-2555.5900,59.2532,3.50681,0.0
11283,0,0,0,1111.4900,-2556.4000,59.2532,0.36522,0.0
11328,0,0,0,-9536.2100,-1273.0500,43.5297,2.93691,0.0
11328,0,0,0,-9535.6500,-1329.8100,47.3419,1.93900,0.0
11328,0,0,0,-9535.3000,-1304.7000,44.7020,5.26945,0.0
11328,0,0,0,-9529.3200,-1323.6700,45.8948,2.70969,0.0
11328,0,0,0,-9523.2100,-1290.2500,44.1174,5.23877,0.0
11750,0,0,0,1478.9000,445.5450,-62.6135,1.36136,0.0
11776,0,0,0,14.9235,-1629.4700,189.4980,4.93305,0.0
11807,0,0,0,-5334.8600,254.8260,388.2600,1.93209,0.0
11936,0,0,0,1206.1400,-2411.5200,61.2246,2.63031,0.0
11940,0,0,0,-8908.3100,-108.5210,81.9314,4.13643,0.0
11941,0,0,0,-6230.3900,320.4460,383.1440,0.92502,0.0
11945,0,0,0,2286.3400,247.7980,41.1148,3.00922,0.0
11996,0,0,0,-9318.4400,270.6250,68.1097,3.52786,0.0
12202,0,0,0,1842.7900,-3220.8700,121.1290,3.59538,5.0
12202,0,0,0,1849.5100,-3204.8200,126.4320,3.03687,5.0
12202,0,0,0,1853.3800,-3213.8200,124.8500,2.33874,5.0
12202,0,0,0,1853.6800,-3226.1300,121.9280,5.53269,5.0
12202,0,0,0,1868.1900,-3228.6200,124.5460,3.36848,5.0
12202,0,0,0,1885.7500,-3228.7800,120.6750,5.46288,5.0
12202,0,0,0,1889.2500,-3203.5600,125.6630,4.79965,5.0
12202,0,0,0,1894.4200,-3217.2400,123.0610,0.20944,5.0
12244,0,0,0,3234.3500,-3094.7800,161.4230,5.56760,0.0
12247,0,0,0,2803.0400,-3759.5100,125.5060,2.30383,0.0
12247,0,0,0,2855.4900,-3232.3200,134.2700,1.39626,0.0
12247,0,0,0,3006.0600,-3433.5800,149.7910,2.46091,0.0
12247,0,0,0,3124.3600,-3868.7600,138.4460,0.99484,0.0
12247,0,0,0,3179.9500,-3320.3600,165.2430,0.36652,0.0
12247,0,0,0,3182.8300,-3461.3000,167.4780,3.24631,0.0
12247,0,0,0,3234.9600,-3095.3100,161.4230,6.03884,0.0
12247,0,0,0,3292.4300,-3643.5300,148.9380,3.85718,0.0
12249,0,0,0,2855.6200,-3232.5700,134.2700,0.33161,0.0
12251,0,0,0,3180.1400,-3320.5200,165.2430,0.05236,0.0
12252,0,0,0,3182.8500,-3461.1300,167.4780,5.77704,0.0
12253,0,0,0,3006.1500,-3433.5400,149.7910,5.18363,0.0
12254,0,0,0,3292.5300,-3643.5200,148.9380,1.08210,0.0
12255,0,0,0,3124.3400,-3868.7800,138.4460,2.70526,0.0
12256,0,0,0,2802.7900,-3759.6300,125.5060,5.07891,0.0
12341,0,0,0,2245.0200,326.5460,35.2725,5.55015,0.0
12342,0,0,0,2256.1300,329.3350,35.2725,5.56760,0.0
12343,0,0,0,2250.2600,322.0250,35.2725,5.63741,0.0
12363,0,0,0,-5458.5300,-613.9690,393.8410,5.51524,0.0
12364,0,0,0,-5459.6600,-623.1260,393.5140,0.51586,0.0
12365,0,0,0,-5461.1600,-619.5980,393.5960,0.20944,0.0
12366,0,0,0,-5455.7500,-612.8970,394.2530,4.95674,0.0
12367,0,0,0,-5460.7600,-616.1670,393.6800,6.02139,0.0
12368,0,0,0,-5454.3200,-612.6490,394.4780,4.66003,0.0
12372,0,0,0,-5524.5300,-1354.1000,398.6940,1.43896,0.0
12372,0,0,0,-5509.6300,-1323.8900,397.5160,2.32328,0.0
12373,0,0,0,-5534.7200,-1349.2700,398.7690,4.74149,0.0
12373,0,0,0,-5505.4200,-1320.1800,397.5160,3.25541,0.0
12374,0,0,0,-5525.7400,-1363.5600,398.6940,1.88225,0.0
12374,0,0,0,-5499.5200,-1322.3700,397.5160,0.22418,1.0
12375,0,0,0,-9438.2600,-1405.1300,47.0492,4.74729,0.0
12375,0,0,0,-3643.8600,-755.8050,9.9751,4.27265,0.0
12375,0,0,0,-779.1030,-600.7300,15.2348,5.49779,0.0
12376,0,0,0,-9432.7500,-1389.0300,46.7454,0.52360,0.0
12376,0,0,0,-3638.6600,-714.8300,9.9453,4.29351,0.0
12376,0,0,0,-786.3150,-607.0300,15.2348,5.46288,0.0
12423,0,0,0,-9514.6100,-135.6520,60.4096,5.39307,0.0
12427,0,0,0,-5668.6900,-454.0900,394.4670,1.79769,0.0
12428,0,0,0,2436.8100,359.0720,33.3520,0.12217,0.0
12431,0,0,0,1452.7000,949.9160,60.6819,1.01447,0.0
12432,0,0,0,212.5230,1188.4800,69.7485,1.24495,0.0
12433,0,0,0,1435.5900,1950.6100,9.9908,6.10486,0.0
12658,0,0,0,-3906.4200,-609.0370,5.2118,4.76475,0.0
12738,0,0,0,-6371.1300,571.8160,385.8270,3.21141,0.0
12998,0,0,0,-4147.2800,-1106.9700,168.9170,0.34163,0.0
12998,0,0,0,-4110.7200,-1068.8000,168.9090,4.87338,5.0
12998,0,0,0,-4101.4600,-1260.4100,149.0590,4.91972,0.0
12998,0,0,0,-4074.5600,-1256.7400,146.5010,0.10601,0.0
12998,0,0,0,-4029.8600,-1453.5300,167.1870,4.37309,5.0
12998,0,0,0,-1853.4900,-4091.6500,9.8166,4.70644,0.0
12998,0,0,0,-1853.1900,-4122.0600,11.1314,4.76928,0.0
13000,0,0,0,-4778.5300,-1702.2500,503.4070,4.18879,0.0
13000,0,0,0,-4762.0000,-1701.0000,503.3240,1.84300,0.0
13000,0,0,0,-4753.5400,-1644.3500,503.4080,5.61996,0.0
13000,0,0,0,-4749.1500,-1703.0600,503.3240,3.88574,0.0
13000,0,0,0,-4739.1400,-1705.1000,503.4080,5.25344,0.0
13000,0,0,0,-4726.0000,-1705.0000,503.4240,2.17300,0.0
13000,0,0,0,-4708.2300,-1701.4200,503.4070,4.11898,0.0
13158,0,0,0,2514.5000,-908.4170,56.2159,2.86234,0.0
13159,0,0,0,-9493.7300,-1193.5900,49.6471,3.89948,1.0
13936,0,0,0,107.0470,-1492.3200,194.6140,4.32842,0.0
14266,0,0,0,-5450.6000,-4147.6100,392.4970,1.53796,0.0
14267,0,0,0,-4964.1400,-3915.3100,304.2410,2.87157,0.0
14268,0,0,0,-5932.2700,-3719.5400,342.3660,6.01709,20.0
14268,0,0,0,-5865.8700,-4138.1800,387.3860,0.43605,20.0
14268,0,0,0,-5789.3100,-4052.0500,371.0230,3.71823,20.0
14268,0,0,0,-5718.0800,-4055.3600,368.0200,2.95247,20.0
14270,0,0,0,-9619.5100,-2639.9200,58.2455,2.99632,5.0
14270,0,0,0,-9600.0000,-2639.1900,54.5921,2.69316,5.0
14270,0,0,0,-9598.6100,-2613.4000,54.1502,3.50133,5.0
14270,0,0,0,-9572.8000,-2651.8000,54.4195,2.16339,5.0
14270,0,0,0,-9571.5100,-2620.6300,53.9961,2.92642,5.0
14270,0,0,0,-9571.3000,-2579.3100,54.0880,0.88871,5.0
14270,0,0,0,-9560.4000,-2566.1400,54.1333,0.12059,5.0
14270,0,0,0,-9554.2900,-2458.1900,43.0244,0.05944,5.0
14270,0,0,0,-9548.2400,-2663.2600,52.7570,3.87478,5.0
14270,0,0,0,-9524.1000,-2559.5200,54.2303,0.33971,5.0
14270,0,0,0,-9521.0200,-2653.8500,48.0125,2.73202,5.0
14270,0,0,0,-9514.0900,-2458.0300,44.6223,5.84468,5.0
14270,0,0,0,-9493.6100,-2533.7000,49.9691,0.52511,5.0
14270,0,0,0,-9475.0100,-2465.8500,43.9199,0.39812,5.0
14270,0,0,0,-9468.4500,-2427.6200,53.9442,0.07438,5.0
14270,0,0,0,-9426.8700,-2387.9000,53.9999,1.00264,5.0
14270,0,0,0,-9392.5200,-2347.7000,53.9231,5.92021,5.0
14270,0,0,0,-9390.1100,-2686.8600,53.3259,2.35219,5.0
14270,0,0,0,-9390.0200,-2410.6700,45.8668,3.16112,5.0
14270,0,0,0,-9389.9400,-2626.5900,39.7607,3.69667,5.0
14270,0,0,0,-9375.5000,-2660.8600,53.4803,1.27588,5.0
14270,0,0,0,-9361.8400,-2400.6200,37.0818,3.90639,5.0
14270,0,0,0,-9358.7500,-2607.5900,26.9726,1.19801,5.0
14270,0,0,0,-9345.2900,-2431.5300,43.4186,2.07641,5.0
14270,0,0,0,-9338.6500,-2404.7200,49.6890,1.37191,5.0
14270,0,0,0,-9333.7500,-2594.8800,22.3274,4.06393,5.0
14270,0,0,0,-9319.9900,-2508.4500,23.0178,3.14377,5.0
14270,0,0,0,-9314.4500,-2478.9100,37.8713,4.10038,5.0
14270,0,0,0,-9308.3600,-2562.4200,19.7176,5.16192,5.0
14270,0,0,0,-9306.9200,-2487.1500,33.4464,4.82530,5.0
14270,0,0,0,-9304.1500,-2554.5900,20.5588,1.90565,5.0
14271,0,0,0,-9796.5600,-2172.1500,59.2620,0.74098,5.0
14271,0,0,0,-9790.7900,-2210.7000,58.6097,1.60805,5.0
14271,0,0,0,-9789.9200,-2241.8400,68.9984,3.46631,5.0
14271,0,0,0,-9779.9200,-2318.4800,69.0062,5.60416,5.0
14271,0,0,0,-9776.5700,-2272.1100,59.3377,0.22968,5.0
14271,0,0,0,-9769.5800,-2274.4900,59.9908,2.06515,5.0
14271,0,0,0,-9739.9500,-2238.5900,61.3293,0.95617,5.0
14271,0,0,0,-9536.6900,-1904.6900,73.7316,3.32571,5.0
14271,0,0,0,-9523.6100,-1875.8400,76.5580,4.23599,5.0
14271,0,0,0,-9520.4500,-1921.3100,76.0659,2.02310,5.0
14271,0,0,0,-9486.8200,-1927.9900,79.5343,3.40661,5.0
14271,0,0,0,-9480.5200,-1865.3900,84.9165,4.86981,5.0
14271,0,0,0,-9469.0400,-1995.2800,97.2717,5.13056,5.0
14271,0,0,0,-9459.8000,-1882.2100,84.4429,4.35066,5.0
14271,0,0,0,-9459.4600,-1892.8400,82.7125,3.72234,5.0
14272,0,0,0,-9570.2900,-2313.4200,66.3702,0.02799,5.0
14272,0,0,0,-9532.9400,-2319.9100,67.4185,1.65691,5.0
14272,0,0,0,-9520.1300,-2364.4800,60.9323,1.99463,5.0
14272,0,0,0,-9505.8600,-2354.1500,68.4332,0.72622,5.0
14272,0,0,0,-9083.6800,-2613.0500,126.3210,3.37536,5.0
14272,0,0,0,-9060.6400,-2606.6000,126.4090,1.74409,5.0
14272,0,0,0,-9057.8900,-2497.7900,126.4170,2.09595,5.0
14272,0,0,0,-9057.7900,-2531.0800,127.0080,3.40835,5.0
14272,0,0,0,-9054.5500,-2648.1100,129.6260,1.15976,5.0
14272,0,0,0,-9048.0000,-2443.4200,128.7970,2.58918,5.0
14272,0,0,0,-9023.7400,-2492.9100,129.5700,5.60712,5.0
14272,0,0,0,-9004.7000,-2524.8400,134.9310,1.91452,5.0
14450,0,0,0,-8621.1700,744.4220,96.8627,3.33358,0.0
14481,0,0,0,-8864.4600,658.4660,96.5078,5.47143,0.0
14496,0,0,0,-8625.0000,752.2920,96.8748,3.76508,5.0
14496,0,0,0,-8615.7800,739.5550,102.0010,2.37221,0.0
14496,0,0,0,-8614.7300,738.2850,102.0030,0.91232,0.0
14496,0,0,0,-8614.1900,739.7780,102.0020,0.55000,0.0
14496,0,0,0,-8603.1500,743.2240,101.9040,3.52019,3.0
14497,0,0,0,-8603.7900,732.1940,101.9870,2.30383,0.0
14546,0,0,0,-5529.5100,-1376.1000,398.7890,3.57943,0.0
14546,0,0,0,-5508.0200,-1334.3400,397.5160,5.21587,1.0
14547,0,0,0,-5536.3000,-1335.3600,398.7690,1.80959,0.0
14547,0,0,0,-5497.9600,-1332.6100,397.5160,0.48837,1.0
14548,0,0,0,-5532.4600,-1358.9900,398.6940,3.04284,0.0
14548,0,0,0,-5502.1200,-1335.1500,397.5160,0.56974,1.0
14551,0,0,0,-5447.8300,-617.3700,394.5110,3.19395,0.0
14552,0,0,0,-5452.3200,-613.0890,394.5100,4.29351,0.0
14553,0,0,0,-5449.2800,-614.7560,394.5390,3.68265,0.0
14558,0,0,0,2248.6600,331.2060,35.2725,5.58505,0.0
14559,0,0,0,-9456.6400,-1386.5900,47.1554,1.39626,0.0
14559,0,0,0,-777.0810,-608.0850,15.2348,2.32129,0.0
14560,0,0,0,-9438.0800,-1411.8400,47.0352,1.65806,0.0
14560,0,0,0,-774.8870,-606.1260,15.2348,2.30383,0.0
14561,0,0,0,-9444.0400,-1412.1600,46.9049,1.72788,0.0
14561,0,0,0,-781.8230,-611.9910,15.2348,2.25148,0.0
14860,0,0,0,-9515.7000,85.8905,59.3007,2.40195,0.0
14864,0,0,0,-9545.2100,130.8710,59.0065,4.36626,5.0
14864,0,0,0,-9542.3600,114.7630,59.1315,3.31160,5.0
14865,0,0,0,-9555.5300,115.8450,58.9683,5.74213,0.0
14866,0,0,0,-1606.1000,124.9090,-15.5680,4.62012,0.0
14868,0,0,0,-9538.5800,133.2310,58.9648,4.03171,0.0
14869,0,0,0,-9554.0500,125.1390,59.0065,1.47803,5.0
14869,0,0,0,-9549.8200,112.9970,59.0065,3.32908,5.0
14869,0,0,0,-9547.2900,137.2460,58.9143,5.09003,5.0
14869,0,0,0,-9540.2200,123.2640,59.0065,5.01385,0.0
14871,0,0,0,-9566.3800,31.1655,61.4444,1.58992,0.0
14994,0,0,0,-11847.0000,1280.8600,3.1651,6.17846,0.0
15186,0,0,0,-4638.0700,-1109.0500,501.4270,4.13150,0.0
15214,0,0,0,-8640.1600,954.3620,128.1430,0.19199,0.0
15214,0,0,0,-8624.0200,933.8160,127.9960,1.81514,0.0
15214,0,0,0,-8594.8100,1063.5000,41.6544,2.91470,0.0
15214,0,0,0,-8586.6500,1002.6000,97.4277,2.68781,0.0
15214,0,0,0,-8584.3800,1080.1000,40.8409,0.40143,0.0
15214,0,0,0,-8562.7100,974.2640,97.1631,3.64774,0.0
15214,0,0,0,-8451.5100,992.0640,96.8943,4.97419,0.0
15214,0,0,0,-8449.7700,1056.6700,19.5612,5.58505,0.0
15214,0,0,0,-8448.7600,1081.4100,19.1352,5.41052,0.0
15214,0,0,0,-8436.0800,979.8770,97.0110,1.16937,0.0
15214,0,0,0,-8381.1300,1315.4900,5.4363,0.55851,0.0
15214,0,0,0,-8323.8100,1058.9100,57.3455,1.72788,0.0
15214,0,0,0,-8323.1000,1184.4500,6.3632,0.00000,0.0
15214,0,0,0,-8310.6000,1078.7100,57.3455,5.06145,0.0
15214,0,0,0,-8305.8600,1349.3900,6.2025,4.01426,0.0
15214,0,0,0,-8304.4300,1220.3800,5.6958,1.69297,0.0
15310,0,0,0,-8595.4100,740.6650,101.9870,3.92699,0.0
15664,0,0,0,-6609.1900,-1857.0100,244.3590,5.35816,0.0
15694,0,0,0,-9074.1200,501.9880,76.2871,5.22847,0.0
15694,0,0,0,-9072.4300,499.0100,76.2405,2.08688,0.0
15694,0,0,0,-9071.5400,500.7530,75.9060,5.83716,0.0
15694,0,0,0,-9021.0400,477.3210,96.1096,0.32683,0.0
15694,0,0,0,-9019.9200,476.0710,96.1215,5.04378,0.0
15694,0,0,0,-9019.4200,477.8730,96.3053,3.46842,0.0
15694,0,0,0,-9017.9800,463.1940,95.3352,1.78420,0.0
15694,0,0,0,-9015.9300,464.4630,95.6252,1.90218,0.0
15694,0,0,0,-8992.9100,394.6840,72.7980,0.41651,0.0
15694,0,0,0,-8991.4800,395.3160,72.8041,3.55810,0.0
15694,0,0,0,-8991.3600,392.5920,72.7898,2.20994,0.0
15694,0,0,0,-8979.4700,390.6270,74.1613,2.97781,0.0
15694,0,0,0,-8977.8200,390.2390,74.3583,2.04510,0.0
15694,0,0,0,-8847.5800,634.3000,95.6359,6.19387,0.0
15694,0,0,0,-8846.5200,636.3320,95.5466,6.17084,0.0
15694,0,0,0,-8831.2900,635.6900,94.4562,4.86989,0.0
15694,0,0,0,-8830.8300,632.8000,94.3162,1.72829,0.0
15694,0,0,0,-8829.3200,634.3910,94.4109,1.40056,0.0
15694,0,0,0,-8828.9300,636.6580,94.3351,4.54215,0.0
15723,0,0,0,-14443.0000,459.8120,15.4692,5.42486,0.0
15723,0,0,0,-14442.1000,457.8950,15.4642,1.99785,0.0
15723,0,0,0,-14409.0000,420.6100,22.4110,5.35635,0.0
15723,0,0,0,-14408.0000,419.3020,22.4428,2.21476,0.0
15723,0,0,0,-14403.1000,416.9590,22.5748,2.69507,0.0
15723,0,0,0,-14393.0000,418.5530,7.7149,3.29726,0.0
15723,0,0,0,-14392.0000,420.1620,7.6341,3.19519,0.0
15723,0,0,0,-14371.5000,377.5690,23.3571,2.05375,0.0
15723,0,0,0,-14370.7000,379.3810,23.2468,2.08800,0.0
15723,0,0,0,-14341.4000,444.0620,7.5659,0.68848,0.0
15723,0,0,0,-14339.5000,443.4700,7.5708,1.36730,0.0
15723,0,0,0,-14338.9000,446.0540,7.6281,4.50890,0.0
15723,0,0,0,-14323.3000,438.3390,22.5626,5.87778,0.0
15723,0,0,0,-14321.7000,437.6620,22.6407,2.73619,0.0
15723,0,0,0,-14296.6000,545.8970,8.7907,0.65963,0.0
15723,0,0,0,-14295.3000,546.9040,8.8347,4.79449,0.0
15723,0,0,0,-14294.4000,531.7770,8.8825,1.52377,0.0
15723,0,0,0,-14294.3000,534.3710,8.8906,4.66536,0.0
15723,0,0,0,-14293.1000,533.2650,8.8468,4.22891,0.0
15906,0,0,0,-5166.9300,-870.3610,506.8610,0.63516,0.0
15906,0,0,0,-5163.6300,-867.9270,507.1390,0.65629,0.0
15906,0,0,0,-5157.6900,-862.4670,507.4540,0.81490,0.0
15906,0,0,0,-5155.6600,-861.7920,507.6770,0.94039,0.0
15906,0,0,0,-5149.8300,-853.7940,508.5900,3.97612,0.0
15906,0,0,0,-5100.5700,-806.5910,495.2100,1.13799,0.0
15906,0,0,0,-5099.9900,-801.2610,495.2100,0.74323,0.0
15906,0,0,0,-5099.0900,-800.4330,495.2100,1.09405,0.0
15906,0,0,0,-5086.1300,-775.3380,495.2100,5.63621,0.0
15906,0,0,0,-5084.7000,-775.6850,495.2100,2.90297,0.0
15906,0,0,0,-5073.4800,-784.8890,495.2000,2.45434,0.0
15906,0,0,0,-5057.9300,-777.9410,492.8280,3.04953,0.0
15906,0,0,0,-5040.5000,-820.3680,495.2140,0.46840,0.0
15906,0,0,0,-5040.2500,-822.1240,495.2170,0.45402,0.0
15906,0,0,0,-5033.8500,-796.7040,495.3610,2.85189,0.0
15906,0,0,0,-5033.0900,-798.4730,495.4270,1.97724,0.0
15906,0,0,0,-5029.1100,-813.0970,495.2740,3.82263,0.0
15906,0,0,0,-5028.8300,-814.4630,495.2480,1.77766,0.0
15906,0,0,0,-5028.0200,-816.1550,495.2200,2.01494,0.0
15907,0,0,0,1774.8400,195.2640,70.4830,0.01125,0.0
15907,0,0,0,1776.3600,195.6550,70.4830,0.02021,0.0
15907,0,0,0,1784.0500,281.0190,70.4830,6.20785,0.0
15907,0,0,0,1785.7700,280.8900,70.4830,3.06626,0.0
15907,0,0,0,1792.6600,280.2950,70.4830,3.05766,0.0
15907,0,0,0,1800.0300,230.6460,60.6701,0.98761,0.0
15907,0,0,0,1803.2100,262.9780,65.4830,5.11003,0.0
15907,0,0,0,1803.2800,210.4580,65.4830,1.73051,0.0
15907,0,0,0,1803.3800,212.5390,65.4830,5.42051,0.0
15907,0,0,0,1807.4900,262.8040,65.4830,0.76044,0.0
15907,0,0,0,1810.2700,246.1730,60.6701,1.96844,0.0
15907,0,0,0,1811.5700,245.2780,60.6701,2.01216,0.0
15907,0,0,0,1817.7600,195.7470,70.4830,0.38113,0.0
15907,0,0,0,1819.7200,196.5310,70.4830,5.89667,0.0
15907,0,0,0,1821.4400,195.8310,70.4830,2.75507,0.0
15907,0,0,0,1825.2100,280.5890,70.4830,3.81667,0.0
15907,0,0,0,1826.3900,280.7800,70.4830,3.30251,0.0
15907,0,0,0,1957.0800,256.8820,41.5022,4.91713,0.0
15907,0,0,0,1957.5000,254.8970,41.5921,1.77554,0.0
16002,0,0,0,-8863.7400,655.1150,96.1093,5.71720,0.0
16005,0,0,0,-8814.1900,614.4520,95.1064,2.43581,0.0
16085,0,0,0,-8428.8800,329.3760,121.3290,2.89341,0.0
16105,0,0,0,-8869.2500,650.8090,95.8618,5.12972,0.0
16106,0,0,0,-8691.8500,840.5140,98.6851,2.19234,0.0
16107,0,0,0,90.2991,-1723.5800,220.1930,3.63373,0.0
16108,0,0,0,1595.4100,230.5390,-52.1545,4.63121,0.0
16109,0,0,0,1678.2000,196.2100,-62.1730,6.27787,0.0
16225,0,0,0,2299.5800,-5294.7400,82.0796,6.24828,0.0
16225,0,0,0,2300.0500,-5292.0900,82.0796,5.39307,0.0
16225,0,0,0,2302.8600,-5292.6600,82.0796,4.41568,0.0
16288,0,0,0,525.6790,1627.3000,104.8950,2.16421,0.0
16356,0,0,0,-11591.7000,-3259.0700,7.4441,3.03684,0.0
16356,0,0,0,-11591.7000,-3294.0800,7.7211,4.20625,0.0
16356,0,0,0,-11588.4000,-3239.9300,7.0553,3.14159,0.0
16356,0,0,0,-11585.3000,-3275.6900,7.7171,4.46804,0.0
16356,0,0,0,-11583.9000,-3310.8500,8.0808,4.06662,0.0
16356,0,0,0,-11577.8000,-3253.4100,6.7489,0.22689,0.0
16356,0,0,0,-11576.2000,-3288.4800,9.0738,5.49779,0.0
16356,0,0,0,-11571.2000,-3270.3300,7.4080,4.04917,0.0
16356,0,0,0,-11568.8000,-3316.3400,9.6200,1.85005,0.0
16356,0,0,0,-11568.4000,-3238.5100,6.1198,4.03171,0.0
16356,0,0,0,-11562.0000,-3254.9100,6.8735,3.26377,0.0
16356,0,0,0,-11560.6000,-3284.2900,7.7479,1.86750,0.0
16356,0,0,0,-11557.2000,-3303.1700,9.3460,4.04917,0.0
16356,0,0,0,-11554.3000,-3269.9700,7.2700,0.71559,0.0
16356,0,0,0,-11549.5000,-3318.2500,9.2533,1.09956,0.0
16356,0,0,0,-11546.3000,-3245.8600,6.8534,5.81195,0.0
16356,0,0,0,-11540.4000,-3260.9300,7.0424,1.95477,0.0
16356,0,0,0,-11539.6000,-3276.4200,7.9983,5.20108,0.0
16356,0,0,0,-11538.9000,-3290.0900,8.5767,5.63741,0.0
16356,0,0,0,-11538.1000,-3304.5900,8.1599,2.23402,0.0
16356,0,0,0,-11534.7000,-3327.8600,14.1548,2.80997,0.0
16356,0,0,0,-11525.7000,-3283.2600,8.7275,2.00713,0.0
16356,0,0,0,-11525.6000,-3316.1600,8.1583,0.50614,0.0
16356,0,0,0,-11523.9000,-3245.5500,7.1102,4.46804,0.0
16356,0,0,0,-11521.3000,-3263.8700,7.5112,5.53269,0.0
16356,0,0,0,-11521.2000,-3300.1200,9.1352,1.88495,0.0
16356,0,0,0,-11510.2000,-3314.3000,8.3112,1.37881,0.0
16356,0,0,0,-11509.8000,-3283.7700,8.0130,6.24828,0.0
16356,0,0,0,-11458.5000,-2791.2700,-1.2934,6.24828,0.0
16356,0,0,0,-11458.5000,-2835.2800,-0.5010,4.20625,0.0
16356,0,0,0,-11452.7000,-2810.3800,-1.6387,2.80997,0.0
16356,0,0,0,-11448.2000,-2859.3900,0.9049,3.14159,0.0
16356,0,0,0,-11443.4000,-2783.4300,-0.3256,1.37881,0.0
16356,0,0,0,-11443.2000,-2825.7900,-1.2147,5.53269,0.0
16356,0,0,0,-11442.2000,-2843.8700,-0.2963,4.06662,0.0
16356,0,0,0,-11435.1000,-2813.1900,-1.2410,2.00713,0.0
16356,0,0,0,-11428.8000,-2827.2200,0.2649,2.23402,0.0
16356,0,0,0,-11426.9000,-2783.6100,0.7895,4.46804,0.0
16356,0,0,0,-11424.5000,-2803.7900,0.7229,0.71559,0.0
16356,0,0,0,-11424.0000,-2838.8400,0.5049,1.95477,0.0
16356,0,0,0,-11419.1000,-2860.0900,1.9683,1.88495,0.0
16356,0,0,0,-11412.8000,-2791.7600,1.5717,0.50614,0.0
16356,0,0,0,-11411.0000,-2832.6800,-2.8186,5.63741,0.0
16356,0,0,0,-11409.4000,-2807.6200,-2.2806,5.20108,0.0
16356,0,0,0,-11409.1000,-2774.3700,2.7671,5.81195,0.0
16356,0,0,0,-11405.1000,-2846.8400,-2.7287,3.03684,0.0
16356,0,0,0,-11399.7000,-2827.1600,-2.4328,4.04917,0.0
16356,0,0,0,-11393.4000,-2789.3800,3.1894,1.85005,0.0
16356,0,0,0,-11392.3000,-2813.0800,-2.2747,1.86750,0.0
16356,0,0,0,-11389.1000,-2836.0600,-2.2509,3.26377,0.0
16356,0,0,0,-11388.5000,-2857.6500,3.0379,4.03171,0.0
16356,0,0,0,-11387.6000,-2775.4600,3.7363,0.22689,0.0
16356,0,0,0,-11380.6000,-2824.5100,-2.1595,4.04917,0.0
16356,0,0,0,-11378.0000,-3184.0800,13.2359,2.80997,0.0
16356,0,0,0,-11377.2000,-3123.7600,5.3804,4.06662,0.0
16356,0,0,0,-11376.8000,-3139.3400,7.8165,1.09956,0.0
16356,0,0,0,-11375.5000,-2787.3700,3.7655,4.46804,0.0
16356,0,0,0,-11375.2000,-3166.4600,11.8000,5.49779,0.0
16356,0,0,0,-11374.0000,-2842.9400,4.3266,5.49779,0.0
16356,0,0,0,-11373.6000,-2804.9500,3.7165,1.09956,0.0
16356,0,0,0,-11372.4000,-3151.9600,9.4515,1.95477,0.0
16356,0,0,0,-11370.2000,-3108.5200,3.1061,4.20625,0.0
16356,0,0,0,-11364.6000,-3129.7900,5.7558,5.53269,0.0
16356,0,0,0,-11362.9000,-3174.9600,10.6151,4.04917,0.0
16356,0,0,0,-11361.3000,-3143.4400,6.5476,0.71559,0.0
16356,0,0,0,-11361.2000,-3159.3000,8.8701,1.86750,0.0
16356,0,0,0,-11359.4000,-3191.0000,12.9642,1.37881,0.0
16356,0,0,0,-11355.9000,-3120.8100,2.0341,1.85005,0.0
16356,0,0,0,-11351.4000,-3135.1500,2.5573,2.00713,0.0
16356,0,0,0,-11346.8000,-3169.7900,10.8443,5.63741,0.0
16356,0,0,0,-11345.2000,-3184.8800,9.9671,3.26377,0.0
16356,0,0,0,-11343.4000,-3110.8200,-1.5710,3.03684,0.0
16356,0,0,0,-11337.9000,-3126.0600,-1.4581,1.88495,0.0
16356,0,0,0,-11336.0000,-3156.0000,7.1673,5.20108,0.0
16356,0,0,0,-11333.7000,-3195.4500,9.9745,4.46804,0.0
16356,0,0,0,-11331.3000,-3174.0800,8.7550,4.04917,0.0
16356,0,0,0,-11330.6000,-3141.8800,6.5164,2.23402,0.0
16356,0,0,0,-11324.3000,-3115.1200,-1.5710,4.03171,0.0
16356,0,0,0,-11320.6000,-3127.9900,-0.0067,4.46804,0.0
16356,0,0,0,-11319.7000,-3163.7300,7.4036,6.24828,0.0
16356,0,0,0,-11318.2000,-3184.4800,10.1433,5.81195,0.0
16356,0,0,0,-11313.1000,-3143.4700,5.6345,0.50614,0.0
16356,0,0,0,-11306.5000,-3119.2900,-1.0690,3.14159,0.0
16356,0,0,0,-11306.4000,-3156.6600,6.3933,0.22689,0.0
16356,0,0,0,-11293.2000,-3355.2400,9.0581,1.85005,0.0
16356,0,0,0,-11288.4000,-3389.9300,7.6696,3.14159,0.0
16356,0,0,0,-11287.8000,-3340.5400,9.0482,4.46804,0.0
16356,0,0,0,-11287.3000,-3372.2600,7.9216,1.09956,0.0
16356,0,0,0,-11276.0000,-3358.5100,6.2773,1.88495,0.0
16356,0,0,0,-11274.2000,-3317.7000,25.2531,5.81195,0.0
16356,0,0,0,-11272.4000,-3343.9500,9.9667,4.04917,0.0
16356,0,0,0,-11272.0000,-3384.2100,6.3734,5.49779,0.0
16356,0,0,0,-11265.1000,-3368.0000,6.3409,2.23402,0.0
16356,0,0,0,-11262.1000,-3354.5500,8.8700,5.20108,0.0
16356,0,0,0,-11259.6000,-3394.7100,10.1496,4.03171,0.0
16356,0,0,0,-11258.9000,-3340.2800,10.1130,5.63741,0.0
16356,0,0,0,-11252.6000,-3324.2800,18.7379,4.04917,0.0
16356,0,0,0,-11250.9000,-3379.8600,7.3515,3.26377,0.0
16356,0,0,0,-11249.8000,-3363.0100,10.1013,2.00713,0.0
16356,0,0,0,-11243.1000,-3340.1900,9.3889,1.86750,0.0
16356,0,0,0,-11238.7000,-3390.9800,10.9117,3.03684,0.0
16356,0,0,0,-11238.2000,-3306.1700,15.0118,4.46804,0.0
16356,0,0,0,-11235.5000,-3353.5000,5.0860,0.71559,0.0
16356,0,0,0,-11235.0000,-3369.2000,9.5235,5.53269,0.0
16356,0,0,0,-11231.3000,-3323.4500,9.9958,0.50614,0.0
16356,0,0,0,-11227.2000,-3338.5700,9.3760,1.95477,0.0
16356,0,0,0,-11223.5000,-2946.9200,10.2132,4.20625,0.0
16356,0,0,0,-11223.0000,-3005.0400,7.0350,0.22689,0.0
16356,0,0,0,-11222.0000,-2984.0700,3.9082,2.80997,0.0
16356,0,0,0,-11221.0000,-3023.1600,6.4107,5.81195,0.0
16356,0,0,0,-11219.5000,-3353.2600,5.0860,6.24828,0.0
16356,0,0,0,-11218.2000,-3391.3600,22.9658,0.22689,0.0
16356,0,0,0,-11218.1000,-3309.3300,9.1548,2.80997,0.0
16356,0,0,0,-11217.4000,-3372.2600,9.4890,4.20625,0.0
16356,0,0,0,-11216.1000,-3325.7800,8.7367,1.37881,0.0
16356,0,0,0,-11208.6000,-2953.3900,8.9992,4.06662,0.0
16356,0,0,0,-11208.1000,-3013.5900,5.0938,4.46804,0.0
16356,0,0,0,-11207.4000,-2992.0900,4.0051,1.37881,0.0
16356,0,0,0,-11206.8000,-3342.5000,5.2049,4.06662,0.0
16356,0,0,0,-11205.5000,-2971.3100,8.4128,4.46804,0.0
16356,0,0,0,-11194.0000,-3023.3900,7.1652,1.85005,0.0
16356,0,0,0,-11193.0000,-2963.7900,8.5652,2.00713,0.0
16356,0,0,0,-11193.0000,-2978.1900,8.7385,5.63741,0.0
16356,0,0,0,-11193.0000,-3005.1400,6.8718,1.09956,0.0
16356,0,0,0,-11184.0000,-2946.8500,19.4695,2.23402,0.0
16356,0,0,0,-11181.1000,-2973.1800,7.6200,5.20108,0.0
16356,0,0,0,-11178.6000,-3011.9400,7.4886,5.49779,0.0
16356,0,0,0,-11176.8000,-3027.3000,7.4733,4.03171,0.0
16356,0,0,0,-11176.3000,-2996.0200,9.5116,1.86750,0.0
16356,0,0,0,-11169.5000,-2980.9800,9.0070,0.71559,0.0
16356,0,0,0,-11168.3000,-2963.3200,8.0324,4.04917,0.0
16356,0,0,0,-11162.9000,-3011.7400,7.7630,3.26377,0.0
16356,0,0,0,-11160.4000,-2940.9500,20.0501,1.95477,0.0
16356,0,0,0,-11160.2000,-2995.9600,8.5631,1.88495,0.0
16356,0,0,0,-11153.4000,-2983.3200,8.8192,0.50614,0.0
16356,0,0,0,-11151.9000,-2962.6300,8.6939,4.04917,0.0
16356,0,0,0,-11147.6000,-3013.5100,20.7093,3.14159,0.0
16356,0,0,0,-11145.5000,-2953.0400,9.8620,5.53269,0.0
16356,0,0,0,-11144.7000,-2994.8700,9.8234,6.24828,0.0
16356,0,0,0,-11141.8000,-2973.7500,8.6576,3.03684,0.0
16356,0,0,0,-11061.5000,-2784.6600,7.5612,3.03684,0.0
16356,0,0,0,-11060.6000,-2822.6900,9.9600,3.14159,0.0
16356,0,0,0,-11058.8000,-2803.7300,10.7370,1.37881,0.0
16356,0,0,0,-11057.7000,-2763.1200,1.9543,4.20625,0.0
16356,0,0,0,-11044.8000,-2779.0200,5.6341,4.04917,0.0
16356,0,0,0,-11042.2000,-2816.2200,11.9086,4.46804,0.0
16356,0,0,0,-11039.7000,-2750.7500,2.0154,4.06662,0.0
16356,0,0,0,-11036.5000,-2796.5100,5.9014,1.95477,0.0
16356,0,0,0,-11033.8000,-2767.2800,4.8002,4.04917,0.0
16356,0,0,0,-11030.3000,-2782.5900,4.5331,5.63741,0.0
16356,0,0,0,-11025.9000,-2807.9500,7.7665,5.53269,0.0
16356,0,0,0,-11023.6000,-2822.9500,10.6242,5.81195,0.0
16356,0,0,0,-11021.8000,-2794.1300,5.2296,5.20108,0.0
16356,0,0,0,-11019.8000,-2771.0000,3.7465,1.86750,0.0
16356,0,0,0,-11018.4000,-2753.5700,3.7172,2.80997,0.0
16356,0,0,0,-11008.3000,-2738.6700,5.4328,4.03171,0.0
16356,0,0,0,-11008.1000,-2817.3100,7.1047,1.88495,0.0
16356,0,0,0,-11005.0000,-2763.2700,3.9012,2.23402,0.0
16356,0,0,0,-11004.4000,-2777.8100,4.5138,0.71559,0.0
16356,0,0,0,-11003.4000,-2796.4500,5.5389,2.00713,0.0
16356,0,0,0,-10995.8000,-2829.6900,9.4020,0.22689,0.0
16356,0,0,0,-10990.6000,-2756.9000,5.0387,5.49779,0.0
16356,0,0,0,-10990.4000,-2771.4200,4.1106,3.26377,0.0
16356,0,0,0,-10990.2000,-2793.4200,5.3699,6.24828,0.0
16356,0,0,0,-10989.3000,-2812.2300,5.9258,0.50614,0.0
16356,0,0,0,-10976.6000,-2762.5100,4.2119,1.09956,0.0
16356,0,0,0,-10974.5000,-2782.8300,5.1069,1.85005,0.0
16356,0,0,0,-10973.5000,-2807.6300,5.3880,4.46804,0.0
16356,0,0,0,-8434.5900,-1251.7500,212.8870,3.14159,0.0
16356,0,0,0,-8430.6900,-1236.9200,209.0050,0.22689,0.0
16356,0,0,0,-8422.1500,-1230.2200,201.9350,0.50614,0.0
16356,0,0,0,-8420.8200,-1250.9300,208.6100,6.24828,0.0
16356,0,0,0,-8417.7800,-982.6650,193.6930,3.14159,0.0
16356,0,0,0,-8417.0900,-1242.5600,202.7980,5.63741,0.0
16356,0,0,0,-8416.6600,-1268.4700,217.2230,2.80997,0.0
16356,0,0,0,-8412.8300,-1223.1000,192.7780,1.88495,0.0
16356,0,0,0,-8411.9700,-1259.6700,212.5830,3.26377,0.0
16356,0,0,0,-8411.0100,-966.8800,197.5950,4.20625,0.0
16356,0,0,0,-8410.3500,-950.9370,204.7290,3.03684,0.0
16356,0,0,0,-8410.0600,-1236.7000,198.6850,1.86750,0.0
16356,0,0,0,-8408.3700,-1251.0600,206.7260,0.71559,0.0
16356,0,0,0,-8406.5300,-1011.1800,187.6200,4.03171,0.0
16356,0,0,0,-8405.2500,-1270.5500,215.1920,5.81195,0.0
16356,0,0,0,-8403.6200,-990.6200,189.1680,2.80997,0.0
16356,0,0,0,-8402.3400,-1258.1300,210.1700,2.00713,0.0
16356,0,0,0,-8401.4400,-974.9760,192.5890,3.26377,0.0
16356,0,0,0,-8399.7200,-1231.3500,194.7530,5.20108,0.0
16356,0,0,0,-8398.1000,-945.5710,204.3540,4.06662,0.0
16356,0,0,0,-8398.0300,-1215.7500,189.5710,1.85005,0.0
16356,0,0,0,-8397.7500,-960.1930,197.6080,5.49779,0.0
16356,0,0,0,-8393.8400,-1264.7700,210.8990,5.49779,0.0
16356,0,0,0,-8393.7200,-1254.6800,206.6500,4.04917,0.0
16356,0,0,0,-8389.5900,-1238.5100,196.4600,4.04917,0.0
16356,0,0,0,-8388.0200,-984.8790,188.3210,6.24828,0.0
16356,0,0,0,-8387.8100,-1228.6600,190.9610,5.53269,0.0
16356,0,0,0,-8387.6200,-972.7280,190.4800,4.04917,0.0
16356,0,0,0,-8385.5000,-1216.2100,188.2550,4.46804,0.0
16356,0,0,0,-8385.3500,-959.9030,194.9770,4.04917,0.0
16356,0,0,0,-8384.7400,-1274.9300,211.9200,4.06662,0.0
16356,0,0,0,-8383.6800,-1250.2400,200.6560,2.23402,0.0
16356,0,0,0,-8383.2800,-939.7140,203.6980,0.22689,0.0
16356,0,0,0,-8381.1000,-1261.6400,204.6940,1.09956,0.0
16356,0,0,0,-8379.6000,-949.7350,198.2160,2.23402,0.0
16356,0,0,0,-8376.3000,-1242.3600,194.9580,1.95477,0.0
16356,0,0,0,-8376.0800,-989.4270,187.2870,0.50614,0.0
16356,0,0,0,-8374.3100,-974.6510,188.3250,5.20108,0.0
16356,0,0,0,-8374.2200,-1288.5000,214.2440,4.03171,0.0
16356,0,0,0,-8372.7100,-1228.5200,191.5590,1.37881,0.0
16356,0,0,0,-8371.1400,-940.5990,200.4660,1.09956,0.0
16356,0,0,0,-8371.0600,-927.9540,206.3400,5.81195,0.0
16356,0,0,0,-8369.1900,-1256.5300,197.9050,4.46804,0.0
16356,0,0,0,-8366.6800,-950.8770,194.8000,2.00713,0.0
16356,0,0,0,-8362.6400,-977.0570,187.0580,5.63741,0.0
16356,0,0,0,-8361.3300,-1242.1700,191.9480,4.20625,0.0
16356,0,0,0,-8359.4200,-992.7850,185.4690,1.88495,0.0
16356,0,0,0,-8358.7000,-1274.1800,212.7310,3.03684,0.0
16356,0,0,0,-8357.4200,-941.7900,196.9020,1.85005,0.0
16356,0,0,0,-8356.6000,-966.8060,188.3830,1.86750,0.0
16356,0,0,0,-8354.7600,-925.6230,207.7320,4.46804,0.0
16356,0,0,0,-8350.8800,-954.8680,191.1540,0.71559,0.0
16356,0,0,0,-8349.1200,-977.7290,185.5280,1.95477,0.0
16356,0,0,0,-8347.1300,-990.8000,183.7780,4.46804,0.0
16356,0,0,0,-8340.7400,-963.8520,188.2870,5.53269,0.0
16356,0,0,0,-8333.7600,-976.6660,184.3520,1.37881,0.0
16356,0,0,0,-8078.8800,-1017.7700,132.3020,1.37881,0.0
16356,0,0,0,-8070.6400,-997.1740,132.9580,0.50614,0.0
16356,0,0,0,-8058.1400,-994.3600,131.3770,2.00713,0.0
16356,0,0,0,-8058.0000,-1007.0200,130.8240,1.88495,0.0
16356,0,0,0,-8053.5400,-977.3320,132.2130,2.23402,0.0
16356,0,0,0,-8047.0300,-1037.1300,122.7430,4.20625,0.0
16356,0,0,0,-8047.0100,-962.3250,133.9820,4.04917,0.0
16356,0,0,0,-8044.6000,-1019.0500,122.7170,5.53269,0.0
16356,0,0,0,-8044.1400,-994.6230,129.8370,0.71559,0.0
16356,0,0,0,-8035.4300,-946.7440,134.6890,6.24828,0.0
16356,0,0,0,-8033.7600,-958.7350,131.6880,4.04917,0.0
16356,0,0,0,-8032.2200,-1009.5100,122.7170,1.95477,0.0
16356,0,0,0,-8023.4700,-996.5430,122.8870,1.86750,0.0
16356,0,0,0,-8021.9700,-2447.2300,128.7280,3.14159,0.0
16356,0,0,0,-8021.1200,-2433.4500,127.1650,4.06662,0.0
16356,0,0,0,-8020.1300,-984.4290,122.7300,5.20108,0.0
16356,0,0,0,-8019.5900,-2417.8500,125.1900,2.80997,0.0
16356,0,0,0,-8019.4400,-1026.2000,130.0850,4.46804,0.0
16356,0,0,0,-8019.3300,-2405.6000,124.0620,4.03171,0.0
16356,0,0,0,-8018.8300,-972.9950,122.7300,5.63741,0.0
16356,0,0,0,-8016.6200,-950.3240,132.5490,3.26377,0.0
16356,0,0,0,-8011.3400,-2452.4300,131.3090,3.26377,0.0
16356,0,0,0,-8009.8500,-2439.8000,129.7200,6.24828,0.0
16356,0,0,0,-8008.8600,-2426.7700,127.9480,0.50614,0.0
16356,0,0,0,-8008.2400,-2411.3800,124.1420,1.88495,0.0
16356,0,0,0,-8002.2100,-959.9820,128.7420,5.49779,0.0
16356,0,0,0,-8000.7500,-985.2830,127.8250,1.09956,0.0
16356,0,0,0,-7996.6300,-1013.4100,131.8670,1.85005,0.0
16356,0,0,0,-7996.5900,-2444.0200,132.1160,0.71559,0.0
16356,0,0,0,-7995.8000,-2432.0800,130.8650,1.86750,0.0
16356,0,0,0,-7995.7500,-2420.8700,127.4930,5.63741,0.0
16356,0,0,0,-7990.3000,-2455.1000,132.7990,5.49779,0.0
16356,0,0,0,-7989.6700,-2411.4400,124.2870,5.53269,0.0
16356,0,0,0,-7986.2800,-996.6670,130.5580,0.22689,0.0
16356,0,0,0,-7983.2900,-2466.4800,133.9520,3.03684,0.0
16356,0,0,0,-7982.8300,-2444.9600,131.3720,2.00713,0.0
16356,0,0,0,-7982.1300,-958.8300,130.1960,5.81195,0.0
16356,0,0,0,-7981.6700,-2421.3400,127.4980,5.20108,0.0
16356,0,0,0,-7981.5300,-2400.6900,123.6930,1.37881,0.0
16356,0,0,0,-7978.5000,-980.0810,130.2800,4.46804,0.0
16356,0,0,0,-7974.8200,-2456.0000,132.5920,1.09956,0.0
16356,0,0,0,-7974.2900,-2411.0500,125.8530,1.95477,0.0
16356,0,0,0,-7968.8600,-2445.9500,129.7840,2.23402,0.0
16356,0,0,0,-7967.0000,-2421.3300,126.9120,4.04917,0.0
16356,0,0,0,-7966.7000,-2434.5400,126.7730,4.04917,0.0
16356,0,0,0,-7964.2000,-2404.1900,125.8860,4.46804,0.0
16356,0,0,0,-7958.5000,-2455.6300,133.3890,1.85005,0.0
16356,0,0,0,-7955.2800,-2440.4900,129.0660,4.46804,0.0
16356,0,0,0,-7954.8900,-2411.8000,126.7000,5.81195,0.0
16356,0,0,0,-7953.5600,-2426.4700,126.4830,0.22689,0.0
16356,0,0,0,-7942.9000,-2434.3500,130.0810,4.20625,0.0
16356,0,0,0,-7768.1500,-2244.1000,133.5220,5.81195,0.0
16356,0,0,0,-7764.2700,-2231.6800,134.7630,1.88495,0.0
16356,0,0,0,-7762.0900,-2256.1100,133.5220,4.46804,0.0
16356,0,0,0,-7756.1900,-2210.4000,133.6090,2.80997,0.0
16356,0,0,0,-7754.9200,-2243.2800,133.5590,0.50614,0.0
16356,0,0,0,-7753.0400,-2220.5600,133.5220,5.53269,0.0
16356,0,0,0,-7752.7700,-2269.4000,133.5220,1.37881,0.0
16356,0,0,0,-7749.9800,-2230.4300,133.5490,5.63741,0.0
16356,0,0,0,-7748.5500,-2253.0800,133.8890,6.24828,0.0
16356,0,0,0,-7745.0100,-2211.6300,133.5220,1.95477,0.0
16356,0,0,0,-7744.6300,-2199.9400,133.5220,4.06662,0.0
16356,0,0,0,-7743.5100,-2240.1800,134.3330,1.86750,0.0
16356,0,0,0,-7741.3400,-2222.0700,133.5220,5.20108,0.0
16356,0,0,0,-7739.1000,-2263.7400,135.5840,3.26377,0.0
16356,0,0,0,-7736.6000,-2248.4500,135.7700,0.71559,0.0
16356,0,0,0,-7732.9800,-2200.6400,133.5220,0.22689,0.0
16356,0,0,0,-7732.2100,-2213.2600,133.5220,4.04917,0.0
16356,0,0,0,-7726.8600,-2266.7500,139.2600,3.14159,0.0
16356,0,0,0,-7726.6700,-2240.5800,137.0860,2.00713,0.0
16356,0,0,0,-7724.8700,-2251.5900,138.6040,5.49779,0.0
16356,0,0,0,-7722.5700,-2222.6900,134.5660,4.04917,0.0
16356,0,0,0,-7720.9900,-2198.3500,133.5220,4.20625,0.0
16356,0,0,0,-7720.2200,-2210.8600,133.5220,4.46804,0.0
16356,0,0,0,-7716.0800,-2231.6300,136.7430,2.23402,0.0
16356,0,0,0,-7714.1800,-2242.0100,138.9170,1.09956,0.0
16356,0,0,0,-7713.8900,-2254.8000,140.4170,4.03171,0.0
16356,0,0,0,-7710.2000,-2220.9800,135.4350,1.85005,0.0
16356,0,0,0,-7703.3300,-2233.2500,138.6950,3.03684,0.0
16356,0,0,0,-7640.8100,-2611.3500,134.2950,4.20625,0.0
16356,0,0,0,-7639.9000,-2581.1600,133.6870,4.06662,0.0
16356,0,0,0,-7637.5000,-2596.8500,133.6590,5.81195,0.0
16356,0,0,0,-7628.4900,-2566.8100,133.1670,4.46804,0.0
16356,0,0,0,-7627.4300,-2608.9900,132.8010,1.95477,0.0
16356,0,0,0,-7626.9900,-2580.7800,132.1260,0.22689,0.0
16356,0,0,0,-7623.7100,-2594.9400,132.2430,4.04917,0.0
16356,0,0,0,-7619.3400,-2632.7400,132.4420,2.80997,0.0
16356,0,0,0,-7617.4900,-2618.5100,132.3880,5.53269,0.0
16356,0,0,0,-7614.4900,-2605.0300,133.2240,5.20108,0.0
16356,0,0,0,-7614.0900,-2569.0000,132.2930,4.46804,0.0
16356,0,0,0,-7613.4900,-2583.9400,132.5510,4.04917,0.0
16356,0,0,0,-7609.7500,-2643.9400,135.1020,3.14159,0.0
16356,0,0,0,-7607.1200,-2613.9700,134.2100,5.63741,0.0
16356,0,0,0,-7606.8000,-2629.2000,134.0060,1.88495,0.0
16356,0,0,0,-7601.5100,-2575.6000,134.6270,2.23402,0.0
16356,0,0,0,-7599.6000,-2557.6800,133.4600,1.85005,0.0
16356,0,0,0,-7596.2300,-2607.8500,136.0890,1.86750,0.0
16356,0,0,0,-7595.5200,-2620.7400,135.2020,0.50614,0.0
16356,0,0,0,-7593.1900,-2637.2500,134.7260,4.03171,0.0
16356,0,0,0,-7591.3800,-2586.3700,137.6630,2.00713,0.0
16356,0,0,0,-7587.6200,-2596.8900,138.4360,0.71559,0.0
16356,0,0,0,-7586.6500,-2571.0200,134.6660,1.09956,0.0
16356,0,0,0,-7584.0700,-2624.7600,136.4320,1.37881,0.0
16356,0,0,0,-7583.8300,-2611.5400,137.2730,6.24828,0.0
16356,0,0,0,-7578.3300,-2584.3900,137.6470,5.49779,0.0
16356,0,0,0,-7574.2700,-2597.6200,138.6620,3.26377,0.0
16356,0,0,0,-7573.0400,-2570.5800,135.3730,3.03684,0.0
16356,0,0,0,1571.3300,-3029.4700,81.6105,0.22689,0.0
16356,0,0,0,1573.1500,-3015.9600,82.5453,3.03684,0.0
16356,0,0,0,1577.9000,-3040.0500,80.2832,5.53269,0.0
16356,0,0,0,1585.4700,-3047.9500,81.0597,0.71559,0.0
16356,0,0,0,1587.5000,-3057.8600,80.5577,1.88495,0.0
16356,0,0,0,1588.0200,-3035.6700,79.5394,1.86750,0.0
16356,0,0,0,1591.6200,-3023.6600,79.6951,5.63741,0.0
16356,0,0,0,1596.8600,-3051.4300,80.3504,2.00713,0.0
16356,0,0,0,1601.5500,-3062.5100,79.5382,0.50614,0.0
16356,0,0,0,1609.5200,-3080.4900,78.5546,4.20625,0.0
16356,0,0,0,1610.0300,-3054.4300,77.6714,2.23402,0.0
16356,0,0,0,1612.2600,-3020.5300,80.1317,5.49779,0.0
16356,0,0,0,1615.1800,-3043.4800,77.9448,4.04917,0.0
16356,0,0,0,1616.9200,-3032.2400,77.9181,4.04917,0.0
16356,0,0,0,1620.9400,-3053.0800,78.5073,6.24828,0.0
16356,0,0,0,1625.6500,-3040.6300,79.4046,3.26377,0.0
16356,0,0,0,1625.8900,-3025.5200,78.6135,4.46804,0.0
16356,0,0,0,1627.0200,-3068.6800,76.4933,4.06662,0.0
16356,0,0,0,1635.2600,-3052.0300,79.3638,2.80997,0.0
16356,0,0,0,1639.0100,-3033.5200,80.0769,1.37881,0.0
16356,0,0,0,1754.2800,-2822.6200,69.5536,4.20625,0.0
16356,0,0,0,1756.2700,-2838.5000,71.8524,4.46804,0.0
16356,0,0,0,1764.5200,-2853.8400,71.4485,6.24828,0.0
16356,0,0,0,1764.6500,-2870.4100,73.6183,4.46804,0.0
16356,0,0,0,1770.0400,-2833.6600,69.1137,5.49779,0.0
16356,0,0,0,1776.7200,-2847.6200,68.0293,3.26377,0.0
16356,0,0,0,1776.7300,-2862.1700,69.8869,0.50614,0.0
16356,0,0,0,1783.6300,-2797.3100,69.6425,4.06662,0.0
16356,0,0,0,1784.8100,-2827.1600,68.9084,1.09956,0.0
16356,0,0,0,1788.4100,-2854.8600,69.5864,5.63741,0.0
16356,0,0,0,1789.6200,-2811.8100,69.1659,1.85005,0.0
16356,0,0,0,1790.0000,-2870.0000,69.4880,2.00713,0.0
16356,0,0,0,1790.6700,-2839.5500,67.9582,5.20108,0.0
16356,0,0,0,1796.8000,-2883.2900,69.0800,5.81195,0.0
16356,0,0,0,1800.4300,-2858.7900,68.4132,1.86750,0.0
16356,0,0,0,1806.5700,-2895.5900,71.0175,3.14159,0.0
16356,0,0,0,1807.2500,-2871.8100,68.1865,5.53269,0.0
16356,0,0,0,1808.6400,-2810.6000,71.4553,2.23402,0.0
16356,0,0,0,1813.9700,-2881.8100,70.6050,0.22689,0.0
16356,0,0,0,1818.1200,-2792.3600,78.1475,4.03171,0.0
16356,0,0,0,1823.6800,-2869.1500,72.6406,1.88495,0.0
16356,0,0,0,1824.6400,-2815.4900,80.8515,4.04917,0.0
16356,0,0,0,1825.6100,-2841.0700,77.8605,0.71559,0.0
16356,0,0,0,1832.8600,-2799.4200,89.9933,3.03684,0.0
16356,0,0,0,1834.6800,-2826.1200,80.1513,4.04917,0.0
16356,0,0,0,1836.8600,-2846.5500,80.2934,1.95477,0.0
16356,0,0,0,1842.0800,-2865.7100,83.0356,2.80997,0.0
16356,0,0,0,1846.5900,-2836.9800,78.5254,1.37881,0.0
16356,0,0,0,1880.0300,-4775.6400,118.9080,4.06662,0.0
16356,0,0,0,1900.3800,-4771.4600,107.9220,1.88495,0.0
16356,0,0,0,1901.7300,-4804.1600,117.7850,5.81195,0.0
16356,0,0,0,1908.3700,-4756.0900,103.3810,1.95477,0.0
16356,0,0,0,1910.3600,-4804.9100,113.3120,3.23939,0.0
16356,0,0,0,1914.8600,-4768.5400,102.6730,0.71559,0.0
16356,0,0,0,1916.4300,-4800.1700,108.3680,3.94112,0.0
16356,0,0,0,1918.4600,-5104.8300,78.6254,3.03684,0.0
16356,0,0,0,1919.6500,-4726.7800,103.3510,3.26377,0.0
16356,0,0,0,1921.8800,-4755.4700,98.8025,1.86750,0.0
16356,0,0,0,1922.5600,-3092.5500,84.8936,4.03171,0.0
16356,0,0,0,1923.5000,-4796.7800,105.3500,1.09956,0.0
16356,0,0,0,1925.2200,-5146.3100,73.7998,2.80997,0.0
16356,0,0,0,1927.2500,-3115.4400,89.5502,4.20625,0.0
16356,0,0,0,1927.3700,-4775.6400,99.3061,1.15499,0.0
16356,0,0,0,1928.4100,-4788.1600,101.1610,5.53270,0.0
16356,0,0,0,1929.7000,-4811.1800,106.3140,4.46804,0.0
16356,0,0,0,1930.3200,-3128.1600,92.3846,3.03684,0.0
16356,0,0,0,1932.1200,-4738.8500,98.4199,5.63741,0.0
16356,0,0,0,1933.8200,-3105.1600,87.6127,0.50614,0.0
16356,0,0,0,1934.4800,-5106.6000,81.5771,5.49779,0.0
16356,0,0,0,1934.5000,-3089.6500,85.2839,6.24828,0.0
16356,0,0,0,1936.2100,-3078.9000,81.3924,5.49779,0.0
16356,0,0,0,1936.6400,-5122.0800,77.2904,0.50614,0.0
16356,0,0,0,1937.5100,-5136.4800,74.0787,1.88495,0.0
16356,0,0,0,1937.7900,-5168.9700,73.8352,0.22689,0.0
16356,0,0,0,1937.8900,-4727.8400,101.5810,6.24828,0.0
16356,0,0,0,1938.2200,-5153.8900,73.7006,5.53269,0.0
16356,0,0,0,1939.7100,-5093.6600,85.3817,4.20625,0.0
16356,0,0,0,1941.3500,-4781.7400,98.7184,4.04917,0.0
16356,0,0,0,1941.8300,-3111.6200,88.3198,5.63741,0.0
16356,0,0,0,1942.3000,-4798.7900,99.2277,1.85005,0.0
16356,0,0,0,1942.9100,-3099.6500,86.0871,5.20108,0.0
16356,0,0,0,1945.3300,-4746.0200,96.7858,5.20109,0.0
16356,0,0,0,1945.8100,-3120.0400,90.1894,1.88495,0.0
16356,0,0,0,1946.2800,-5116.1900,79.0226,2.00713,0.0
16356,0,0,0,1946.9200,-3085.1700,82.5324,1.86750,0.0
16356,0,0,0,1947.1200,-5129.1800,74.6231,5.20108,0.0
16356,0,0,0,1947.1400,-5142.5800,73.7133,5.63741,0.0
16356,0,0,0,1947.8100,-3067.5200,78.5057,4.46804,0.0
16356,0,0,0,1948.4900,-3130.4200,91.1517,0.22689,0.0
16356,0,0,0,1950.5700,-5105.4400,83.4558,6.24828,0.0
16356,0,0,0,1951.6200,-5182.8800,75.7269,3.14159,0.0
16356,0,0,0,1952.1300,-4767.6000,98.8590,2.23402,0.0
16356,0,0,0,1952.4700,-5154.0800,74.4785,4.04917,0.0
16356,0,0,0,1953.1000,-3115.7100,86.7831,0.71559,0.0
16356,0,0,0,1954.4700,-3079.9500,79.4626,3.26377,0.0
16356,0,0,0,1957.2900,-5095.3800,87.0630,5.81195,0.0
16356,0,0,0,1957.7100,-5164.1200,78.0502,1.85005,0.0
16356,0,0,0,1957.9000,-3125.0300,87.3232,5.53269,0.0
16356,0,0,0,1959.0500,-5115.4300,80.9018,2.23402,0.0
16356,0,0,0,1960.3000,-4754.9300,97.2724,2.00713,0.0
16356,0,0,0,1960.4100,-5144.6600,74.0155,1.86750,0.0
16356,0,0,0,1961.6500,-3086.9400,81.2841,2.00713,0.0
16356,0,0,0,1963.0600,-4740.1500,96.6595,0.50614,0.0
16356,0,0,0,1965.1700,-3119.4000,82.4700,4.04917,0.0
16356,0,0,0,1965.3300,-5104.5800,84.9795,3.26377,0.0
16356,0,0,0,1966.5400,-4717.0100,98.3666,0.22689,0.0
16356,0,0,0,1967.5400,-5156.1300,75.3015,1.95477,0.0
16356,0,0,0,1969.0700,-3130.9100,84.8494,4.46804,0.0
16356,0,0,0,1970.8400,-5116.7500,83.3690,4.04917,0.0
16356,0,0,0,1971.7900,-3107.7600,82.1643,4.04917,0.0
16356,0,0,0,1972.5600,-5094.8100,87.8344,4.46804,0.0
16356,0,0,0,1972.7300,-3093.2200,81.4991,2.23402,0.0
16356,0,0,0,1973.0400,-5169.4600,79.5659,4.06662,0.0
16356,0,0,0,1973.1900,-5143.4000,77.7543,0.71559,0.0
16356,0,0,0,1973.4200,-3082.1400,77.2806,1.09956,0.0
16356,0,0,0,1976.3000,-3117.3700,79.6319,1.95477,0.0
16356,0,0,0,1976.6300,-4751.1400,95.7854,5.49779,0.0
16356,0,0,0,1978.7000,-5104.9400,88.0376,1.09956,0.0
16356,0,0,0,1979.4400,-5155.3800,77.7833,4.46804,0.0
16356,0,0,0,1982.2600,-3130.7000,82.4981,1.37881,0.0
16356,0,0,0,1983.4100,-3107.4800,79.1300,1.85005,0.0
16356,0,0,0,1983.9000,-4803.0600,100.7010,3.14159,0.0
16356,0,0,0,1985.0200,-4733.8000,98.0468,4.46804,0.0
16356,0,0,0,1986.4300,-5137.6900,83.5169,1.37881,0.0
16356,0,0,0,1987.2200,-3089.9300,78.7242,5.81195,0.0
16356,0,0,0,1987.5400,-3073.5600,75.3340,3.14159,0.0
16356,0,0,0,1988.0200,-4748.8600,97.1419,5.97208,0.0
16356,0,0,0,1993.2200,-3117.5300,75.8745,2.80997,0.0
16356,0,0,0,1997.1400,-4768.3100,92.9923,3.03684,0.0
16356,0,0,0,1998.2600,-3100.4700,76.1631,4.06662,0.0
16356,0,0,0,1999.0500,-4747.7700,96.9688,4.03171,0.0
16356,0,0,0,2287.7400,-4912.9500,98.9361,0.22689,0.0
16356,0,0,0,2289.9100,-4894.2300,105.8820,5.81195,0.0
16356,0,0,0,2296.3200,-4938.8200,82.8966,2.23402,0.0
16356,0,0,0,2297.1400,-4990.1400,73.9808,5.49779,0.0
16356,0,0,0,2300.3300,-4909.2800,96.9081,4.04917,0.0
16356,0,0,0,2303.5100,-4924.8800,88.2932,4.04917,0.0
16356,0,0,0,2304.9200,-4950.0900,77.5079,2.00713,0.0
16356,0,0,0,2308.0300,-4891.6500,96.8087,1.95477,0.0
16356,0,0,0,2317.5200,-4917.4800,86.1716,0.71559,0.0
16356,0,0,0,2319.8100,-4995.4600,73.6680,4.20625,0.0
16356,0,0,0,2322.7300,-4955.7300,74.6833,1.86750,0.0
16356,0,0,0,2325.5400,-4973.2600,72.0680,3.26377,0.0
16356,0,0,0,2328.1100,-4937.0500,78.6050,5.20108,0.0
16356,0,0,0,2333.3600,-4921.6200,78.8639,5.63741,0.0
16356,0,0,0,2333.5900,-4907.3100,79.9320,5.53269,0.0
16356,0,0,0,2338.2300,-4951.5500,72.1418,0.50614,0.0
16356,0,0,0,2342.1000,-4966.0800,70.4122,1.09956,0.0
16356,0,0,0,2342.5300,-4932.7000,74.7631,1.88495,0.0
16356,0,0,0,2343.0700,-4984.6500,71.8132,4.06663,0.0
16356,0,0,0,2348.6700,-4913.0100,74.6708,6.24828,0.0
16356,0,0,0,2348.9100,-4896.2900,78.0656,1.37881,0.0
16356,0,0,0,2353.3600,-4948.5300,72.1315,1.85005,0.0
16356,0,0,0,2358.8200,-4966.1000,70.6148,2.80997,0.0
16356,0,0,0,2362.7800,-4922.8100,73.5862,4.46804,0.0
16356,0,0,0,2366.4700,-4908.5000,76.7359,4.46804,0.0
16386,0,0,0,-11498.7000,-3294.7200,43.3584,2.89725,0.0
16386,0,0,0,-11371.4000,-3223.0800,52.8462,1.23918,0.0
16386,0,0,0,-11362.7000,-2824.6800,59.6948,3.00197,0.0
16386,0,0,0,-11297.2000,-3340.3000,41.1480,6.09120,0.0
16386,0,0,0,-11201.1000,-2930.1600,76.1435,4.10152,0.0
16386,0,0,0,-11090.6000,-2803.5100,67.0964,0.27925,0.0
16386,0,0,0,-8333.1400,-1217.1300,197.5640,2.60054,0.0
16386,0,0,0,-8320.9700,-1001.0900,193.7580,2.60054,0.0
16386,0,0,0,-8100.7100,-1033.6600,158.1310,2.60054,0.0
16386,0,0,0,-7899.5000,-2433.1500,153.7340,2.60054,0.0
16386,0,0,0,-7733.5700,-2299.6100,157.6400,2.60054,0.0
16386,0,0,0,-7647.0400,-2547.5200,151.0490,2.60054,0.0
16386,0,0,0,1655.0700,-3034.0600,91.5934,2.60054,0.0
16386,0,0,0,1792.2800,-2899.8000,81.2749,2.60054,0.0
16386,0,0,0,1900.8600,-3088.0900,103.5350,2.60054,0.0
16386,0,0,0,2000.8000,-4824.3900,125.6720,2.60054,0.0
16386,0,0,0,2006.8500,-5044.0500,112.9680,2.60054,0.0
16386,0,0,0,2233.6200,-4933.1300,112.1190,2.60054,0.0
16398,0,0,0,-11472.5000,-3300.6400,62.1611,2.91470,0.0
16398,0,0,0,-11395.4000,-3298.5100,98.6445,1.30900,0.0
16398,0,0,0,-11343.3000,-3330.4900,68.0946,6.07375,0.0
16398,0,0,0,-11296.2000,-2834.1500,124.3220,3.00197,0.0
16398,0,0,0,-11215.6000,-2890.4300,124.7300,5.07891,0.0
16398,0,0,0,-11163.2000,-2823.3700,128.4130,0.27925,0.0
16398,0,0,0,-8267.1900,-1166.5500,195.5990,4.10152,0.0
16398,0,0,0,-8266.1600,-1067.2200,193.6660,4.10152,0.0
16398,0,0,0,-8177.0400,-1073.4100,180.3200,4.10152,0.0
16398,0,0,0,-7816.4800,-2433.5300,177.4150,4.10152,0.0
16398,0,0,0,-7733.7000,-2366.2800,173.0290,4.10152,0.0
16398,0,0,0,-7693.2000,-2489.5200,187.5120,4.10152,0.0
16398,0,0,0,1716.7600,-3033.7400,108.0110,4.10152,0.0
16398,0,0,0,1776.7600,-2966.7900,98.8574,4.10152,0.0
16398,0,0,0,1833.3100,-3066.7200,107.4890,4.10152,0.0
16398,0,0,0,2057.1900,-4887.0200,149.5650,4.10152,0.0
16398,0,0,0,2060.0000,-4967.8500,143.2800,4.10152,0.0
16398,0,0,0,2148.5200,-4933.4300,141.2730,4.10152,0.0
16401,0,0,0,-11402.1000,-3316.5500,111.2720,4.46804,0.0
16401,0,0,0,-11233.9000,-2841.7700,185.6860,4.45059,0.0
16401,0,0,0,-8232.7800,-1099.8600,201.5720,5.18363,0.0
16401,0,0,0,-7733.7100,-2432.7400,190.8690,2.67035,0.0
16401,0,0,0,1766.6700,-3033.3400,132.8880,5.18363,0.0
16401,0,0,0,2101.6900,-4930.0300,168.3640,1.04720,0.0
16421,0,0,0,-11402.1000,-3316.5500,111.2720,4.46804,0.0
16421,0,0,0,-11233.9000,-2841.7700,185.6860,4.45059,0.0
16421,0,0,0,-8232.7800,-1099.8600,201.5720,5.18363,0.0
16421,0,0,0,-7733.7100,-2432.7400,190.8690,2.67035,0.0
16421,0,0,0,1766.6700,-3033.3400,132.8880,5.18363,0.0
16421,0,0,0,2101.6900,-4930.0300,168.3640,1.04720,0.0
16422,0,0,0,-9240.1800,422.2180,87.1437,4.53702,3.0
16422,0,0,0,-9238.1500,347.6640,75.2434,3.63841,3.0
16422,0,0,0,-9227.7800,354.6590,73.9924,5.28361,3.0
16422,0,0,0,-9225.5900,257.4810,72.3278,2.69825,3.0
16422,0,0,0,-9223.0400,321.6730,73.5797,0.42891,3.0
16422,0,0,0,-9211.6200,321.2440,74.0062,3.87759,3.0
16422,0,0,0,-9210.2600,254.4480,73.1851,3.37853,3.0
16422,0,0,0,-9209.0700,354.1700,73.7191,3.20608,3.0
16422,0,0,0,-9208.1700,424.2420,89.1149,3.98755,3.0
16422,0,0,0,-9195.0500,447.2730,94.9682,1.80110,3.0
16422,0,0,0,-9192.8000,426.3480,91.4842,3.48435,3.0
16422,0,0,0,-9175.3900,409.8300,89.2342,1.32392,3.0
16422,0,0,0,-9155.3900,405.8940,92.2746,4.10208,3.0
16422,0,0,0,1957.8000,308.5420,40.6947,0.47664,3.0
16422,0,0,0,1976.1700,343.7860,41.3810,2.58756,3.0
16422,0,0,0,1976.4400,322.7860,39.8441,4.52805,3.0
16422,0,0,0,1991.1500,291.5690,45.5211,3.39138,3.0
16422,0,0,0,2008.5700,278.0800,47.6860,0.35379,3.0
16422,0,0,0,2008.7800,322.7160,42.6059,2.88110,3.0
16422,0,0,0,2010.0200,308.0770,44.9585,0.92125,3.0
16422,0,0,0,2012.9000,345.2820,41.5042,0.58948,3.0
16422,0,0,0,2024.6800,292.0910,54.2237,4.48811,3.0
16422,0,0,0,2026.6500,307.2230,50.1860,5.55607,3.0
16423,0,0,0,-9223.8800,310.1060,74.2957,0.75254,3.0
16423,0,0,0,-9223.4900,237.8560,73.1125,0.77209,3.0
16423,0,0,0,-9223.0600,338.4040,73.7205,2.75408,3.0
16423,0,0,0,-9222.2200,425.0650,89.4025,4.21001,3.0
16423,0,0,0,-9217.2500,247.5870,72.9917,2.16952,3.0
16423,0,0,0,-9208.9800,340.3650,72.7192,2.96508,3.0
16423,0,0,0,-9208.6400,306.9760,74.7320,1.83224,3.0
16423,0,0,0,-9201.2600,469.7230,99.9442,5.42893,3.0
16423,0,0,0,-9193.8100,359.4060,74.7811,6.00839,3.0
16423,0,0,0,-9192.1500,375.4300,74.4332,2.85673,3.0
16423,0,0,0,-9172.5200,417.2640,91.6123,4.64948,3.0
16423,0,0,0,-9160.4100,427.1050,94.5470,1.97072,3.0
16423,0,0,0,1958.7700,340.3610,39.3685,6.18999,3.0
16423,0,0,0,1958.9900,323.6260,39.1926,1.67635,3.0
16423,0,0,0,1975.2100,310.1190,41.0548,1.63022,3.0
16423,0,0,0,1980.0300,291.3800,41.9937,1.98212,3.0
16423,0,0,0,1988.3200,347.4120,39.9703,2.25939,3.0
16423,0,0,0,1989.9400,277.6590,46.5704,3.44009,3.0
16423,0,0,0,1992.6900,308.9940,41.6674,2.17924,3.0
16423,0,0,0,2011.6300,289.9920,48.3066,3.96708,3.0
16423,0,0,0,2025.2700,324.3310,46.6363,2.58827,3.0
16423,0,0,0,2041.4600,326.8580,51.9176,5.84685,3.0
16437,0,0,0,-5403.6100,-769.9980,395.0090,4.33351,3.0
16437,0,0,0,-5394.5900,-735.0210,396.2740,2.53808,3.0
16437,0,0,0,-5376.0200,-766.2470,396.9910,4.50935,3.0
16437,0,0,0,-5369.4400,-704.4840,396.1890,2.21078,3.0
16437,0,0,0,-5369.2600,-794.8650,398.4460,2.03113,3.0
16437,0,0,0,-5361.1000,-739.6920,396.0040,4.67980,3.0
16437,0,0,0,-5342.5900,-697.6900,393.2380,2.01078,3.0
16437,0,0,0,-5334.5700,-793.8670,389.6190,5.25991,3.0
16437,0,0,0,-5310.2100,-704.7950,392.3320,2.05800,3.0
16437,0,0,0,-5307.5200,-765.8560,389.2790,1.85054,3.0
16437,0,0,0,-5300.1700,-679.5180,388.4300,4.67537,3.0
16437,0,0,0,-5292.9900,-733.9810,388.4570,4.74359,3.0
16437,0,0,0,-5276.2300,-699.5300,390.2940,3.06181,3.0
16437,0,0,0,-5271.2500,-754.0120,391.3320,3.62271,3.0
16438,0,0,0,-5382.4100,-715.4550,397.3290,1.10032,3.0
16438,0,0,0,-5382.1000,-752.4020,395.6630,4.74168,3.0
16438,0,0,0,-5381.8700,-782.6540,396.9460,3.81908,3.0
16438,0,0,0,-5355.9200,-787.2190,399.2730,3.54525,3.0
16438,0,0,0,-5353.2700,-719.4820,394.9730,5.07917,3.0
16438,0,0,0,-5350.1900,-745.7610,395.6230,2.02289,3.0
16438,0,0,0,-5348.9900,-685.4860,395.1360,5.31834,3.0
16438,0,0,0,-5320.8300,-783.3340,388.4570,2.85306,3.0
16438,0,0,0,-5319.6000,-751.9920,388.7820,3.77360,3.0
16438,0,0,0,-5318.3300,-681.0080,390.1450,2.13849,3.0
16438,0,0,0,-5313.8000,-722.1810,398.1760,5.61393,3.0
16438,0,0,0,-5289.3700,-753.1250,390.4090,0.37946,3.0
16438,0,0,0,-5285.2500,-713.9170,388.4570,2.61262,3.0
16438,0,0,0,-5284.5000,-684.2370,389.0980,3.77411,3.0
16438,0,0,0,-5252.3500,-748.0790,389.2190,2.09847,3.0
16478,0,0,0,-8955.3200,523.4140,96.4400,3.78736,0.0
16484,0,0,0,-5027.1800,-806.9810,496.4840,3.00197,0.0
16494,0,0,0,1736.8700,239.5560,62.7903,6.26573,0.0
16592,0,0,0,-14375.5000,115.6080,1.5261,1.01229,0.0
16592,0,0,0,-14287.7000,61.6437,0.7384,1.44862,0.0
16592,0,0,0,-10952.7000,-3217.3900,41.4308,0.76794,0.0
16592,0,0,0,-10704.9000,-1147.3000,25.3444,3.47321,0.0
16592,0,0,0,-10656.5000,1054.6000,32.7929,0.03491,0.0
16592,0,0,0,-10331.6000,-3296.4500,22.1491,2.70526,0.0
16592,0,0,0,-9434.6900,-2112.2700,66.2038,2.53072,0.0
16592,0,0,0,-9395.2000,36.6331,60.3541,1.79769,0.0
16592,0,0,0,-8837.0400,857.6570,98.8596,4.20625,0.0
16592,0,0,0,-8249.6400,-2625.5200,133.2380,1.53589,0.0
16592,0,0,0,-7597.2700,-2086.2300,125.6710,0.08727,0.0
16592,0,0,0,-6705.1900,-2200.8700,249.0740,5.34071,0.0
16592,0,0,0,-5405.1400,-494.3580,395.7110,5.95157,0.0
16592,0,0,0,-5232.7200,-2892.5100,337.4290,1.16937,0.0
16592,0,0,0,-4700.2800,-1224.3400,501.7430,4.13643,0.0
16592,0,0,0,-3447.8700,-938.6490,11.2162,5.35816,0.0
16592,0,0,0,-1210.7900,-2676.7000,45.4115,2.58308,0.0
16592,0,0,0,-1135.5800,-3533.0700,51.2315,5.56760,0.0
16592,0,0,0,-604.1420,-546.3040,36.9692,3.45576,0.0
16592,0,0,0,-448.1180,-4527.0800,8.9615,0.01745,0.0
16592,0,0,0,-136.8240,-802.0290,55.3235,3.10665,0.0
16592,0,0,0,187.5910,-2133.5500,102.6650,2.05949,0.0
16592,0,0,0,586.9820,1365.7100,90.9220,0.06981,0.0
16592,0,0,0,999.0340,-1453.9700,61.1303,5.04400,0.0
16592,0,0,0,1822.2700,218.6390,59.9757,6.24828,0.0
16592,0,0,0,2278.5300,455.5560,33.9523,3.85718,0.0
17066,0,0,0,-14392.0000,132.5130,7.2909,5.77704,0.0
17066,0,0,0,-14277.4000,47.3126,7.3150,5.77704,0.0
17066,0,0,0,-10961.7000,-3232.8500,47.9308,5.77704,0.0
17066,0,0,0,-10677.1000,-1153.9800,32.3934,5.77704,0.0
17066,0,0,0,-10644.8000,1078.6600,41.6278,5.77704,0.0
17066,0,0,0,-10359.5000,-3303.7300,29.0269,5.77704,0.0
17066,0,0,0,-9443.2200,-2133.3600,73.8785,5.77704,0.0
17066,0,0,0,-9376.2800,10.3660,69.4800,5.77704,0.0
17066,0,0,0,-8843.2200,845.6570,105.5960,3.14159,0.0
17066,0,0,0,-8261.6700,-2638.0500,139.9800,5.77704,0.0
17066,0,0,0,-7607.6400,-2070.4200,135.2250,5.77704,0.0
17066,0,0,0,-6681.2100,-2197.0700,255.3110,5.77704,0.0
17066,0,0,0,-5435.5900,-493.5500,403.1850,5.77704,0.0
17066,0,0,0,-5247.3400,-2872.9300,345.3600,5.77704,0.0
17066,0,0,0,-4703.9200,-1237.2500,508.2430,3.61284,0.0
17066,0,0,0,-3425.2800,-961.5760,16.9709,5.77704,0.0
17066,0,0,0,-1190.4900,-2672.8800,52.9978,5.77704,0.0
17066,0,0,0,-1133.5300,-3555.7200,57.8370,5.77704,0.0
17066,0,0,0,-630.4730,-534.3790,39.8439,5.77704,0.0
17066,0,0,0,-480.9500,-4538.8600,17.9323,5.77704,0.0
17066,0,0,0,-117.5760,-823.5950,62.9127,5.77704,0.0
17066,0,0,0,177.2750,-2103.4000,113.7290,5.77704,0.0
17066,0,0,0,601.0760,1342.9000,95.3240,5.77704,0.0
17066,0,0,0,1002.2800,-1432.4700,70.6407,5.77704,0.0
17066,0,0,0,1785.0600,220.2730,66.2979,3.90954,0.0
17066,0,0,0,2288.6300,422.0860,40.6969,5.77704,0.0
17689,0,0,0,1853.8800,-3722.8900,162.3080,4.76475,0.0
17690,0,0,0,2562.0900,-4796.2500,110.2960,0.50614,0.0
17696,0,0,0,3169.9800,-4374.9800,139.7150,2.84489,0.0
17698,0,0,0,2973.2300,-3037.3100,120.3810,2.35619,0.0
17795,0,0,0,1860.4800,-3731.3400,197.7780,2.42601,0.0
17795,0,0,0,2574.0000,-4794.7900,145.8810,1.95477,0.0
17795,0,0,0,2963.0200,-3041.9000,155.9650,4.27606,0.0
17795,0,0,0,3180.4800,-4379.0700,174.9950,2.74017,0.0
18927,0,0,0,-8855.7100,651.8470,96.6921,5.72468,0.0
18927,0,0,0,-8854.7800,649.8300,96.7417,1.43117,0.0
18927,0,0,0,-8837.9000,553.1540,95.9797,0.15708,0.0
18927,0,0,0,-8837.2400,554.9110,95.7169,5.04400,0.0
19148,0,0,0,-4901.8000,-958.9550,501.5430,1.01229,0.0
19148,0,0,0,-4900.8700,-957.3140,501.5410,4.17134,0.0
19172,0,0,0,-4831.7400,-1172.5800,502.2780,6.19592,0.0
19172,0,0,0,-4829.8800,-1173.2500,502.2770,2.49582,0.0
19178,0,0,0,1573.0400,265.9550,-43.0193,0.59341,0.0
19178,0,0,0,1574.5500,267.5830,-43.0193,3.76991,0.0
19178,0,0,0,1626.7000,222.7000,-43.0193,1.01229,0.0
19178,0,0,0,1627.8000,224.5700,-43.0193,4.15388,0.0
20102,0,0,0,-14469.6000,462.2230,36.9248,0.27925,0.0
20102,0,0,0,-14468.7000,463.6420,36.9241,4.13643,0.0
20102,0,0,0,-14440.2000,510.3010,26.2619,5.07891,0.0
20102,0,0,0,-14440.1000,509.0340,26.2717,1.34390,0.0
20102,0,0,0,-14314.0000,507.1090,8.6883,1.22173,0.0
20102,0,0,0,-14313.5000,508.8530,8.6912,4.27606,0.0
22985,0,0,0,-9321.1600,270.7560,68.0387,6.23488,0.0
23033,0,0,0,2333.1700,-5680.4400,391.1370,5.98648,0.0
23050,0,0,0,-8721.1500,471.0260,98.7131,5.99581,0.0
23487,0,0,0,-5342.2300,-533.4200,392.8500,4.59000,10.0
23487,0,0,0,-5322.2000,-525.5500,390.4700,2.49000,10.0
23487,0,0,0,-5298.2400,-595.5000,388.9000,0.69000,10.0
23487,0,0,0,-5279.5900,-537.4500,386.8300,4.72000,10.0
23487,0,0,0,-5269.8800,-510.4700,388.7700,5.86000,10.0
23487,0,0,0,-5264.9000,-454.2600,388.7300,3.15000,10.0
23487,0,0,0,-5263.9100,-546.6500,388.1400,2.76000,10.0
23487,0,0,0,-5226.0300,-441.6700,388.2100,1.64000,10.0
23487,0,0,0,-5216.5200,-522.7400,390.4700,4.25000,10.0
23487,0,0,0,-5214.0700,-504.0800,388.5100,4.31000,10.0
23487,0,0,0,-5211.3100,-488.3000,388.8200,1.48000,10.0
23487,0,0,0,-5209.6300,-533.8200,393.1300,1.41000,10.0
23487,0,0,0,-5203.9200,-558.2000,397.3900,1.65000,10.0
23487,0,0,0,-5200.6400,-585.0700,398.5700,4.47000,10.0
23487,0,0,0,-5200.3800,-461.0100,388.8300,0.57000,10.0
23487,0,0,0,-5198.9000,-604.0400,400.4400,3.53000,10.0
23487,0,0,0,-5197.8100,-573.1700,399.7500,0.31000,10.0
23487,0,0,0,-5195.8700,-513.2100,389.5000,5.37000,10.0
23487,0,0,0,-5190.1300,-607.3200,397.3000,0.00000,10.0
23487,0,0,0,-5186.1900,-544.1800,397.2800,1.27000,10.0
23487,0,0,0,-5183.4500,-519.9000,391.3600,0.53000,10.0
23487,0,0,0,-5180.5400,-488.8800,387.1000,0.52000,10.0
23487,0,0,0,-5179.2600,-563.7200,397.2800,0.11000,10.0
23487,0,0,0,-5176.1000,-607.1100,397.3000,3.29000,10.0
23487,0,0,0,-5175.9900,-566.0200,396.4400,3.00000,10.0
23487,0,0,0,-5171.5700,-488.2100,390.6100,3.99000,10.0
23487,0,0,0,-5157.6200,-539.3300,403.4400,3.51000,10.0
23487,0,0,0,-5150.3100,-547.6000,398.5400,5.50000,10.0
23487,0,0,0,-5149.6400,-611.7200,398.5700,2.03000,10.0
23507,0,0,0,-9159.3200,359.0210,89.1500,3.33030,5.0
23507,0,0,0,-9147.8900,341.1950,90.2033,1.42310,5.0
23507,0,0,0,-9139.2500,378.1970,90.7553,0.29040,5.0
23507,0,0,0,-9130.2800,356.6690,92.7542,0.19120,5.0
23507,0,0,0,-9121.2400,370.5500,93.1852,3.01760,5.0
23507,0,0,0,-9113.2500,359.7860,93.7622,0.43630,5.0
23507,0,0,0,-9111.0600,284.6110,97.5690,5.29260,5.0
23507,0,0,0,-9108.6900,376.8310,93.9001,5.52480,5.0
23507,0,0,0,-9095.4400,289.6140,94.3966,4.29400,5.0
23507,0,0,0,-9086.3700,340.9140,93.7440,4.36600,5.0
23507,0,0,0,-9085.3700,384.4150,92.9885,3.33440,5.0
23507,0,0,0,-9078.9300,301.5690,92.8966,0.12700,5.0
23507,0,0,0,-9078.5900,364.5080,93.7922,5.87460,5.0
23507,0,0,0,-9076.5100,352.0710,93.7285,2.51330,5.0
23507,0,0,0,-9069.4600,375.6950,92.6135,0.94460,5.0
23507,0,0,0,-9060.3400,351.7880,93.2083,0.41270,5.0
23507,0,0,0,-9059.8100,302.7410,94.0216,2.93050,5.0
23507,0,0,0,-9059.5300,337.9610,94.0833,0.96860,5.0
23507,0,0,0,-9052.2000,368.6350,92.9117,1.65250,5.0
23507,0,0,0,-9051.1800,320.2090,93.1466,6.13330,5.0
23507,0,0,0,-9045.5700,339.2390,94.5833,2.27910,5.0
23507,0,0,0,-9042.5000,347.9370,93.9583,2.81550,5.0
23507,0,0,0,-9029.8000,338.5950,93.5430,5.02630,5.0
23530,0,0,0,1740.5900,255.2840,62.0360,2.22360,5.0
23530,0,0,0,1742.5500,225.2370,62.0214,1.16910,5.0
23530,0,0,0,1757.5600,192.5130,70.3996,2.99370,5.0
23530,0,0,0,1763.9500,284.7620,70.3996,5.77270,5.0
23530,0,0,0,1776.1800,188.3830,57.7717,0.85610,5.0
23530,0,0,0,1778.3700,288.9960,57.7717,3.62010,5.0
23530,0,0,0,1782.6200,284.3280,70.3996,6.09040,5.0
23530,0,0,0,1784.6100,193.4670,70.3996,3.34750,5.0
23530,0,0,0,1785.3700,215.8710,59.7939,5.00910,5.0
23530,0,0,0,1786.5300,259.9050,59.4900,3.43240,5.0
23530,0,0,0,1795.6900,327.1280,70.8200,5.20550,5.0
23530,0,0,0,1799.7200,288.6160,57.7717,6.00510,5.0
23530,0,0,0,1800.6400,189.3170,57.7717,6.19980,5.0
23530,0,0,0,1802.5700,191.4800,70.3996,3.57490,5.0
23530,0,0,0,1805.2600,219.7170,60.3543,2.12550,5.0
23530,0,0,0,1805.6500,284.6030,70.4830,1.28190,5.0
23530,0,0,0,1805.7400,256.0460,60.7974,4.23990,5.0
23530,0,0,0,1816.7200,327.1450,70.8151,1.07770,5.0
23530,0,0,0,1825.0200,194.3430,70.3996,3.25100,5.0
23530,0,0,0,1832.2200,283.1420,70.3996,3.07680,5.0
23530,0,0,0,1841.8000,194.8890,70.3996,2.55870,5.0
23712,0,0,0,-9431.9800,56.7107,56.6996,6.16101,0.0
23712,0,0,0,-9431.3200,55.0524,56.6871,3.38594,0.0
23712,0,0,0,-9431.0100,58.3279,56.7729,5.48033,0.0
23712,0,0,0,-9428.7200,54.0571,56.8190,1.91986,0.0
23712,0,0,0,-5623.9900,-472.7610,397.1550,5.93412,0.0
23712,0,0,0,-5622.8700,-474.2300,397.0640,5.91667,0.0
23712,0,0,0,-5622.7800,-470.6750,397.3930,5.34071,0.0
23712,0,0,0,-5620.9900,-471.1530,397.3330,5.48033,0.0
23971,0,0,0,2238.2700,281.6740,35.0613,0.85521,0.0
23971,0,0,0,2239.6500,281.1410,34.9765,1.83260,0.0
23971,0,0,0,2240.6600,282.4130,35.0363,2.89725,0.0
23971,0,0,0,2240.9300,283.7060,35.1031,3.63028,0.0
23973,0,0,0,2239.5100,282.7980,35.1478,5.28835,0.0
24202,0,0,0,-4916.6800,-948.6740,501.5120,5.39792,0.0
24203,0,0,0,-4970.7700,-1209.3400,501.8290,4.54968,0.0
24204,0,0,0,-4689.6400,-1234.3200,501.6590,0.76798,0.0
24205,0,0,0,-4663.3300,-963.8280,500.3750,2.07960,0.0
24462,0,0,0,-5185.6200,-484.1720,387.1300,6.27273,0.0
24463,0,0,0,-5188.0400,-487.6650,386.8800,1.89749,0.0
24519,0,0,0,-9429.9200,56.1355,56.7913,2.98451,0.0
24519,0,0,0,-5621.9500,-472.8370,397.1400,5.67232,0.0
25058,0,0,0,-8864.5900,670.1960,106.0720,1.32645,0.0
25109,0,0,0,-14403.3000,415.1980,10.3524,0.60121,0.0
26258,0,0,0,-14286.1000,63.8062,0.7717,0.00000,0.0
26258,0,0,0,-10951.5000,-3218.1000,41.4308,1.91986,0.0
26258,0,0,0,-10704.8000,-1146.3800,24.8742,2.09440,0.0
26258,0,0,0,-10657.1000,1054.6300,32.7567,2.47837,0.0
26258,0,0,0,-9434.3000,-2110.3600,65.8871,0.34907,0.0
26258,0,0,0,-9392.2100,39.5017,59.9653,0.00000,0.0
26258,0,0,0,-8836.0400,858.6570,98.8596,0.00000,0.0
26258,0,0,0,-8247.5300,-2623.9900,133.2380,0.00000,0.0
26258,0,0,0,-5404.9300,-492.2990,395.6810,5.77704,0.0
26258,0,0,0,-5233.1600,-2893.3700,337.3690,6.05629,0.0
26258,0,0,0,-4699.2800,-1223.3400,501.7430,0.00000,0.0
26258,0,0,0,-3448.2000,-938.1020,10.7417,0.03491,0.0
26258,0,0,0,-1209.6000,-2674.8800,45.4445,0.00000,0.0
26258,0,0,0,-604.1480,-545.8120,36.6623,0.69813,0.0
26258,0,0,0,188.2430,-2132.5300,102.7570,4.90438,0.0
26258,0,0,0,999.0450,-1453.8400,60.8197,3.68264,0.0
26355,0,0,0,-14374.7000,117.9210,1.5365,0.00000,0.0
26355,0,0,0,-10331.4000,-3297.7300,22.0826,3.38594,0.0
26355,0,0,0,-7596.4200,-2086.6000,125.2540,5.34071,0.0
26355,0,0,0,-6704.4800,-2200.9100,248.6920,0.01745,0.0
26355,0,0,0,-1132.8400,-3529.8100,51.1553,0.00000,0.0
26355,0,0,0,-447.9500,-4527.6500,8.6793,1.53589,0.0
26355,0,0,0,-134.6880,-802.7670,55.0981,4.66003,0.0
26355,0,0,0,589.0560,1367.0200,90.5612,0.00000,0.0
26355,0,0,0,1823.2700,219.6390,59.9757,0.00000,0.0
26355,0,0,0,2281.2500,458.0090,33.9504,0.00000,0.0
26401,0,0,0,-14298.2000,55.3486,1.5756,2.54818,0.0
26401,0,0,0,-10943.7000,-3228.1000,41.5281,4.52040,0.0
26401,0,0,0,-10697.6000,-1158.4100,25.0940,3.90954,0.0
26401,0,0,0,-10645.8000,1061.6200,33.1946,5.49779,0.0
26401,0,0,0,-9425.8200,-2119.2000,66.5052,4.17939,0.0
26401,0,0,0,-9386.2300,26.1518,60.8015,4.52040,0.0
26401,0,0,0,-8261.7200,-2618.0300,133.7710,1.34390,0.0
26401,0,0,0,-5415.3600,-497.5140,396.7890,4.76475,0.0
26401,0,0,0,-5243.6100,-2892.8000,338.3070,1.93732,0.0
26401,0,0,0,-3442.6600,-947.7680,9.9999,4.10152,0.0
26401,0,0,0,-1208.2400,-2664.6800,45.4897,5.93412,0.0
26401,0,0,0,-612.2350,-547.7180,36.5271,4.52040,0.0
26401,0,0,0,183.0360,-2129.6700,103.0820,3.66519,0.0
26401,0,0,0,1009.1600,-1451.0100,62.0786,5.16617,0.0
26520,0,0,0,-14367.2000,122.1660,1.3238,5.72468,0.0
26520,0,0,0,-10342.1000,-3294.8400,22.9003,1.79769,0.0
26520,0,0,0,-7599.5600,-2078.4900,126.4770,2.79253,0.0
26520,0,0,0,-6698.6900,-2196.1500,248.6370,1.57080,0.0
26520,0,0,0,-1126.3000,-3540.4700,50.8429,3.99680,0.0
26520,0,0,0,-460.1880,-4526.5200,10.3584,1.86750,0.0
26520,0,0,0,-144.4770,-810.0430,55.7344,2.42601,0.0
26520,0,0,0,591.2760,1364.5900,90.5209,1.01229,0.0
26520,0,0,0,2278.4700,444.4810,34.2097,3.15905,0.0
27346,0,1537,1537,-5041.9100,-1250.2000,507.7600,1.37000,0.0
28987,0,0,0,-10895.8000,-381.0280,40.1250,2.66900,0.0
32820,0,0,0,-10154.0000,619.3000,27.0520,4.30400,20.0
32820,0,0,0,-10111.0000,648.9590,36.8860,5.35700,20.0
32820,0,0,0,-10107.0000,690.7020,32.0810,3.96200,20.0
32820,0,0,0,-10085.0000,687.3270,35.0460,5.84900,20.0
32820,0,0,0,-10083.0000,545.9190,29.1480,0.69500,20.0
32820,0,0,0,-10071.0000,633.1840,39.4490,6.17400,20.0
32820,0,0,0,-10059.0000,155.7310,27.6840,3.86300,20.0
32820,0,0,0,-10056.0000,553.1980,32.7060,2.99200,20.0
32820,0,0,0,-10055.0000,49.1710,31.8820,3.21700,20.0
32820,0,0,0,-10049.0000,48.8270,32.9670,5.34000,20.0
32820,0,0,0,-10045.0000,225.8860,27.4510,3.41300,20.0
32820,0,0,0,-10043.0000,139.9080,28.9270,3.60300,20.0
32820,0,0,0,-10042.0000,139.4660,29.2290,1.22300,20.0
32820,0,0,0,-10042.0000,674.0650,36.1480,2.34700,20.0
32820,0,0,0,-10039.0000,283.2980,30.4200,6.26700,20.0
32820,0,0,0,-10033.0000,72.4850,34.8090,0.91600,20.0
32820,0,0,0,-10031.0000,143.3280,31.6990,0.89600,20.0
32820,0,0,0,-10027.0000,185.9750,29.6860,0.00000,20.0
32820,0,0,0,-10022.0000,20.2830,36.0880,5.39100,20.0
32820,0,0,0,-10019.0000,660.5720,36.2860,1.03800,20.0
32820,0,0,0,-10017.0000,654.0890,37.1490,5.41200,20.0
32820,0,0,0,-10016.0000,383.1180,33.0560,5.04300,20.0
32820,0,0,0,-10014.0000,37.6050,35.2530,0.76800,20.0
32820,0,0,0,-10014.0000,108.0500,33.9460,2.44700,20.0
32820,0,0,0,-10012.0000,216.2850,30.0950,1.12300,20.0
32820,0,0,0,-10010.0000,325.8040,32.0680,2.68800,20.0
32820,0,0,0,-10010.0000,582.3990,38.9460,5.94900,20.0
32820,0,0,0,-10008.0000,65.2120,34.8660,0.26200,20.0
32820,0,0,0,-10008.0000,209.3630,30.6280,0.80200,20.0
32820,0,0,0,-10008.0000,225.1410,30.1280,3.08600,20.0
32820,0,0,0,-10005.0000,52.8200,34.6540,0.29700,20.0
32820,0,0,0,-10002.0000,657.1140,36.6230,1.81500,20.0
32820,0,0,0,-9999.0000,206.4310,30.7980,0.05900,20.0
32820,0,0,0,-9999.0000,273.5470,32.8710,0.12000,20.0
32820,0,0,0,-9997.0000,356.6140,35.0860,5.82500,20.0
32820,0,0,0,-9997.0000,665.2040,36.6680,3.77000,20.0
32820,0,0,0,-9995.0000,471.1220,33.0460,5.38400,20.0
32820,0,0,0,-9993.0000,233.3770,30.4300,3.64700,20.0
32820,0,0,0,-9993.0000,298.4910,34.7110,1.19500,20.0
32820,0,0,0,-9993.0000,319.1260,35.1560,5.74800,20.0
32820,0,0,0,-9991.0000,474.7280,33.6540,6.09800,20.0
32820,0,0,0,-9990.0000,310.4450,35.3330,3.76900,20.0
32820,0,0,0,-9989.0000,238.4630,30.2350,2.08700,20.0
32820,0,0,0,-9989.0000,270.9740,33.0690,1.40600,20.0
32820,0,0,0,-9988.0000,472.1140,34.0290,1.64600,20.0
32820,0,0,0,-9987.0000,303.1280,34.9830,3.13200,20.0
32820,0,0,0,-9986.0000,191.4260,31.5170,1.05700,20.0
32820,0,0,0,-9986.0000,453.7460,35.5460,0.01800,20.0
32820,0,0,0,-9985.0000,446.0730,36.3200,4.07900,20.0
32820,0,0,0,-9984.0000,448.1630,36.1950,5.49700,20.0
32820,0,0,0,-9982.0000,562.6270,37.8850,1.27400,20.0
32820,0,0,0,-9981.0000,542.1020,37.1900,5.02600,20.0
32820,0,0,0,-9980.0000,156.7900,34.3490,0.19900,20.0
32820,0,0,0,-9979.0000,644.9910,37.1250,5.19800,20.0
32820,0,0,0,-9976.0000,-24.0000,35.0400,2.75400,20.0
32820,0,0,0,-9975.0000,-27.0000,34.7620,4.23000,20.0
32820,0,0,0,-9975.0000,292.8990,36.3360,4.86000,20.0
32820,0,0,0,-9962.0000,307.3190,36.9920,0.28400,20.0
32820,0,0,0,-9960.0700,-154.1300,21.9752,5.60729,20.0
32820,0,0,0,-9960.0000,-144.0000,24.5900,0.61800,20.0
32820,0,0,0,-9958.6100,-153.2700,22.3896,5.70390,20.0
32820,0,0,0,-9958.0200,-155.2970,22.3585,5.67327,20.0
32820,0,0,0,-9957.0000,-1421.0000,25.0770,0.99400,20.0
32820,0,0,0,-9957.0000,-1280.0000,24.7660,2.88500,20.0
32820,0,0,0,-9957.0000,-274.0000,26.3670,3.35100,20.0
32820,0,0,0,-9957.0000,-46.0000,33.1970,3.96400,20.0
32820,0,0,0,-9955.0000,41.7740,33.4760,1.12700,20.0
32820,0,0,0,-9954.5200,222.7970,26.3280,4.94774,20.0
32820,0,0,0,-9954.0000,554.6000,39.2560,0.45700,20.0
32820,0,0,0,-9953.1700,491.6230,31.3760,1.92737,20.0
32820,0,0,0,-9952.0000,-133.0000,25.4520,3.59400,20.0
32820,0,0,0,-9952.0000,-19.0000,34.4340,5.49400,20.0
32820,0,0,0,-9951.0000,675.7310,32.1080,3.04500,20.0
32820,0,0,0,-9950.0000,413.2630,35.0430,3.40900,20.0
32820,0,0,0,-9950.0000,615.6130,37.2910,1.16900,20.0
32820,0,0,0,-9950.0000,621.9180,37.3560,5.06100,20.0
32820,0,0,0,-9948.0000,-55.0000,32.8470,5.10900,20.0
32820,0,0,0,-9948.0000,-20.0000,34.2000,5.98400,20.0
32820,0,0,0,-9947.0000,-44.0000,33.2300,1.30800,20.0
32820,0,0,0,-9946.0000,129.1340,33.3650,0.59600,20.0
32820,0,0,0,-9946.0000,604.2660,38.3560,1.85700,20.0
32820,0,0,0,-9944.6400,-150.4100,25.0081,1.68865,20.0
32820,0,0,0,-9937.0000,650.7550,33.5370,0.56500,20.0
32820,0,0,0,-9936.0000,583.8540,37.8950,3.95700,20.0
32820,0,0,0,-9933.0000,-1164.0000,20.9410,4.45100,20.0
32820,0,0,0,-9933.0000,-1093.0000,23.4600,6.13300,20.0
32820,0,0,0,-9931.0000,-45.0000,30.8830,5.49700,20.0
32820,0,0,0,-9929.0000,-1157.0000,22.2150,3.42100,20.0
32820,0,0,0,-9929.0000,-1098.0000,24.0900,2.89700,20.0
32820,0,0,0,-9928.0000,-1452.0000,27.6200,1.30800,20.0
32820,0,0,0,-9925.0000,-90.0000,29.8810,0.51700,20.0
32820,0,0,0,-9924.0000,-979.0000,20.8540,2.20900,20.0
32820,0,0,0,-9924.0000,38.3870,32.5950,3.14200,20.0
32820,0,0,0,-9923.0000,-1477.0000,24.1700,2.61600,20.0
32820,0,0,0,-9923.0000,79.1560,32.6970,3.52600,20.0
32820,0,0,0,-9921.0000,-1244.0000,25.0300,2.62800,20.0
32820,0,0,0,-9920.0000,-419.0000,24.9200,3.00400,20.0
32820,0,0,0,-9920.0000,613.9340,40.7590,3.77000,20.0
32820,0,0,0,-9919.0000,-64.0000,30.6930,1.27700,20.0
32820,0,0,0,-9918.0000,-839.0000,20.0290,1.62200,20.0
32820,0,0,0,-9918.0000,42.2960,32.7190,2.63000,20.0
32820,0,0,0,-9918.0000,415.1280,35.3110,0.00000,20.0
32820,0,0,0,-9917.0000,599.2980,39.5640,0.00000,20.0
32820,0,0,0,-9914.0000,-1056.0000,25.6760,4.69900,20.0
32820,0,0,0,-9914.0000,-911.0000,23.2370,2.32500,20.0
32820,0,0,0,-9913.0000,646.4730,36.8220,4.22100,20.0
32820,0,0,0,-9911.0000,-377.0000,31.4050,5.93900,20.0
32820,0,0,0,-9911.0000,456.7690,34.4700,2.14100,20.0
32820,0,0,0,-9910.0000,-894.0000,23.5340,0.69700,20.0
32820,0,0,0,-9908.0000,-1489.0000,26.3800,5.96300,20.0
32820,0,0,0,-9907.6100,178.8490,31.9818,5.60655,20.0
32820,0,0,0,-9907.0000,-331.0000,33.7500,3.79300,20.0
32820,0,0,0,-9906.0000,-56.0000,29.8960,0.19100,20.0
32820,0,0,0,-9903.6800,226.7560,16.4163,0.33661,20.0
32820,0,0,0,-9902.0000,81.6550,32.3220,5.60700,20.0
32820,0,0,0,-9901.0000,-1281.0000,32.4360,4.13300,20.0
32820,0,0,0,-9901.0000,-303.0000,34.3730,0.43700,20.0
32820,0,0,0,-9898.0000,-277.0000,33.4000,0.40000,20.0
32820,0,0,0,-9896.0000,-1061.0000,28.4640,5.99000,20.0
32820,0,0,0,-9896.0000,329.9280,36.4510,1.92100,20.0
32820,0,0,0,-9895.0000,-1281.0000,33.8210,4.30400,20.0
32820,0,0,0,-9892.0000,-1359.0000,34.4630,6.26800,20.0
32820,0,0,0,-9892.0000,-296.0000,34.6180,3.51100,20.0
32820,0,0,0,-9891.0000,-291.0000,34.0980,3.51400,20.0
32820,0,0,0,-9890.0000,-1332.0000,32.5080,3.66000,20.0
32820,0,0,0,-9890.0000,338.4670,36.6490,2.75800,20.0
32820,0,0,0,-9888.2100,153.5540,32.0522,5.88405,20.0
32820,0,0,0,-9887.0000,-749.0000,22.7680,1.65700,20.0
32820,0,0,0,-9885.0200,196.3510,15.2175,2.27603,20.0
32820,0,0,0,-9884.2500,260.6530,34.8986,2.57944,20.0
32820,0,0,0,-9884.0000,-299.0000,34.8270,2.17000,20.0
32820,0,0,0,-9883.0000,-1496.0000,29.3220,2.16600,20.0
32820,0,0,0,-9883.0000,-1017.0000,29.9450,0.26200,20.0
32820,0,0,0,-9882.0000,-446.0000,30.0280,3.26300,20.0
32820,0,0,0,-9882.0000,685.7870,34.2080,0.54000,20.0
32820,0,0,0,-9881.0000,322.6190,37.8240,3.14200,20.0
32820,0,0,0,-9879.4300,190.8120,16.6024,1.79753,20.0
32820,0,0,0,-9879.3300,217.3560,14.1337,5.82548,20.0
32820,0,0,0,-9879.0000,-816.0000,28.5190,1.70400,20.0
32820,0,0,0,-9878.0000,-309.0000,36.0160,0.57700,20.0
32820,0,0,0,-9876.0000,-1097.0000,27.5200,0.85500,20.0
32820,0,0,0,-9876.0000,-15.0000,26.9000,1.33400,20.0
32820,0,0,0,-9871.1400,237.2520,19.4741,4.31734,20.0
32820,0,0,0,-9870.0000,-1232.0000,31.6740,2.68500,20.0
32820,0,0,0,-9869.0000,-1537.0000,26.1110,0.72200,20.0
32820,0,0,0,-9867.0000,-917.0000,36.2580,0.77400,20.0
32820,0,0,0,-9865.2500,170.2900,19.6687,5.36632,20.0
32820,0,0,0,-9865.0000,-222.0000,35.9650,0.87600,20.0
32820,0,0,0,-9864.0000,-190.0000,35.8050,5.31300,20.0
32820,0,0,0,-9862.0000,-1481.0000,32.8550,0.06400,20.0
32820,0,0,0,-9861.9800,-223.7950,36.1011,0.61249,20.0
32820,0,0,0,-9861.0000,-124.0000,28.8320,2.76200,20.0
32820,0,0,0,-9860.0000,-129.0000,29.2920,0.76300,20.0
32820,0,0,0,-9860.0000,471.5100,36.6430,4.62700,20.0
32820,0,0,0,-9860.0000,-221.0000,36.1900,0.40000,20.0
32820,0,0,0,-9859.7200,-226.4230,35.9223,0.54530,20.0
32820,0,0,0,-9858.0000,365.9720,36.3370,1.81500,20.0
32820,0,0,0,-9857.4400,157.6240,6.2010,0.98813,20.0
32820,0,0,0,-9857.0000,-930.0000,37.5320,2.23300,20.0
32820,0,0,0,-9857.0000,-715.0000,30.9940,3.81000,20.0
32820,0,0,0,-9857.0000,-135.0000,29.6630,6.19300,20.0
32820,0,0,0,-9857.0000,671.1340,37.3540,2.03600,20.0
32820,0,0,0,-9856.0000,-1199.0000,32.5260,2.09900,20.0
32820,0,0,0,-9856.0000,-920.0000,38.4610,1.03800,20.0
32820,0,0,0,-9855.0000,-1380.0000,40.6820,1.78100,20.0
32820,0,0,0,-9854.0000,-993.0000,36.5440,1.23100,20.0
32820,0,0,0,-9853.6800,284.8620,37.9870,1.89787,20.0
32820,0,0,0,-9853.0000,-1134.0000,27.7900,0.14000,20.0
32820,0,0,0,-9852.1900,179.6200,20.9187,3.22526,20.0
32820,0,0,0,-9851.4900,213.1850,14.1337,2.54401,20.0
32820,0,0,0,-9851.0000,-913.0000,39.3360,2.21900,20.0
32820,0,0,0,-9850.0000,-593.0000,20.5150,4.23100,20.0
32820,0,0,0,-9850.0000,644.6980,39.7050,3.52800,20.0
32820,0,0,0,-9849.7000,135.1780,6.0323,6.08721,20.0
32820,0,0,0,-9848.0000,-1652.0000,22.7880,0.41000,20.0
32820,0,0,0,-9847.0000,-1585.0000,26.3850,2.19100,20.0
32820,0,0,0,-9845.0000,-924.0000,40.5980,6.24400,20.0
32820,0,0,0,-9843.6100,198.6270,22.7217,5.28962,20.0
32820,0,0,0,-9843.0000,-1486.0000,35.7410,4.61900,20.0
32820,0,0,0,-9841.0000,-514.0000,28.7030,0.69700,20.0
32820,0,0,0,-9840.6200,161.1100,4.8926,0.28193,20.0
32820,0,0,0,-9840.0000,-1050.0000,34.6170,4.46900,20.0
32820,0,0,0,-9840.0000,-839.0000,38.6190,4.48000,20.0
32820,0,0,0,-9840.0000,94.9500,38.2190,3.12800,20.0
32820,0,0,0,-9839.0000,-1016.0000,36.3400,3.46400,20.0
32820,0,0,0,-9836.0000,-1589.0000,27.7670,5.99400,20.0
32820,0,0,0,-9836.0000,-1503.0000,39.3120,5.86900,20.0
32820,0,0,0,-9835.0000,-1180.0000,33.7350,6.25600,20.0
32820,0,0,0,-9835.0000,-1014.0000,36.7150,3.41600,20.0
32820,0,0,0,-9834.0000,-1641.0000,27.3720,0.36900,20.0
32820,0,0,0,-9833.9600,188.5240,22.5770,5.79556,20.0
32820,0,0,0,-9832.0000,-1498.0000,39.7400,5.37700,20.0
32820,0,0,0,-9831.0000,-919.0000,41.8410,3.29300,20.0
32820,0,0,0,-9829.0000,-546.0000,26.9260,2.84000,20.0
32820,0,0,0,-9829.0000,471.3860,36.9380,0.33500,20.0
32820,0,0,0,-9829.0000,562.4290,39.3570,6.27500,20.0
32820,0,0,0,-9828.8900,215.7720,15.5806,4.06545,20.0
32820,0,0,0,-9827.3500,124.6260,4.2570,6.19969,20.0
32820,0,0,0,-9826.0700,186.3140,12.2822,1.27340,20.0
32820,0,0,0,-9826.0000,-1192.0000,35.5600,4.09800,20.0
32820,0,0,0,-9826.0000,261.7610,40.6830,1.78000,20.0
32820,0,0,0,-9826.0000,285.0820,38.5770,1.57500,20.0
32820,0,0,0,-9826.0000,543.5390,36.0690,1.57100,20.0
32820,0,0,0,-9826.0000,550.7920,37.7320,4.37800,20.0
32820,0,0,0,-9825.3600,199.1210,13.9991,5.39400,20.0
32820,0,0,0,-9825.0000,-358.0000,54.6180,2.71200,20.0
32820,0,0,0,-9825.0000,269.4180,39.4510,3.45400,20.0
32820,0,0,0,-9824.0000,81.4130,3.0730,4.74500,20.0
32820,0,0,0,-9823.0000,39.4190,32.7130,5.26100,20.0
32820,0,0,0,-9822.6800,180.4210,22.9706,3.13012,20.0
32820,0,0,0,-9822.0000,180.9860,22.8080,0.37900,20.0
32820,0,0,0,-9821.0000,-1582.0000,30.7960,5.81500,20.0
32820,0,0,0,-9821.0000,-760.0000,37.2550,3.79300,20.0
32820,0,0,0,-9821.0000,-235.0000,37.3240,4.18200,20.0
32820,0,0,0,-9821.0000,270.2620,39.8260,3.54300,20.0
32820,0,0,0,-9820.0000,-1186.0000,35.6210,0.89100,20.0
32820,0,0,0,-9819.4500,129.5440,4.7231,5.83605,20.0
32820,0,0,0,-9819.0000,-1014.0000,38.2610,2.28400,20.0
32820,0,0,0,-9819.0000,271.8880,39.7450,3.47000,20.0
32820,0,0,0,-9819.0000,448.5690,36.1800,4.21100,20.0
32820,0,0,0,-9818.8500,181.2300,22.8492,3.23508,20.0
32820,0,0,0,-9818.0000,-173.0000,33.9680,0.39300,20.0
32820,0,0,0,-9818.0000,-77.0000,25.7130,3.21300,20.0
32820,0,0,0,-9818.0000,470.8640,36.7260,3.23600,20.0
32820,0,0,0,-9818.0000,610.6760,41.9710,1.02100,20.0
32820,0,0,0,-9817.0000,-856.0000,39.2610,5.93500,20.0
32820,0,0,0,-9817.0000,-291.0000,41.4860,3.44300,20.0
32820,0,0,0,-9817.0000,-81.0000,26.1830,0.00000,20.0
32820,0,0,0,-9817.0000,49.7060,34.9910,3.59400,20.0
32820,0,0,0,-9817.0000,139.9330,5.0350,4.00800,20.0
32820,0,0,0,-9817.0000,415.6990,36.7160,0.00000,20.0
32820,0,0,0,-9816.5900,120.3540,45.9586,3.66559,20.0
32820,0,0,0,-9816.0000,-184.0000,36.3070,0.00000,20.0
32820,0,0,0,-9816.0000,451.8630,36.2030,4.27900,20.0
32820,0,0,0,-9815.0000,-1161.0000,34.0120,4.56300,20.0
32820,0,0,0,-9815.0000,-1034.0000,37.2530,4.32400,20.0
32820,0,0,0,-9815.0000,-120.0000,28.9030,6.03300,20.0
32820,0,0,0,-9813.0000,-1023.0000,37.6020,1.69200,20.0
32820,0,0,0,-9812.0000,-1007.0000,39.1060,6.13600,20.0
32820,0,0,0,-9809.0000,-8.0000,27.1070,2.37800,20.0
32820,0,0,0,-9808.0000,-1257.0000,35.5890,3.08700,20.0
32820,0,0,0,-9808.0000,-931.0000,39.8550,0.51500,20.0
32820,0,0,0,-9808.0000,700.0850,33.1120,4.48500,20.0
32820,0,0,0,-9806.6100,181.3340,22.4810,0.22628,20.0
32820,0,0,0,-9806.0000,-932.0000,39.9410,1.08200,20.0
32820,0,0,0,-9806.0000,-927.0000,39.9400,4.34000,20.0
32820,0,0,0,-9806.0000,444.7480,36.4870,4.37600,20.0
32820,0,0,0,-9804.7300,240.6620,41.1706,4.86251,20.0
32820,0,0,0,-9803.0000,369.8940,39.7970,0.10600,20.0
32820,0,0,0,-9803.0000,698.1790,33.1120,4.37700,20.0
32820,0,0,0,-9801.0000,-339.0000,50.9960,2.85900,20.0
32820,0,0,0,-9801.0000,428.3080,37.7630,5.00900,20.0
32820,0,0,0,-9800.6800,103.6680,24.7890,5.76924,20.0
32820,0,0,0,-9800.0000,-1545.0000,40.8700,6.05500,20.0
32820,0,0,0,-9800.0000,-69.0000,25.7690,2.67800,20.0
32820,0,0,0,-9799.5800,167.1040,24.0743,2.08218,20.0
32820,0,0,0,-9799.0000,-84.0000,25.8170,2.92400,20.0
32820,0,0,0,-9799.0000,109.7910,24.4370,2.13000,20.0
32820,0,0,0,-9798.0000,-1566.0000,37.6780,4.83500,20.0
32820,0,0,0,-9798.0000,-71.0000,25.9920,2.62500,20.0
32820,0,0,0,-9798.0000,460.4170,36.0200,1.95200,20.0
32820,0,0,0,-9797.9600,109.5750,24.4197,3.88405,20.0
32820,0,0,0,-9797.0000,-1545.0000,41.1240,6.07400,20.0
32820,0,0,0,-9797.0000,99.4410,27.8480,3.72000,20.0
32820,0,0,0,-9797.0000,140.1170,23.5100,0.62900,20.0
32820,0,0,0,-9796.0000,-1328.0000,44.1020,3.98900,20.0
32820,0,0,0,-9796.0000,-92.0000,26.8250,4.65800,20.0
32820,0,0,0,-9795.0000,109.7690,46.1000,1.68800,20.0
32820,0,0,0,-9795.0000,470.5880,35.8750,5.21900,20.0
32820,0,0,0,-9793.0000,-76.0000,26.3490,0.76300,20.0
32820,0,0,0,-9793.0000,-306.0000,46.5000,0.40000,20.0
32820,0,0,0,-9791.4700,720.2010,68.2069,0.52975,20.0
32820,0,0,0,-9790.0000,-891.0000,40.1090,0.33600,20.0
32820,0,0,0,-9790.0000,811.4940,25.9830,5.44100,20.0
32820,0,0,0,-9789.0000,-52.0000,26.7790,3.63800,20.0
32820,0,0,0,-9788.0000,111.1060,46.7380,4.66000,20.0
32820,0,0,0,-9787.0000,-555.0000,32.2180,1.91800,20.0
32820,0,0,0,-9787.0000,446.7800,37.7120,3.26500,20.0
32820,0,0,0,-9787.0000,731.3420,33.0050,2.53100,20.0
32820,0,0,0,-9786.0000,-338.0000,52.0500,3.13700,20.0
32820,0,0,0,-9785.0000,-1131.0000,35.2060,4.41800,20.0
32820,0,0,0,-9785.0000,-369.0000,53.8510,0.93200,20.0
32820,0,0,0,-9785.0000,-312.0000,47.7150,1.76700,20.0
32820,0,0,0,-9784.0000,-1540.0000,43.1240,6.08800,20.0
32820,0,0,0,-9784.0000,-984.0000,40.2250,2.49100,20.0
32820,0,0,0,-9784.0000,583.3060,37.6580,0.00000,20.0
32820,0,0,0,-9783.5500,84.9010,42.6198,3.27819,20.0
32820,0,0,0,-9783.0000,-643.0000,38.0640,3.10600,20.0
32820,0,0,0,-9783.0000,-206.0000,40.1690,4.71400,20.0
32820,0,0,0,-9783.0000,108.7220,46.0370,1.60200,20.0
32820,0,0,0,-9782.0000,-1214.0000,40.1100,4.74300,20.0
32820,0,0,0,-9781.0000,-340.0000,52.7590,6.26700,20.0
32820,0,0,0,-9781.0000,38.6770,34.4760,3.71900,20.0
32820,0,0,0,-9781.0000,818.4930,25.8760,5.22200,20.0
32820,0,0,0,-9780.0000,-713.0000,37.8850,4.90100,20.0
32820,0,0,0,-9778.5500,-1564.5700,41.9880,1.68063,20.0
32820,0,0,0,-9774.0000,42.2940,35.3100,3.10500,20.0
32820,0,0,0,-9773.0000,-877.0000,39.6980,0.24100,20.0
32820,0,0,0,-9773.0000,-663.0000,38.6500,4.34200,20.0
32820,0,0,0,-9773.0000,-625.0000,38.9440,4.62400,20.0
32820,0,0,0,-9773.0000,-85.0000,28.6160,5.45300,20.0
32820,0,0,0,-9772.0000,-741.0000,39.8290,5.98600,20.0
32820,0,0,0,-9771.0000,-857.0000,39.5850,4.25400,20.0
32820,0,0,0,-9771.0000,-579.0000,36.3260,3.16700,20.0
32820,0,0,0,-9771.0000,111.9060,47.0540,2.73200,20.0
32820,0,0,0,-9770.8300,279.1660,43.1248,0.11980,20.0
32820,0,0,0,-9770.0000,205.7960,46.1500,3.37700,20.0
32820,0,0,0,-9769.0000,-1566.0000,41.7040,5.20100,20.0
32820,0,0,0,-9769.0000,-77.0000,28.5420,4.89300,20.0
32820,0,0,0,-9768.3700,231.5000,46.3995,2.64377,20.0
32820,0,0,0,-9765.0000,-740.0000,40.3280,1.35600,20.0
32820,0,0,0,-9765.0000,-640.0000,40.5790,3.14400,20.0
32820,0,0,0,-9764.0000,-1627.0000,47.4810,2.48200,20.0
32820,0,0,0,-9764.0000,-580.0000,37.9130,5.73700,20.0
32820,0,0,0,-9763.0000,325.3630,43.3220,2.42800,20.0
32820,0,0,0,-9762.0000,54.4150,38.7110,1.66100,20.0
32820,0,0,0,-9761.0000,-1015.0000,40.7580,1.74100,20.0
32820,0,0,0,-9761.0000,-948.0000,39.1790,5.83500,20.0
32820,0,0,0,-9759.0000,-643.0000,40.9870,6.26800,20.0
32820,0,0,0,-9758.0400,191.6880,51.0349,3.51339,20.0
32820,0,0,0,-9758.0000,-137.0000,32.8060,0.54300,20.0
32820,0,0,0,-9758.0000,-73.0000,30.8790,3.77600,20.0
32820,0,0,0,-9757.0000,-734.0000,40.0140,1.11700,20.0
32820,0,0,0,-9757.0000,212.4140,47.7000,0.28500,20.0
32820,0,0,0,-9756.0000,-743.0000,41.2580,3.81400,20.0
32820,0,0,0,-9754.0000,-1314.0000,47.1530,3.47900,20.0
32820,0,0,0,-9754.0000,83.3930,42.8450,3.96200,20.0
32820,0,0,0,-9753.0000,-265.0000,46.5910,4.37200,20.0
32820,0,0,0,-9752.9800,120.3480,15.9225,1.30766,20.0
32820,0,0,0,-9752.0000,-1450.0000,49.4420,5.79500,20.0
32820,0,0,0,-9752.0000,-219.0000,44.3070,5.56200,20.0
32820,0,0,0,-9752.0000,317.8400,44.5360,1.76300,20.0
32820,0,0,0,-9751.7600,122.0760,16.1832,6.27415,20.0
32820,0,0,0,-9751.0000,-747.0000,41.7640,5.17200,20.0
32820,0,0,0,-9750.5300,109.9060,25.7050,3.41538,20.0
32820,0,0,0,-9750.0000,-749.0000,41.7640,5.17000,20.0
32820,0,0,0,-9750.0000,317.2480,44.8830,6.07500,20.0
32820,0,0,0,-9750.0000,520.1910,35.4080,4.79400,20.0
32820,0,0,0,-9749.0000,-147.0000,35.4870,1.98700,20.0
32820,0,0,0,-9748.0000,-753.0000,41.2640,5.73000,20.0
32820,0,0,0,-9748.0000,-348.0000,54.3920,0.79200,20.0
32820,0,0,0,-9748.0000,311.1530,45.4490,6.10300,20.0
32820,0,0,0,-9747.0000,-1530.0000,49.2900,4.69500,20.0
32820,0,0,0,-9747.0000,-918.0000,39.3430,6.16900,20.0
32820,0,0,0,-9747.0000,103.5410,45.9280,0.12200,20.0
32820,0,0,0,-9744.0000,87.1530,12.7100,6.01800,20.0
32820,0,0,0,-9744.0000,558.7480,35.7450,6.00400,20.0
32820,0,0,0,-9743.0000,-361.0000,53.8920,3.28000,20.0
32820,0,0,0,-9743.0000,-1.0000,37.6890,2.20500,20.0
32820,0,0,0,-9743.0000,430.6390,38.1100,3.05600,20.0
32820,0,0,0,-9742.0000,-759.0000,41.0020,4.72400,20.0
32820,0,0,0,-9742.0000,-725.0000,40.9180,1.93500,20.0
32820,0,0,0,-9741.0000,-837.0000,40.1200,4.08000,20.0
32820,0,0,0,-9741.0000,165.5860,50.4950,0.57100,20.0
32820,0,0,0,-9739.0000,518.9490,35.6190,1.92800,20.0
32820,0,0,0,-9738.0000,-1213.0000,47.6340,2.49500,20.0
32820,0,0,0,-9735.0000,-989.0000,42.0630,0.38100,20.0
32820,0,0,0,-9735.0000,-79.0000,34.1120,3.08900,20.0
32820,0,0,0,-9735.0000,138.1050,19.0250,0.55400,20.0
32820,0,0,0,-9734.4000,138.9440,49.0226,0.43305,20.0
32820,0,0,0,-9734.0000,114.7870,24.4240,5.40500,20.0
32820,0,0,0,-9731.0000,115.3490,24.4100,4.97500,20.0
32820,0,0,0,-9731.0000,447.9160,37.1870,2.67800,20.0
32820,0,0,0,-9730.0000,-1466.0000,52.4640,4.68400,20.0
32820,0,0,0,-9730.0000,-259.0000,47.4100,2.50300,20.0
32820,0,0,0,-9730.0000,103.0620,46.9480,5.30900,20.0
32820,0,0,0,-9730.0000,341.7690,43.2050,2.42300,20.0
32820,0,0,0,-9729.6400,590.8880,32.8345,2.93918,20.0
32820,0,0,0,-9729.0000,437.7400,37.6020,2.51300,20.0
32820,0,0,0,-9728.0000,-1553.0000,52.1100,6.18600,20.0
32820,0,0,0,-9728.0000,-746.0000,41.9710,0.90200,20.0
32820,0,0,0,-9728.0000,290.4180,48.3360,1.48300,20.0
32820,0,0,0,-9727.0000,-1089.0000,38.7160,2.97500,20.0
32820,0,0,0,-9727.0000,40.0620,39.5990,3.98400,20.0
32820,0,0,0,-9727.0000,474.5980,35.2120,2.84600,20.0
32820,0,0,0,-9727.0000,720.5530,28.9130,6.13100,20.0
32820,0,0,0,-9726.0000,-1129.0000,39.0800,2.51200,20.0
32820,0,0,0,-9726.0000,712.1120,29.8500,2.77600,20.0
32820,0,0,0,-9724.0000,-1310.0000,48.8160,0.75600,20.0
32820,0,0,0,-9724.0000,-1112.0000,40.2130,3.67000,20.0
32820,0,0,0,-9724.0000,-930.0000,38.3080,2.72000,20.0
32820,0,0,0,-9723.0000,-581.0000,45.8100,5.94000,20.0
32820,0,0,0,-9722.0000,128.5170,47.2340,0.32300,20.0
32820,0,0,0,-9722.0000,197.0880,50.2700,4.67000,20.0
32820,0,0,0,-9722.0000,256.4620,49.0630,1.15500,20.0
32820,0,0,0,-9721.0000,23.3620,39.8700,5.61000,20.0
32820,0,0,0,-9721.0000,428.2390,38.8530,0.00000,20.0
32820,0,0,0,-9721.0000,745.2960,30.5480,5.92500,20.0
32820,0,0,0,-9720.0000,-1205.0000,49.5880,5.10100,20.0
32820,0,0,0,-9720.0000,429.3880,38.7450,2.75600,20.0
32820,0,0,0,-9719.0000,-395.0000,50.8590,0.38300,20.0
32820,0,0,0,-9718.0000,-85.0000,36.0900,3.02800,20.0
32820,0,0,0,-9718.0000,371.8210,42.5440,5.64900,20.0
32820,0,0,0,-9717.0000,-1490.0000,50.8400,4.31800,20.0
32820,0,0,0,-9717.0000,-1303.0000,50.7250,4.05200,20.0
32820,0,0,0,-9717.0000,755.8600,30.8360,4.34900,20.0
32820,0,0,0,-9716.0000,-1144.0000,40.1230,0.63800,20.0
32820,0,0,0,-9716.0000,-818.0000,43.9240,1.43900,20.0
32820,0,0,0,-9715.0000,-1537.0000,54.6100,0.33500,20.0
32820,0,0,0,-9715.0000,-716.0000,45.3830,1.98500,20.0
32820,0,0,0,-9715.0000,-245.0000,48.3130,0.15700,20.0
32820,0,0,0,-9714.0000,-7.0000,38.9990,6.21600,20.0
32820,0,0,0,-9714.0000,410.5410,40.4890,5.06600,20.0
32820,0,0,0,-9713.0000,-646.0000,46.9410,5.80700,20.0
32820,0,0,0,-9712.0000,-660.0000,46.6700,0.96000,20.0
32820,0,0,0,-9712.0000,-181.0000,43.8420,3.60800,20.0
32820,0,0,0,-9712.0000,-113.0000,36.0100,5.03000,20.0
32820,0,0,0,-9712.0000,579.6570,37.5950,0.69800,20.0
32820,0,0,0,-9711.0000,-1546.0000,56.6100,1.21500,20.0
32820,0,0,0,-9711.0000,245.0900,49.6880,5.53100,20.0
32820,0,0,0,-9709.0000,-515.0000,53.2280,5.22100,20.0
32820,0,0,0,-9708.0000,-375.0000,53.2150,4.51900,20.0
32820,0,0,0,-9708.0000,726.4740,30.2750,0.92100,20.0
32820,0,0,0,-9707.0000,-1225.0000,54.1130,6.00100,20.0
32820,0,0,0,-9706.0000,-448.0000,51.7800,3.09700,20.0
32820,0,0,0,-9706.0000,-50.0000,38.4710,0.33800,20.0
32820,0,0,0,-9705.0000,-986.0000,41.8540,0.70100,20.0
32820,0,0,0,-9703.0000,-194.0000,45.8770,3.77000,20.0
32820,0,0,0,-9701.0000,-343.0000,56.3950,0.10900,20.0
32820,0,0,0,-9699.0000,-1219.0000,53.9880,3.83900,20.0
32820,0,0,0,-9699.0000,754.4020,31.0800,4.66400,20.0
32820,0,0,0,-9698.0000,-79.0000,38.7620,4.60500,20.0
32820,0,0,0,-9698.0000,-73.0000,38.9560,5.98300,20.0
32820,0,0,0,-9697.0000,-77.0000,38.9940,4.62500,20.0
32820,0,0,0,-9696.0000,-563.0000,47.9720,4.49100,20.0
32820,0,0,0,-9696.0000,-518.0000,51.9900,2.20300,20.0
32820,0,0,0,-9696.0000,-287.0000,58.8550,3.66700,20.0
32820,0,0,0,-9696.0000,119.9490,48.2070,3.00600,20.0
32820,0,0,0,-9696.0000,605.4960,39.2270,0.98700,20.0
32820,0,0,0,-9695.0000,-596.0000,48.6130,2.69100,20.0
32820,0,0,0,-9694.0000,-338.0000,57.3160,1.58100,20.0
32820,0,0,0,-9694.0000,-325.0000,56.0840,3.28400,20.0
32820,0,0,0,-9693.0000,-891.0000,42.9690,3.88300,20.0
32820,0,0,0,-9693.0000,-681.0000,46.8820,3.71300,20.0
32820,0,0,0,-9693.0000,-565.0000,48.4720,1.69200,20.0
32820,0,0,0,-9693.0000,-12.0000,40.8120,2.24100,20.0
32820,0,0,0,-9693.0000,757.1820,31.5710,2.83100,20.0
32820,0,0,0,-9691.0000,-179.0000,45.4680,3.79300,20.0
32820,0,0,0,-9690.0000,-684.0000,47.8550,1.70700,20.0
32820,0,0,0,-9690.0000,214.2380,51.0840,2.69100,20.0
32820,0,0,0,-9689.0000,-702.0000,48.2880,1.51000,20.0
32820,0,0,0,-9689.0000,-582.0000,50.1540,5.29800,20.0
32820,0,0,0,-9689.0000,-311.0000,56.4590,1.52500,20.0
32820,0,0,0,-9688.0000,-1583.0000,56.7780,3.58400,20.0
32820,0,0,0,-9688.0000,-708.0000,48.1740,4.93000,20.0
32820,0,0,0,-9688.0000,-363.0000,55.8400,4.37300,20.0
32820,0,0,0,-9688.0000,212.6710,51.3340,2.21300,20.0
32820,0,0,0,-9688.0000,535.3110,38.8500,4.16000,20.0
32820,0,0,0,-9687.0000,-750.0000,46.0820,3.76200,20.0
32820,0,0,0,-9687.0000,-684.0000,48.3020,6.18400,20.0
32820,0,0,0,-9687.0000,-684.0000,48.8950,0.00000,20.0
32820,0,0,0,-9686.0000,-1131.0000,40.5410,4.80200,20.0
32820,0,0,0,-9686.0000,-349.0000,57.3890,2.18300,20.0
32820,0,0,0,-9686.0000,-168.0000,45.1280,3.63400,20.0
32820,0,0,0,-9685.0000,-421.0000,54.0120,2.84600,20.0
32820,0,0,0,-9685.0000,-269.0000,61.5300,3.60500,20.0
32820,0,0,0,-9684.0000,-951.0000,41.8940,1.23100,20.0
32820,0,0,0,-9683.0000,-50.0000,39.5400,2.43800,20.0
32820,0,0,0,-9682.0000,-327.0000,56.3320,3.44300,20.0
32820,0,0,0,-9682.0000,136.4000,47.8490,0.96700,20.0
32820,0,0,0,-9681.0000,-416.0000,54.3270,3.69800,20.0
32820,0,0,0,-9681.0000,-335.0000,57.2050,3.70300,20.0
32820,0,0,0,-9681.0000,-164.0000,45.2290,0.72300,20.0
32820,0,0,0,-9681.0000,-135.0000,43.2350,5.44100,20.0
32820,0,0,0,-9680.0000,356.0740,43.9550,3.99900,20.0
32820,0,0,0,-9680.0000,754.8350,33.0700,1.96400,20.0
32820,0,0,0,-9678.0000,-1581.0000,57.1990,3.78900,20.0
32820,0,0,0,-9678.0000,-183.0000,46.7480,4.70300,20.0
32820,0,0,0,-9678.0000,598.1490,39.8020,4.33000,20.0
32820,0,0,0,-9677.0000,-567.0000,49.9510,3.44800,20.0
32820,0,0,0,-9676.0000,-1601.0000,54.7540,2.82000,20.0
32820,0,0,0,-9676.0000,-1573.0000,55.7320,3.81000,20.0
32820,0,0,0,-9676.0000,-423.0000,54.7690,3.82500,20.0
32820,0,0,0,-9676.0000,108.5410,45.7980,5.68800,20.0
32820,0,0,0,-9675.0000,-815.0000,47.4320,3.59900,20.0
32820,0,0,0,-9675.0000,174.8570,49.3980,0.56700,20.0
32820,0,0,0,-9674.0000,-905.0000,42.9560,3.03200,20.0
32820,0,0,0,-9673.0000,-492.0000,51.9970,4.61600,20.0
32820,0,0,0,-9673.0000,318.7480,46.2910,2.54600,20.0
32820,0,0,0,-9673.0000,374.1120,43.1390,2.69800,20.0
32820,0,0,0,-9671.0000,374.9110,43.2260,1.90700,20.0
32820,0,0,0,-9667.0000,-434.0000,54.8430,0.73000,20.0
32820,0,0,0,-9667.0000,-429.0000,55.2760,2.60000,20.0
32820,0,0,0,-9667.0000,494.1990,38.6320,5.93300,20.0
32820,0,0,0,-9666.0000,541.1630,41.3360,3.04600,20.0
32820,0,0,0,-9665.0000,693.4730,36.8460,3.49100,20.0
32820,0,0,0,-9663.0000,-1154.0000,40.1720,0.39700,20.0
32820,0,0,0,-9663.0000,401.7380,40.6520,5.24200,20.0
32820,0,0,0,-9663.0000,603.8060,40.3440,0.64800,20.0
32820,0,0,0,-9662.0000,-190.0000,50.4710,0.43300,20.0
32820,0,0,0,-9661.0000,-1084.0000,43.3000,0.97600,20.0
32820,0,0,0,-9660.0000,525.7080,41.0110,2.83600,20.0
32820,0,0,0,-9658.0000,108.1930,46.0290,3.88900,20.0
32820,0,0,0,-9658.0000,208.0410,48.9730,1.67700,20.0
32820,0,0,0,-9658.0000,384.1240,41.9880,2.12900,20.0
32820,0,0,0,-9657.0000,177.2530,48.5390,1.59200,20.0
32820,0,0,0,-9656.0000,-186.0000,52.2820,5.81700,20.0
32820,0,0,0,-9655.0000,-430.0000,56.8460,3.10400,20.0
32820,0,0,0,-9655.0000,161.9580,47.9210,4.10400,20.0
32820,0,0,0,-9654.0000,-589.0000,55.2680,6.11800,20.0
32820,0,0,0,-9654.0000,564.7740,41.5560,4.70900,20.0
32820,0,0,0,-9654.0000,659.6510,38.7350,5.69000,20.0
32820,0,0,0,-9653.0000,-1626.0000,56.4180,0.26200,20.0
32820,0,0,0,-9653.0000,625.6990,38.3570,0.42000,20.0
32820,0,0,0,-9652.0000,654.7310,38.7350,0.45400,20.0
32820,0,0,0,-9651.0000,-923.0000,46.8830,3.95300,20.0
32820,0,0,0,-9651.0000,-451.0000,55.2710,0.30000,20.0
32820,0,0,0,-9651.0000,346.3560,43.7800,3.17400,20.0
32820,0,0,0,-9651.0000,534.6970,43.1570,2.77800,20.0
32820,0,0,0,-9651.0000,608.6740,41.8920,5.38000,20.0
32820,0,0,0,-9650.0000,141.4910,45.9180,3.65400,20.0
32820,0,0,0,-9650.0000,661.4170,38.7350,5.02700,20.0
32820,0,0,0,-9646.0000,-259.0000,62.3740,4.03800,20.0
32820,0,0,0,-9644.0000,-117.0000,50.8910,5.77000,20.0
32820,0,0,0,-9643.0000,-390.0000,60.4460,1.07000,20.0
32820,0,0,0,-9643.0000,-52.0000,43.8220,4.87900,20.0
32820,0,0,0,-9643.0000,377.5550,42.2620,0.39900,20.0
32820,0,0,0,-9642.0000,-208.0000,53.5640,3.83700,20.0
32820,0,0,0,-9642.0000,171.8170,47.8780,1.49700,20.0
32820,0,0,0,-9641.0000,-423.0000,60.2770,2.66500,20.0
32820,0,0,0,-9638.0000,696.5740,38.6520,0.30200,20.0
32820,0,0,0,-9635.0000,56.1940,59.9170,4.14000,20.0
32820,0,0,0,-9633.0000,304.3010,47.3320,5.97300,20.0
32820,0,0,0,-9631.0000,-1569.0000,55.8830,5.06500,20.0
32820,0,0,0,-9631.0000,-45.0000,44.3660,2.66600,20.0
32820,0,0,0,-9629.0000,212.8080,47.8600,2.65300,20.0
32820,0,0,0,-9625.3100,695.0830,62.7331,2.70610,20.0
32820,0,0,0,-9621.4600,-1038.9600,39.6437,0.24935,20.0
32820,0,0,0,-9621.0000,195.8890,47.6990,4.41900,20.0
32820,0,0,0,-9620.0000,-1070.0000,39.5750,0.44800,20.0
32820,0,0,0,-9617.0000,-884.0000,49.0060,5.74300,20.0
32820,0,0,0,-9617.0000,-854.0000,45.0090,4.93900,20.0
32820,0,0,0,-9616.0400,642.9390,62.6796,5.88775,20.0
32820,0,0,0,-9616.0000,-1039.0000,39.9990,3.14200,20.0
32820,0,0,0,-9616.0000,358.5320,44.2450,2.35300,20.0
32820,0,0,0,-9615.0000,-1164.0000,42.5490,2.74200,20.0
32820,0,0,0,-9615.0000,-877.0000,48.8810,0.78500,20.0
32820,0,0,0,-9614.0000,-884.0000,49.3250,3.36300,20.0
32820,0,0,0,-9612.0000,-880.0000,48.9760,2.97500,20.0
32820,0,0,0,-9610.4200,-1072.0800,39.5028,3.27480,20.0
32820,0,0,0,-9610.0000,-1032.0000,41.3060,3.14200,20.0
32820,0,0,0,-9610.0000,640.5650,38.6520,2.73200,20.0
32820,0,0,0,-9609.0000,-873.0000,48.0060,0.97600,20.0
32820,0,0,0,-9606.0000,-1474.0000,59.7400,2.89700,20.0
32820,0,0,0,-9606.0000,541.6820,45.5210,3.87000,20.0
32820,0,0,0,-9606.0000,684.3520,38.6520,1.96400,20.0
32820,0,0,0,-9605.0000,-536.0000,55.4000,2.66800,20.0
32820,0,0,0,-9600.0000,-617.0000,56.3010,5.53900,20.0
32820,0,0,0,-9598.0000,-625.0000,56.6510,3.35000,20.0
32820,0,0,0,-9596.0000,-614.0000,56.7760,2.18200,20.0
32820,0,0,0,-9592.0000,-614.0000,57.0060,3.36100,20.0
32820,0,0,0,-9590.0000,-1128.0000,44.7060,1.54500,20.0
32820,0,0,0,-9588.0000,-438.0000,60.5050,3.26300,20.0
32820,0,0,0,-9587.0000,-1545.0000,59.6170,6.02800,20.0
32820,0,0,0,-9587.0000,-1149.0000,45.7310,5.77100,20.0
32820,0,0,0,-9586.0000,435.5960,39.7980,3.14100,20.0
32820,0,0,0,-9586.0000,459.7530,41.1750,3.86100,20.0
32820,0,0,0,-9585.0900,22.4941,60.2258,3.83489,20.0
32820,0,0,0,-9584.0000,-160.0000,57.9090,5.73800,20.0
32820,0,0,0,-9582.0000,-317.0000,61.6730,1.95900,20.0
32820,0,0,0,-9580.0000,727.4000,34.2630,6.27300,20.0
32820,0,0,0,-9578.0000,576.9590,49.3410,1.09100,20.0
32820,0,0,0,-9576.0000,-718.0000,99.2700,3.05400,20.0
32820,0,0,0,-9576.0000,314.7970,55.5280,2.64700,20.0
32820,0,0,0,-9575.0000,-424.0000,62.8260,1.81700,20.0
32820,0,0,0,-9575.0000,-297.0000,61.3100,2.49800,20.0
32820,0,0,0,-9572.6200,88.1464,58.8819,5.97400,20.0
32820,0,0,0,-9571.0000,-432.0000,62.5190,0.86800,20.0
32820,0,0,0,-9570.0000,-1141.0000,43.6980,5.64500,20.0
32820,0,0,0,-9570.0000,518.5390,48.4570,1.06100,20.0
32820,0,0,0,-9568.0000,-1482.0000,61.4790,0.37700,20.0
32820,0,0,0,-9568.0000,-1260.0000,47.9780,3.07400,20.0
32820,0,0,0,-9568.0000,-1142.0000,43.9280,5.74500,20.0
32820,0,0,0,-9568.0000,-1011.0000,47.3850,2.20800,20.0
32820,0,0,0,-9568.0000,-439.0000,61.6070,0.36000,20.0
32820,0,0,0,-9568.0000,-222.0000,62.0610,6.00100,20.0
32820,0,0,0,-9567.0000,81.0040,58.8810,0.34800,20.0
32820,0,0,0,-9567.0000,195.6220,59.0030,3.21100,20.0
32820,0,0,0,-9566.3800,31.1655,61.4444,1.58992,20.0
32820,0,0,0,-9565.0000,-1139.0000,43.9580,3.80000,20.0
32820,0,0,0,-9563.2100,76.4257,58.8835,0.93582,20.0
32820,0,0,0,-9563.0000,-307.0000,63.2300,2.61900,20.0
32820,0,0,0,-9562.0000,103.7260,58.8820,4.91800,20.0
32820,0,0,0,-9560.0600,74.1694,58.8881,0.90597,20.0
32820,0,0,0,-9558.0000,104.8840,58.8820,4.92300,20.0
32820,0,0,0,-9557.0000,89.6810,58.8810,4.87600,20.0
32820,0,0,0,-9557.0000,129.7440,58.8810,5.82000,20.0
32820,0,0,0,-9556.0000,-316.0000,62.3520,6.07300,20.0
32820,0,0,0,-9555.0000,181.6450,59.1380,2.70800,20.0
32820,0,0,0,-9554.7600,82.2080,59.0394,1.38046,20.0
32820,0,0,0,-9554.0000,-390.0000,62.9480,0.27900,20.0
32820,0,0,0,-9554.0000,-313.0000,62.5560,4.79300,20.0
32820,0,0,0,-9553.8200,-1369.0300,51.2913,4.73714,20.0
32820,0,0,0,-9553.0000,-1502.0000,61.1760,6.11700,20.0
32820,0,0,0,-9553.0000,-728.0000,99.2520,2.16400,20.0
32820,0,0,0,-9553.0000,-244.0000,62.1280,1.55400,20.0
32820,0,0,0,-9553.0000,108.1510,58.8820,0.05900,20.0
32820,0,0,0,-9552.0000,140.3230,58.8810,5.07800,20.0
32820,0,0,0,-9551.3100,-712.2660,75.0554,3.94440,20.0
32820,0,0,0,-9551.0000,209.4470,57.8540,3.19800,20.0
32820,0,0,0,-9550.0000,-315.0000,62.7030,2.76000,20.0
32820,0,0,0,-9549.0000,-381.0000,62.1860,0.84100,20.0
32820,0,0,0,-9548.4700,115.0320,59.1045,3.35103,20.0
32820,0,0,0,-9548.1400,-710.2010,90.4265,3.76926,20.0
32820,0,0,0,-9548.0000,-540.0000,60.5570,3.03800,20.0
32820,0,0,0,-9548.0000,67.0390,59.2500,1.84400,20.0
32820,0,0,0,-9547.6000,83.9896,59.5094,5.09636,20.0
32820,0,0,0,-9547.0000,-975.0000,49.2700,2.34400,20.0
32820,0,0,0,-9547.0000,-551.0000,60.1600,3.21500,20.0
32820,0,0,0,-9546.0000,-187.0000,61.3420,5.50600,20.0
32820,0,0,0,-9545.0000,-1401.0000,53.9330,2.46600,20.0
32820,0,0,0,-9545.0000,-1145.0000,46.4090,4.80400,20.0
32820,0,0,0,-9545.0000,126.8030,59.0760,2.36400,20.0
32820,0,0,0,-9544.8700,77.7707,59.0124,5.92404,20.0
32820,0,0,0,-9544.0000,-1495.0000,61.3190,0.79600,20.0
32820,0,0,0,-9544.0000,-886.0000,46.2610,3.13900,20.0
32820,0,0,0,-9543.0000,-1003.0000,51.0500,3.62900,20.0
32820,0,0,0,-9542.0000,-517.0000,63.1190,1.22000,20.0
32820,0,0,0,-9542.0000,299.0050,53.3190,4.58100,20.0
32820,0,0,0,-9541.7300,87.4378,59.3029,6.23082,20.0
32820,0,0,0,-9541.5500,-716.6490,99.2120,3.32507,20.0
32820,0,0,0,-9541.0000,-1533.0000,61.2720,0.00000,20.0
32820,0,0,0,-9541.0000,-1067.0000,47.7270,0.79000,20.0
32820,0,0,0,-9541.0000,-537.0000,61.8380,5.39500,20.0
32820,0,0,0,-9540.5600,115.2190,59.1773,4.62012,20.0
32820,0,0,0,-9540.0000,85.3830,59.1210,6.25000,20.0
32820,0,0,0,-9539.9700,71.6819,58.8818,1.48463,20.0
32820,0,0,0,-9539.0000,508.2130,50.7270,4.76300,20.0
32820,0,0,0,-9538.0000,112.4470,58.8850,6.09500,20.0
32820,0,0,0,-9537.0000,-1214.0000,48.2340,4.90400,20.0
32820,0,0,0,-9537.0000,513.4340,51.4460,2.75600,20.0
32820,0,0,0,-9536.0000,-1273.0000,43.5440,5.54200,20.0
32820,0,0,0,-9536.0000,277.9750,53.9240,5.84300,20.0
32820,0,0,0,-9535.0000,-486.0000,62.9790,2.73700,20.0
32820,0,0,0,-9535.0000,92.0000,58.8819,4.46200,20.0
32820,0,0,0,-9535.0000,280.2330,54.2840,4.96800,20.0
32820,0,0,0,-9534.0000,-1303.0000,44.4880,5.10200,20.0
32820,0,0,0,-9534.0000,-451.0000,60.2380,0.33400,20.0
32820,0,0,0,-9534.0000,-378.0000,59.4940,0.52800,20.0
32820,0,0,0,-9533.0000,-34.0000,56.4480,2.76700,20.0
32820,0,0,0,-9533.0000,80.0930,58.8810,6.10400,20.0
32820,0,0,0,-9532.0000,-730.0000,62.6350,3.77200,20.0
32820,0,0,0,-9531.9200,-1222.3400,47.6548,5.61777,20.0
32820,0,0,0,-9531.0000,-264.0000,59.3720,6.00600,20.0
32820,0,0,0,-9531.0000,-252.0000,58.8330,5.18800,20.0
32820,0,0,0,-9531.0000,81.8220,58.8810,0.10700,20.0
32820,0,0,0,-9530.0000,82.7570,58.8810,0.07800,20.0
32820,0,0,0,-9530.0000,173.2560,57.8630,4.87900,20.0
32820,0,0,0,-9530.0000,534.2040,51.0630,3.85400,20.0
32820,0,0,0,-9529.0000,-651.0000,63.1980,0.17100,20.0
32820,0,0,0,-9528.0000,175.5670,57.6140,0.73700,20.0
32820,0,0,0,-9528.0000,177.3940,57.6460,2.68700,20.0
32820,0,0,0,-9526.0000,-986.0000,51.9730,3.31000,20.0
32820,0,0,0,-9526.0000,-138.0000,61.3690,2.66600,20.0
32820,0,0,0,-9525.1500,89.6348,58.9238,4.11548,20.0
32820,0,0,0,-9523.0000,-1290.0000,44.2700,0.13600,20.0
32820,0,0,0,-9522.0000,-1048.0000,49.7240,4.85800,20.0
32820,0,0,0,-9522.0000,409.0660,52.6940,4.81100,20.0
32820,0,0,0,-9521.0000,-532.0000,63.0480,3.27400,20.0
32820,0,0,0,-9520.0000,472.3340,53.1010,0.53900,20.0
32820,0,0,0,-9519.0000,-452.0000,59.8070,2.55400,20.0
32820,0,0,0,-9519.0000,484.2270,52.7920,2.03000,20.0
32820,0,0,0,-9517.0000,79.2230,59.5680,6.19400,20.0
32820,0,0,0,-9517.0000,85.7100,59.5090,6.17200,20.0
32820,0,0,0,-9516.0000,409.1410,52.7290,3.85100,20.0
32820,0,0,0,-9516.0000,427.8110,54.8830,0.71600,20.0
32820,0,0,0,-9516.0000,551.3020,51.2410,3.00400,20.0
32820,0,0,0,-9513.0000,-1370.0000,49.1800,5.36000,20.0
32820,0,0,0,-9512.0000,-518.0000,63.1210,6.07900,20.0
32820,0,0,0,-9512.0000,-303.0000,55.0910,5.38200,20.0
32820,0,0,0,-9511.3100,-1285.6400,44.1448,3.93122,20.0
32820,0,0,0,-9511.0000,-1286.0000,44.1450,3.78900,20.0
32820,0,0,0,-9511.0000,-1005.0000,54.4960,1.65800,20.0
32820,0,0,0,-9511.0000,-780.0000,60.4610,2.01600,20.0
32820,0,0,0,-9509.0000,419.4770,52.8810,3.24400,20.0
32820,0,0,0,-9508.0000,-1091.0000,49.6830,4.72100,20.0
32820,0,0,0,-9508.0000,174.7730,57.9880,5.89300,20.0
32820,0,0,0,-9507.4000,-1209.3900,47.8715,3.73257,20.0
32820,0,0,0,-9507.0000,-1063.0000,50.9820,5.50500,20.0
32820,0,0,0,-9507.0000,-1003.0000,54.7650,4.06700,20.0
32820,0,0,0,-9507.0000,391.5230,50.6880,2.99400,20.0
32820,0,0,0,-9505.0000,-210.0000,52.0690,0.99800,20.0
32820,0,0,0,-9504.0000,-1286.0000,43.0670,4.47200,20.0
32820,0,0,0,-9504.0000,389.2150,50.7790,5.28319,20.0
32820,0,0,0,-9503.0000,-1520.0000,61.4070,3.67500,20.0
32820,0,0,0,-9499.0000,-960.0000,54.0240,3.49500,20.0
32820,0,0,0,-9499.0000,-56.0000,59.9890,1.87900,20.0
32820,0,0,0,-9498.0000,66.2290,56.5280,6.10900,20.0
32820,0,0,0,-9497.0000,-1274.0000,43.4560,0.70300,20.0
32820,0,0,0,-9496.0000,-939.0000,54.8360,0.46300,20.0
32820,0,0,0,-9496.0000,73.1460,56.4380,6.08800,20.0
32820,0,0,0,-9495.0500,395.5210,51.9490,1.53097,20.0
32820,0,0,0,-9494.0000,-1063.0000,52.2080,2.64900,20.0
32820,0,0,0,-9494.0000,83.0810,56.4740,6.15100,20.0
32820,0,0,0,-9494.0000,324.2110,52.5610,6.05700,20.0
32820,0,0,0,-9493.0000,-450.0000,56.0730,5.05400,20.0
32820,0,0,0,-9492.0000,-559.0000,64.4560,1.58400,20.0
32820,0,0,0,-9491.0000,-1193.0000,49.5640,4.06300,20.0
32820,0,0,0,-9491.0000,-53.0000,60.4930,5.20700,20.0
32820,0,0,0,-9491.0000,-21.0000,58.3390,2.12600,20.0
32820,0,0,0,-9490.0000,-958.0000,55.9710,3.14000,20.0
32820,0,0,0,-9490.0000,-31.0000,59.0780,1.19900,20.0
32820,0,0,0,-9490.0000,-29.0000,58.9230,4.50200,20.0
32820,0,0,0,-9490.0000,475.3710,51.2980,6.27400,20.0
32820,0,0,0,-9489.0000,482.2350,51.7150,5.56200,20.0
32820,0,0,0,-9488.0000,-766.0000,61.2810,1.93700,20.0
32820,0,0,0,-9487.0000,-1254.0000,43.4830,1.86500,20.0
32820,0,0,0,-9487.0000,-1028.0000,53.1710,0.61600,20.0
32820,0,0,0,-9487.0000,271.4350,52.8550,4.10000,20.0
32820,0,0,0,-9486.0000,246.7190,54.0800,4.00700,20.0
32820,0,0,0,-9485.0000,-329.0000,54.8920,0.41900,20.0
32820,0,0,0,-9484.0000,-350.0000,60.2000,4.37800,20.0
32820,0,0,0,-9483.0000,-1356.0000,46.9580,1.01100,20.0
32820,0,0,0,-9482.0000,266.8850,53.2340,1.09700,20.0
32820,0,0,0,-9482.0000,425.9880,53.9790,4.06100,20.0
32820,0,0,0,-9480.2200,-1159.7300,50.8268,0.58648,20.0
32820,0,0,0,-9480.0000,-786.0000,60.6030,5.01000,20.0
32820,0,0,0,-9479.0000,-183.0000,58.5030,1.55400,20.0
32820,0,0,0,-9478.5500,-1166.2200,50.4518,4.10283,20.0
32820,0,0,0,-9478.0000,280.8150,53.1920,4.36000,20.0
32820,0,0,0,-9476.0000,-1207.0000,48.1810,4.10800,20.0
32820,0,0,0,-9475.5200,-1161.9800,50.9518,4.90971,20.0
32820,0,0,0,-9474.4900,87.2420,56.7402,2.98374,20.0
32820,0,0,0,-9474.0000,533.1320,54.2850,2.50100,20.0
32820,0,0,0,-9473.0000,-18.0000,57.5950,1.34600,20.0
32820,0,0,0,-9473.0000,-9.0000,49.7940,0.23300,20.0
32820,0,0,0,-9473.0000,46.9770,56.8870,5.06700,20.0
32820,0,0,0,-9472.6200,47.3926,56.7775,5.34535,20.0
32820,0,0,0,-9472.0000,-838.0000,60.5110,4.70900,20.0
32820,0,0,0,-9472.0000,-271.0000,58.2290,2.49600,20.0
32820,0,0,0,-9472.0000,-5.0000,49.7940,5.61100,20.0
32820,0,0,0,-9472.0000,34.1000,63.8200,4.40700,20.0
32820,0,0,0,-9471.0000,-165.0000,59.2260,1.29300,20.0
32820,0,0,0,-9471.0000,27.0470,56.3390,5.75100,20.0
32820,0,0,0,-9471.0000,46.9040,56.7640,4.63700,20.0
32820,0,0,0,-9471.0000,419.2620,53.1170,4.69700,20.0
32820,0,0,0,-9470.2600,-1289.4200,41.1047,2.80465,20.0
32820,0,0,0,-9470.0000,-379.0000,59.0320,4.24100,20.0
32820,0,0,0,-9469.0000,-1355.0000,47.4290,1.03000,20.0
32820,0,0,0,-9468.3300,24.9295,56.5369,6.09120,20.0
32820,0,0,0,-9468.0000,108.9760,57.6610,1.79800,20.0
32820,0,0,0,-9468.0000,241.7640,56.0800,3.42200,20.0
32820,0,0,0,-9468.0000,298.5300,53.9030,5.52200,20.0
32820,0,0,0,-9467.0000,-5.0000,49.7930,4.69100,20.0
32820,0,0,0,-9467.0000,-5.0000,57.0330,1.64100,20.0
32820,0,0,0,-9467.0000,275.7550,53.6950,0.51200,20.0
32820,0,0,0,-9466.0000,0.0610,57.0330,0.74200,20.0
32820,0,0,0,-9466.0000,12.6450,63.9040,1.10000,20.0
32820,0,0,0,-9466.0000,48.1420,56.9680,1.46600,20.0
32820,0,0,0,-9466.0000,74.0070,56.7790,5.33600,20.0
32820,0,0,0,-9465.9300,24.9355,56.6126,3.12414,20.0
32820,0,0,0,-9465.0000,9.6330,57.1460,1.44900,20.0
32820,0,0,0,-9465.0000,93.9900,58.5270,0.00000,20.0
32820,0,0,0,-9464.0000,87.4300,58.3440,0.43700,20.0
32820,0,0,0,-9463.0000,-827.0000,60.7460,0.31900,20.0
32820,0,0,0,-9463.0000,-239.0000,57.8310,1.00200,20.0
32820,0,0,0,-9463.0000,-236.0000,57.7420,1.55700,20.0
32820,0,0,0,-9463.0000,16.1920,57.0460,3.03700,20.0
32820,0,0,0,-9462.0000,109.3530,57.8780,2.65300,20.0
32820,0,0,0,-9461.0000,-551.0000,67.2800,0.31700,20.0
32820,0,0,0,-9461.0000,33.1340,63.9040,4.36300,20.0
32820,0,0,0,-9460.1700,26.0472,56.3399,5.44596,20.0
32820,0,0,0,-9460.0000,8.4110,57.1460,1.46600,20.0
32820,0,0,0,-9460.0000,31.9390,57.0490,2.98500,20.0
32820,0,0,0,-9459.0000,-992.0000,57.7160,2.63900,20.0
32820,0,0,0,-9459.0000,325.0260,53.6800,1.98300,20.0
32820,0,0,0,-9457.0000,29.3610,63.9040,2.96700,20.0
32820,0,0,0,-9457.0000,99.1680,58.3430,4.30400,20.0
32820,0,0,0,-9456.5400,-1160.6800,52.9803,4.11778,20.0
32820,0,0,0,-9455.2200,-1386.2100,47.1356,1.81376,20.0
32820,0,0,0,-9455.0000,73.4960,56.9960,3.14200,20.0
32820,0,0,0,-9455.0000,87.3500,58.3430,2.62800,20.0
32820,0,0,0,-9454.1600,-1385.9500,47.1707,1.71476,20.0
32820,0,0,0,-9452.0000,-1051.0000,57.2800,0.36000,20.0
32820,0,0,0,-9452.0000,520.2630,56.2250,2.97300,20.0
32820,0,0,0,-9451.0000,-957.0000,55.7380,4.46700,20.0
32820,0,0,0,-9449.0000,-1449.0000,59.0310,0.01700,20.0
32820,0,0,0,-9449.0000,-779.0000,62.3010,1.98500,20.0
32820,0,0,0,-9448.0000,-494.0000,63.7850,5.27000,20.0
32820,0,0,0,-9448.0000,217.3730,59.9310,0.00000,20.0
32820,0,0,0,-9448.0000,339.6540,54.6380,0.58800,20.0
32820,0,0,0,-9448.0000,462.1580,52.2860,4.19200,20.0
32820,0,0,0,-9445.0000,-973.0000,55.5910,4.36600,20.0
32820,0,0,0,-9445.0000,-595.0000,65.4050,3.86400,20.0
32820,0,0,0,-9444.1000,-1412.3100,46.6621,1.63715,20.0
32820,0,0,0,-9444.0000,-900.0000,58.1530,3.64000,20.0
32820,0,0,0,-9444.0000,459.6070,52.2100,4.19300,20.0
32820,0,0,0,-9440.7600,-1391.1500,46.7888,2.02346,20.0
32820,0,0,0,-9440.0000,-1379.0000,46.9530,0.95500,20.0
32820,0,0,0,-9439.0000,-675.0000,64.1240,4.52900,20.0
32820,0,0,0,-9438.4900,-1405.0000,46.6620,4.60941,20.0
32820,0,0,0,-9438.2200,-1412.3500,46.6620,1.68739,20.0
32820,0,0,0,-9438.0000,-655.0000,65.7730,2.11000,20.0
32820,0,0,0,-9438.0000,470.2490,53.2740,4.00900,20.0
32820,0,0,0,-9437.0000,-1452.0000,59.8170,6.09000,20.0
32820,0,0,0,-9435.0000,-639.0000,66.1160,5.86300,20.0
32820,0,0,0,-9434.0000,-1253.0000,49.2670,2.30500,20.0
32820,0,0,0,-9433.0000,482.5280,53.2470,2.29500,20.0
32820,0,0,0,-9432.0000,-1387.0000,46.6630,5.94700,20.0
32820,0,0,0,-9432.0000,133.1990,58.8370,6.15100,20.0
32820,0,0,0,-9432.0000,150.6870,55.8340,2.53200,20.0
32820,0,0,0,-9431.9800,56.7107,56.6996,6.16101,20.0
32820,0,0,0,-9431.3200,55.0524,56.6871,3.38594,20.0
32820,0,0,0,-9431.0100,58.3279,56.7729,5.48033,20.0
32820,0,0,0,-9430.0000,-1514.0000,68.9180,0.44800,20.0
32820,0,0,0,-9430.0000,132.4380,59.0790,2.80200,20.0
32820,0,0,0,-9430.0000,134.2590,58.9010,3.84900,20.0
32820,0,0,0,-9429.9200,56.1355,56.7913,2.98451,20.0
32820,0,0,0,-9429.0000,-1262.0000,49.0450,1.86000,20.0
32820,0,0,0,-9429.0000,-1261.0000,49.1540,5.27600,20.0
32820,0,0,0,-9428.7200,54.0571,56.8190,1.91986,20.0
32820,0,0,0,-9427.1500,129.1760,59.4742,2.84226,20.0
32820,0,0,0,-9427.0000,-671.0000,64.6840,4.56600,20.0
32820,0,0,0,-9427.0000,323.4200,55.9120,3.39000,20.0
32820,0,0,0,-9426.7100,-1323.5600,51.4573,2.53904,20.0
32820,0,0,0,-9422.0000,-1239.0000,52.7000,5.80700,20.0
32820,0,0,0,-9422.0000,-1182.0000,56.4830,6.11500,20.0
32820,0,0,0,-9421.0000,-566.0000,67.7080,4.62500,20.0
32820,0,0,0,-9421.0000,-453.0000,60.4220,3.66200,20.0
32820,0,0,0,-9420.8400,-1302.4300,47.8857,5.23631,20.0
32820,0,0,0,-9419.0000,-728.0000,65.5830,3.24500,20.0
32820,0,0,0,-9418.0000,-1362.0000,50.5640,4.50000,20.0
32820,0,0,0,-9416.0000,-782.0000,66.3950,1.48700,20.0
32820,0,0,0,-9416.0000,155.7090,56.4030,5.04500,20.0
32820,0,0,0,-9415.0000,295.7580,60.2650,4.89100,20.0
32820,0,0,0,-9414.0000,-845.0000,62.5610,0.00400,20.0
32820,0,0,0,-9412.0000,-387.0000,57.4690,2.22600,20.0
32820,0,0,0,-9412.0000,-314.0000,60.6020,0.00000,20.0
32820,0,0,0,-9411.0000,-1350.0000,50.0280,1.49800,20.0
32820,0,0,0,-9410.0000,-1271.0000,49.8320,5.48300,20.0
32820,0,0,0,-9410.0000,-853.0000,62.7110,0.46100,20.0
32820,0,0,0,-9410.0000,-324.0000,59.3750,1.68200,20.0
32820,0,0,0,-9410.0000,208.3550,61.0790,3.91200,20.0
32820,0,0,0,-9409.0000,243.3290,61.1720,1.58200,20.0
32820,0,0,0,-9408.0000,-999.0000,61.8640,2.69400,20.0
32820,0,0,0,-9407.0000,-1107.0000,61.2110,5.32300,20.0
32820,0,0,0,-9405.0000,-1344.0000,50.1110,2.46100,20.0
32820,0,0,0,-9404.0000,-30.0000,64.3350,1.72100,20.0
32820,0,0,0,-9402.0000,324.1720,58.2190,0.63400,20.0
32820,0,0,0,-9400.9900,-1336.2600,50.0274,3.16106,20.0
32820,0,0,0,-9400.1300,111.1520,60.0272,5.17295,20.0
32820,0,0,0,-9397.0000,-443.0000,60.3360,0.51500,20.0
32820,0,0,0,-9397.0000,305.1060,61.0050,5.91900,20.0
32820,0,0,0,-9396.0000,-711.0000,67.7900,2.39600,20.0
32820,0,0,0,-9395.0000,-1514.0000,69.3850,4.88600,20.0
32820,0,0,0,-9395.0000,312.6810,61.5860,1.53300,20.0
32820,0,0,0,-9393.0600,-12.7080,61.7282,0.60979,20.0
32820,0,0,0,-9393.0000,-1276.0000,54.0570,6.24000,20.0
32820,0,0,0,-9392.0000,-345.0000,59.1690,5.62100,20.0
32820,0,0,0,-9390.0000,-587.0000,67.0120,4.10100,20.0
32820,0,0,0,-9390.0000,-508.0000,68.8110,2.17900,20.0
32820,0,0,0,-9390.0000,56.5540,59.9850,3.12800,20.0
32820,0,0,0,-9390.0000,528.0810,61.3210,3.90600,20.0
32820,0,0,0,-9389.1700,26.7242,60.1325,4.52040,20.0
32820,0,0,0,-9389.0000,-1275.0000,55.1140,3.00400,20.0
32820,0,0,0,-9387.1300,-117.8590,58.8626,2.81827,20.0
32820,0,0,0,-9387.0000,-1435.0000,62.1890,0.90400,20.0
32820,0,0,0,-9387.0000,-963.0000,63.5910,2.72100,20.0
32820,0,0,0,-9386.2300,26.1518,60.6273,4.52040,20.0
32820,0,0,0,-9386.0000,-1276.0000,55.5620,2.71700,20.0
32820,0,0,0,-9384.0000,-924.0000,63.4880,2.60600,20.0
32820,0,0,0,-9384.0000,-486.0000,68.8860,1.50600,20.0
32820,0,0,0,-9384.0000,-230.0000,64.1500,0.89900,20.0
32820,0,0,0,-9384.0000,-21.0000,62.3610,0.49600,20.0
32820,0,0,0,-9384.0000,343.2320,56.3960,4.66400,20.0
32820,0,0,0,-9383.1700,11.5458,61.1362,1.44862,20.0
32820,0,0,0,-9382.3300,14.4817,61.6174,4.25860,20.0
32820,0,0,0,-9381.8200,-117.4290,58.7558,4.28438,20.0
32820,0,0,0,-9381.0000,-280.0000,64.4590,0.00000,20.0
32820,0,0,0,-9381.0000,127.1410,61.3640,3.11000,20.0
32820,0,0,0,-9380.0000,-70.0000,64.5210,4.55500,20.0
32820,0,0,0,-9380.0000,29.6170,61.1830,2.48800,20.0
32820,0,0,0,-9379.0000,-112.0000,58.7930,2.07700,20.0
32820,0,0,0,-9378.0000,-1127.0000,62.7010,1.78400,20.0
32820,0,0,0,-9378.0000,-216.0000,63.9530,0.89700,20.0
32820,0,0,0,-9376.0000,-74.0000,64.5210,3.45600,20.0
32820,0,0,0,-9376.0000,-67.0000,69.2020,1.07500,20.0
32820,0,0,0,-9376.0000,-66.0000,69.2020,5.79800,20.0
32820,0,0,0,-9375.1400,26.3486,61.7140,4.83456,20.0
32820,0,0,0,-9374.0000,-1225.0000,63.7620,5.09100,20.0
32820,0,0,0,-9374.0000,-66.0000,69.2020,3.57000,20.0
32820,0,0,0,-9373.3600,22.8965,62.0908,2.21657,20.0
32820,0,0,0,-9373.0000,-1210.0000,63.5570,3.05900,20.0
32820,0,0,0,-9373.0000,134.1020,61.8360,1.38500,20.0
32820,0,0,0,-9373.0000,147.6020,61.6850,4.38600,20.0
32820,0,0,0,-9371.0000,-944.0000,65.1010,5.77300,20.0
32820,0,0,0,-9371.0000,-70.0000,69.2020,0.37400,20.0
32820,0,0,0,-9371.0000,-68.0000,69.2020,5.04900,20.0
32820,0,0,0,-9371.0000,134.7910,61.9850,4.72200,20.0
32820,0,0,0,-9369.0000,-1192.0000,63.6240,0.60900,20.0
32820,0,0,0,-9369.0000,-68.0000,69.2020,2.96300,20.0
32820,0,0,0,-9367.0000,-1168.0000,65.1930,5.53000,20.0
32820,0,0,0,-9366.0000,-810.0000,65.5440,2.61600,20.0
32820,0,0,0,-9365.0000,-596.0000,69.1780,4.29600,20.0
32820,0,0,0,-9364.0000,11.0240,61.8150,2.50600,20.0
32820,0,0,0,-9361.0000,-1405.0000,63.5750,4.34400,20.0
32820,0,0,0,-9361.0000,-869.0000,64.9620,3.98700,20.0
32820,0,0,0,-9358.0000,-926.0000,65.7320,2.16400,20.0
32820,0,0,0,-9358.0000,-849.0000,63.9970,2.37500,20.0
32820,0,0,0,-9354.7200,167.9420,61.6650,0.27367,20.0
32820,0,0,0,-9354.0000,-1404.0000,63.9730,4.16700,20.0
32820,0,0,0,-9354.0000,-1195.0000,66.2660,2.26600,20.0
32820,0,0,0,-9354.0000,-186.0000,65.1980,0.37200,20.0
32820,0,0,0,-9353.0000,-904.0000,66.0400,6.18000,20.0
32820,0,0,0,-9353.0000,-843.0000,64.1200,6.07500,20.0
32820,0,0,0,-9352.0000,-1164.0000,65.3530,2.38400,20.0
32820,0,0,0,-9352.0000,-1160.0000,65.5430,5.24500,20.0
32820,0,0,0,-9352.0000,-611.0000,71.3130,1.55300,20.0
32820,0,0,0,-9352.0000,503.7650,50.3210,4.47300,20.0
32820,0,0,0,-9350.8100,171.0180,61.7532,1.01980,20.0
32820,0,0,0,-9350.0000,-1166.0000,65.2930,1.93300,20.0
32820,0,0,0,-9349.1900,176.1530,61.7260,5.18634,20.0
32820,0,0,0,-9347.0000,-1445.0000,66.6720,1.45900,20.0
32820,0,0,0,-9346.4400,171.0410,61.5582,2.74061,20.0
32820,0,0,0,-9346.0000,-748.0000,68.3440,0.26200,20.0
32820,0,0,0,-9346.0000,44.3080,61.3140,2.71700,20.0
32820,0,0,0,-9346.0000,477.3430,52.1800,5.38500,20.0
32820,0,0,0,-9344.0500,175.8770,61.5584,3.59669,20.0
32820,0,0,0,-9342.2000,187.9840,61.5586,5.25467,20.0
32820,0,0,0,-9341.0000,165.0210,61.6410,1.09600,20.0
32820,0,0,0,-9340.1600,183.3390,61.5512,0.34985,20.0
32820,0,0,0,-9340.0000,-1120.0000,67.9940,5.36800,20.0
32820,0,0,0,-9340.0000,-716.0000,67.0030,4.00500,20.0
32820,0,0,0,-9338.0000,-1155.0000,67.0430,0.59500,20.0
32820,0,0,0,-9337.5600,188.2830,61.5117,3.72314,20.0
32820,0,0,0,-9336.0000,-1254.0000,66.1130,5.26100,20.0
32820,0,0,0,-9336.0000,-436.0000,67.5430,3.38200,20.0
32820,0,0,0,-9334.0000,-947.0000,67.3210,5.95700,20.0
32820,0,0,0,-9332.2200,272.5050,68.1097,1.01197,20.0
32820,0,0,0,-9331.0000,-1168.0000,66.5170,3.20600,20.0
32820,0,0,0,-9330.4600,180.9360,61.6792,4.17160,20.0
32820,0,0,0,-9330.0000,-1313.0000,65.0700,0.09100,20.0
32820,0,0,0,-9329.3100,166.3520,61.5815,1.76357,20.0
32820,0,0,0,-9328.0000,-1318.0000,65.4510,3.67900,20.0
32820,0,0,0,-9327.9200,185.5070,62.7096,4.07265,20.0
32820,0,0,0,-9327.6000,178.9750,61.6973,4.10484,20.0
32820,0,0,0,-9327.0000,366.1890,66.4370,4.38400,20.0
32820,0,0,0,-9326.0000,325.4280,68.2490,2.47400,20.0
32820,0,0,0,-9325.2100,269.7970,67.8272,5.27587,20.0
32820,0,0,0,-9324.7400,-106.1010,64.0093,1.60990,20.0
32820,0,0,0,-9323.0000,-557.0000,69.4470,0.58600,20.0
32820,0,0,0,-9322.0600,168.4700,61.6066,2.40367,20.0
32820,0,0,0,-9322.0000,-288.0000,69.4950,4.24000,20.0
32820,0,0,0,-9321.1600,270.7560,68.0387,6.23488,20.0
32820,0,0,0,-9321.0000,-1189.0000,68.5490,4.90700,20.0
32820,0,0,0,-9321.0000,-386.0000,67.1610,3.96800,20.0
32820,0,0,0,-9321.0000,551.7130,77.1390,2.58300,20.0
32820,0,0,0,-9320.0000,-272.0000,69.7860,1.37100,20.0
32820,0,0,0,-9319.0000,397.5110,71.7320,0.49700,20.0
32820,0,0,0,-9318.6700,173.3480,61.6130,2.83957,20.0
32820,0,0,0,-9317.0000,-1183.0000,68.2260,5.53300,20.0
32820,0,0,0,-9316.0000,-719.0000,67.2990,5.34100,20.0
32820,0,0,0,-9316.0000,-520.0000,68.6300,2.47700,20.0
32820,0,0,0,-9316.0000,-495.0000,69.8100,1.64900,20.0
32820,0,0,0,-9315.0000,324.7350,70.1240,0.19800,20.0
32820,0,0,0,-9314.4400,534.5040,75.7665,5.50474,20.0
32820,0,0,0,-9313.0000,281.4840,70.5380,2.38100,20.0
32820,0,0,0,-9313.0000,291.2230,70.6190,4.10200,20.0
32820,0,0,0,-9313.0000,335.9620,69.2820,5.10900,20.0
32820,0,0,0,-9312.0000,-432.0000,68.2370,2.05200,20.0
32820,0,0,0,-9312.0000,-169.0000,65.7190,4.12100,20.0
32820,0,0,0,-9310.0000,355.4810,70.0810,4.04200,20.0
32820,0,0,0,-9309.1200,283.6760,70.5382,2.26234,20.0
32820,0,0,0,-9309.0000,-376.0000,71.1450,3.61200,20.0
32820,0,0,0,-9309.0000,64.1420,76.1960,0.61600,20.0
32820,0,0,0,-9309.0000,325.8570,70.7490,0.06700,20.0
32820,0,0,0,-9308.0000,454.3290,77.7080,2.50500,20.0
32820,0,0,0,-9307.0000,-287.0000,70.4470,3.22000,20.0
32820,0,0,0,-9307.0000,-109.0000,66.0280,0.78500,20.0
32820,0,0,0,-9307.0000,363.1440,71.5630,1.50900,20.0
32820,0,0,0,-9306.0000,-1303.0000,68.6160,0.83700,20.0
32820,0,0,0,-9304.0000,-65.0000,67.5520,1.35800,20.0
32820,0,0,0,-9303.1900,-292.2310,70.6300,3.22000,20.0
32820,0,0,0,-9303.0000,-27.0000,69.8830,4.01200,20.0
32820,0,0,0,-9302.0000,-105.0000,67.3700,0.02300,20.0
32820,0,0,0,-9299.0000,406.2420,74.3800,1.50800,20.0
32820,0,0,0,-9299.0000,653.5520,131.1660,4.43300,20.0
32820,0,0,0,-9299.0000,672.3890,131.9760,2.46100,20.0
32820,0,0,0,-9298.0000,625.1900,130.7630,5.20100,20.0
32820,0,0,0,-9297.0000,386.2090,75.4300,1.27600,20.0
32820,0,0,0,-9297.0000,394.5080,76.3290,6.13300,20.0
32820,0,0,0,-9297.0000,702.4510,131.6790,4.26800,20.0
32820,0,0,0,-9296.0000,474.4460,79.6500,4.03100,20.0
32820,0,0,0,-9295.0000,693.9850,132.5690,1.47900,20.0
32820,0,0,0,-9293.0000,-6.0000,69.1540,2.28100,20.0
32820,0,0,0,-9293.0000,707.8570,132.6440,4.33100,20.0
32820,0,0,0,-9292.0000,-674.0000,64.8120,1.99000,20.0
32820,0,0,0,-9292.0000,388.5470,76.6840,2.62200,20.0
32820,0,0,0,-9289.0000,-1268.0000,71.8820,3.34200,20.0
32820,0,0,0,-9289.0000,-1243.0000,70.2010,1.85800,20.0
32820,0,0,0,-9289.0000,-820.0000,69.2690,1.64100,20.0
32820,0,0,0,-9289.0000,466.8840,80.1090,2.61800,20.0
32820,0,0,0,-9287.0000,461.5620,79.7090,5.30700,20.0
32820,0,0,0,-9285.0000,350.4180,75.5290,4.96700,20.0
32820,0,0,0,-9285.0000,375.7050,76.1310,6.19700,20.0
32820,0,0,0,-9285.0000,446.7730,79.7230,3.54900,20.0
32820,0,0,0,-9284.0000,97.4200,68.9680,0.59000,20.0
32820,0,0,0,-9282.0000,-579.0000,65.1840,5.81200,20.0
32820,0,0,0,-9282.0000,-198.0000,69.3610,5.54200,20.0
32820,0,0,0,-9282.0000,269.2660,70.9330,0.03100,20.0
32820,0,0,0,-9281.0000,-1310.0000,72.6260,0.04700,20.0
32820,0,0,0,-9281.0000,-1251.0000,72.5460,0.25400,20.0
32820,0,0,0,-9281.0000,662.6270,131.9650,6.15100,20.0
32820,0,0,0,-9280.0000,-1270.0000,72.8820,4.84900,20.0
32820,0,0,0,-9279.0000,-1183.0000,71.1430,4.55300,20.0
32820,0,0,0,-9279.0000,454.2540,80.5690,5.57300,20.0
32820,0,0,0,-9278.0000,-1253.0000,73.1140,0.45800,20.0
32820,0,0,0,-9278.0000,-1160.0000,68.2250,2.43500,20.0
32820,0,0,0,-9277.0000,-686.0000,63.8790,2.48400,20.0
32820,0,0,0,-9277.0000,-585.0000,65.1840,4.92900,20.0
32820,0,0,0,-9273.0000,23.9780,71.3510,0.26700,20.0
32820,0,0,0,-9271.0000,398.3250,79.7490,4.00700,20.0
32820,0,0,0,-9270.0000,-549.0000,66.4590,5.58900,20.0
32820,0,0,0,-9270.0000,653.4000,134.5000,0.40000,20.0
32820,0,0,0,-9268.0000,459.0410,81.7990,3.67700,20.0
32820,0,0,0,-9266.1200,354.4000,76.6919,2.29450,20.0
32820,0,0,0,-9265.0000,294.5190,71.1250,2.06400,20.0
32820,0,0,0,-9261.0000,111.8960,70.9950,2.07500,20.0
32820,0,0,0,-9259.0000,-21.0000,73.2360,1.09100,20.0
32820,0,0,0,-9256.0000,-981.0000,68.5160,3.06900,20.0
32820,0,0,0,-9256.0000,-712.0000,62.8560,4.28319,20.0
32820,0,0,0,-9256.0000,-708.0000,63.0980,0.94200,20.0
32820,0,0,0,-9255.0000,-1242.0000,73.9340,4.28319,20.0
32820,0,0,0,-9254.0000,-574.0000,66.7630,5.24900,20.0
32820,0,0,0,-9254.0000,129.8620,70.7350,1.88900,20.0
32820,0,0,0,-9253.0000,368.8580,77.5240,1.91800,20.0
32820,0,0,0,-9253.0000,437.7790,85.5650,2.49200,20.0
32820,0,0,0,-9252.0000,-1241.0000,74.0400,2.15600,20.0
32820,0,0,0,-9252.0000,451.5830,87.2690,1.57300,20.0
32820,0,0,0,-9250.0000,126.2360,71.3950,3.38200,20.0
32820,0,0,0,-9250.0000,131.1770,70.4590,5.23400,20.0
32820,0,0,0,-9249.0000,382.4080,80.1180,4.05800,20.0
32820,0,0,0,-9247.0000,-577.0000,66.7720,4.60500,20.0
32820,0,0,0,-9246.0000,-853.0000,69.7610,0.04400,20.0
32820,0,0,0,-9246.0000,52.7010,73.8370,2.13000,20.0
32820,0,0,0,-9245.0000,-713.0000,63.0390,1.92000,20.0
32820,0,0,0,-9245.0000,48.9740,73.7120,1.00300,20.0
32820,0,0,0,-9245.0000,275.5840,72.0160,2.78500,20.0
32820,0,0,0,-9244.0000,238.2940,71.1890,2.08900,20.0
32820,0,0,0,-9242.0000,-1161.0000,63.4760,1.69300,20.0
32820,0,0,0,-9239.0000,-40.0000,71.6320,3.50500,20.0
32820,0,0,0,-9238.0000,244.9090,71.4410,3.29500,20.0
32820,0,0,0,-9236.0000,-1226.0000,72.6900,0.83700,20.0
32820,0,0,0,-9236.0000,-67.0000,73.7090,4.01500,20.0
32820,0,0,0,-9234.0000,265.9700,72.5310,2.26900,20.0
32820,0,0,0,-9232.0000,361.0530,73.6980,0.00000,20.0
32820,0,0,0,-9230.0000,-1199.0000,67.7160,1.13400,20.0
32820,0,0,0,-9230.0000,46.4700,74.5780,2.23300,20.0
32820,0,0,0,-9229.0000,67.1440,75.6090,5.94100,20.0
32820,0,0,0,-9228.0000,-70.0000,74.9460,2.10100,20.0
32820,0,0,0,-9227.2500,318.9840,73.9797,5.50171,20.0
32820,0,0,0,-9226.0000,-1031.0000,69.8810,4.23400,20.0
32820,0,0,0,-9225.0000,-62.0000,74.9780,3.71700,20.0
32820,0,0,0,-9225.0000,9.0600,76.4710,3.72100,20.0
32820,0,0,0,-9224.0000,-50.0000,73.4830,5.11100,20.0
32820,0,0,0,-9224.0000,-40.0000,73.4010,4.83900,20.0
32820,0,0,0,-9223.0000,-630.0000,61.9720,5.41400,20.0
32820,0,0,0,-9222.0000,54.2030,75.6690,1.74200,20.0
32820,0,0,0,-9221.0000,52.5230,75.6010,0.00000,20.0
32820,0,0,0,-9219.0000,-1243.0000,76.0070,3.36300,20.0
32820,0,0,0,-9218.0000,-1229.0000,72.6830,1.85000,20.0
32820,0,0,0,-9217.0000,427.7540,89.6920,0.17500,20.0
32820,0,0,0,-9215.0000,-39.0000,75.2760,0.92100,20.0
32820,0,0,0,-9214.0000,-48.0000,74.1230,1.78200,20.0
32820,0,0,0,-9213.0000,302.3590,74.2400,2.63300,20.0
32820,0,0,0,-9213.0000,426.2350,88.8550,0.44100,20.0
32820,0,0,0,-9211.0000,146.7110,72.2050,4.10300,20.0
32820,0,0,0,-9211.0000,243.9260,72.6910,0.52500,20.0
32820,0,0,0,-9210.0000,54.9030,76.4050,4.50400,20.0
32820,0,0,0,-9209.0000,414.5690,88.2980,3.84100,20.0
32820,0,0,0,-9208.0000,31.0730,74.8410,2.23500,20.0
32820,0,0,0,-9203.0000,419.8360,89.4860,4.91500,20.0
32820,0,0,0,-9202.8600,204.1900,71.1686,3.47368,20.0
32820,0,0,0,-9199.0000,63.8070,77.5370,3.79700,20.0
32820,0,0,0,-9196.0000,-1113.0000,71.6470,4.98800,20.0
32820,0,0,0,-9196.0000,-846.0000,70.0450,2.07300,20.0
32820,0,0,0,-9195.0000,-1215.0000,68.4350,1.08200,20.0
32820,0,0,0,-9195.0000,-1003.0000,70.5400,3.32200,20.0
32820,0,0,0,-9190.0000,356.9670,76.2340,5.98800,20.0
32820,0,0,0,-9189.7100,0.4527,77.6916,3.02419,20.0
32820,0,0,0,-9185.0000,-643.0000,65.5450,5.19700,20.0
32820,0,0,0,-9185.0000,117.6980,74.8540,4.70100,20.0
32820,0,0,0,-9182.0000,412.5940,89.1090,1.42800,20.0
32820,0,0,0,-9180.2900,-8.1036,78.8000,3.87635,20.0
32820,0,0,0,-9180.0800,300.4710,78.2777,1.48024,20.0
32820,0,0,0,-9177.4900,414.6260,90.1926,5.65879,20.0
32820,0,0,0,-9177.0000,418.3470,91.3260,0.86000,20.0
32820,0,0,0,-9176.0000,0.7040,80.4760,5.79400,20.0
32820,0,0,0,-9175.0000,-1125.0000,71.0730,4.47600,20.0
32820,0,0,0,-9175.0000,44.2440,78.2960,5.37300,20.0
32820,0,0,0,-9173.1800,317.4260,80.4488,0.51830,20.0
32820,0,0,0,-9172.0000,-1262.0000,76.0020,4.26400,20.0
32820,0,0,0,-9172.0000,-1251.0000,75.1270,2.19500,20.0
32820,0,0,0,-9170.6800,377.8010,88.3880,5.18362,20.0
32820,0,0,0,-9167.2000,19.3800,78.8030,1.52015,20.0
32820,0,0,0,-9164.8800,-6.6036,79.3901,4.80705,20.0
32820,0,0,0,-9164.2700,16.4855,78.7518,2.44300,20.0
32820,0,0,0,-9163.0000,86.0720,76.8230,4.65700,20.0
32820,0,0,0,-9162.9200,-2.9179,79.6812,0.60909,20.0
32820,0,0,0,-9162.0700,13.6444,78.6699,5.53354,20.0
32820,0,0,0,-9162.0000,84.6310,77.0760,1.63200,20.0
32820,0,0,0,-9159.0000,-591.0000,59.1620,2.71600,20.0
32820,0,0,0,-9159.0000,15.5130,78.5480,0.99600,20.0
32820,0,0,0,-9155.6100,261.7540,80.1009,2.98844,20.0
32820,0,0,0,-9155.0000,-1277.0000,77.2930,4.10500,20.0
32820,0,0,0,-9154.0000,-962.0000,71.2400,4.62900,20.0
32820,0,0,0,-9150.0000,-1243.0000,74.0130,1.41200,20.0
32820,0,0,0,-9145.2600,339.6400,90.6757,0.05274,20.0
32820,0,0,0,-9144.0000,-1065.0000,71.5580,1.58500,20.0
32820,0,0,0,-9143.8100,412.8980,93.7079,5.32893,20.0
32820,0,0,0,-9142.9900,-340.1230,72.6333,0.08181,20.0
32820,0,0,0,-9142.2200,339.8010,91.3411,3.19433,20.0
32820,0,0,0,-9140.7500,332.2160,91.2239,2.34441,20.0
32820,0,0,0,-9136.0000,-1148.0000,70.6160,4.38300,20.0
32820,0,0,0,-9135.0000,-818.0000,70.4270,2.75300,20.0
32820,0,0,0,-9132.0000,-596.0000,57.4460,4.18700,20.0
32820,0,0,0,-9131.8500,358.8360,92.3964,0.97615,20.0
32820,0,0,0,-9130.9100,344.5030,93.7304,0.94248,20.0
32820,0,0,0,-9130.6900,333.9390,93.3105,0.83727,20.0
32820,0,0,0,-9130.6800,347.4710,93.6376,5.67232,20.0
32820,0,0,0,-9130.0000,-984.0000,76.1810,2.05900,20.0
32820,0,0,0,-9129.2800,362.6290,92.3738,4.11774,20.0
32820,0,0,0,-9128.3500,345.3680,94.0594,2.68781,20.0
32820,0,0,0,-9127.9700,347.9310,93.9306,3.87463,20.0
32820,0,0,0,-9127.5600,351.4040,94.2329,2.13741,20.0
32820,0,0,0,-9126.8200,338.2310,93.9283,3.97886,20.0
32820,0,0,0,-9126.1800,394.4170,91.7424,3.92184,20.0
32820,0,0,0,-9125.0200,352.8240,94.2342,2.12170,20.0
32820,0,0,0,-9122.0000,-300.0000,73.4420,5.43500,20.0
32820,0,0,0,-9121.0000,-386.0000,73.3450,0.78500,20.0
32820,0,0,0,-9121.0000,-355.0000,73.5110,0.88200,20.0
32820,0,0,0,-9119.3500,307.9930,93.1764,0.63731,20.0
32820,0,0,0,-9118.9100,350.7460,93.7350,2.14134,20.0
32820,0,0,0,-9118.6500,325.3000,93.3136,1.91986,20.0
32820,0,0,0,-9118.6400,318.1920,93.2070,0.48415,20.0
32820,0,0,0,-9118.4800,348.4560,93.9492,3.78736,20.0
32820,0,0,0,-9118.1800,359.1640,93.2702,1.90179,20.0
32820,0,0,0,-9118.0000,-1080.0000,72.3040,2.05900,20.0
32820,0,0,0,-9118.0000,-1017.0000,72.2870,0.89800,20.0
32820,0,0,0,-9116.7400,329.4170,93.1118,0.92398,20.0
32820,0,0,0,-9116.5200,314.5500,93.0822,4.65069,20.0
32820,0,0,0,-9116.3700,334.7540,93.3562,1.99884,20.0
32820,0,0,0,-9116.3500,342.7580,93.8079,0.63731,20.0
32820,0,0,0,-9115.7800,325.1280,93.2047,4.70174,20.0
32820,0,0,0,-9114.8100,-341.0660,73.2501,1.02225,20.0
32820,0,0,0,-9114.8000,307.0340,93.4531,2.28664,20.0
32820,0,0,0,-9114.7900,338.7650,93.6277,2.91470,20.0
32820,0,0,0,-9114.1000,336.9110,93.4026,4.61927,20.0
32820,0,0,0,-9114.0100,317.9940,93.1465,2.10207,20.0
32820,0,0,0,-9113.5400,-339.1710,73.3014,4.93007,20.0
32820,0,0,0,-9113.3400,310.0460,93.2807,2.96208,20.0
32820,0,0,0,-9113.1300,348.9310,93.5571,4.53288,20.0
32820,0,0,0,-9112.7500,329.2590,93.1734,2.12564,20.0
32820,0,0,0,-9112.4600,341.8450,93.5009,1.93714,20.0
32820,0,0,0,-9111.8300,320.7050,93.1879,2.86784,20.0
32820,0,0,0,-9111.6300,353.6970,93.4015,2.40837,20.0
32820,0,0,0,-9111.6000,-339.9330,73.3671,2.90956,20.0
32820,0,0,0,-9111.3100,333.1460,93.2693,3.15058,20.0
32820,0,0,0,-9110.8300,366.3540,94.0632,2.67934,20.0
32820,0,0,0,-9110.1300,345.4050,93.4552,3.04455,20.0
32820,0,0,0,-9110.0000,-257.0000,75.0050,1.17700,20.0
32820,0,0,0,-9109.0800,365.8840,93.9828,2.40332,20.0
32820,0,0,0,-9107.0000,-1217.0000,65.1940,0.54000,20.0
32820,0,0,0,-9100.0100,-318.0480,73.2989,0.82590,20.0
32820,0,0,0,-9100.0000,-564.0000,61.5030,5.69500,20.0
32820,0,0,0,-9099.0500,-316.0700,73.2522,4.72462,20.0
32820,0,0,0,-9098.2400,-317.9180,73.3343,2.35350,20.0
32820,0,0,0,-9098.0000,-1101.0000,73.7150,2.16000,20.0
32820,0,0,0,-9095.0000,-12.0000,91.4080,3.81700,20.0
32820,0,0,0,-9093.9500,-363.8950,73.4845,1.58774,20.0
32820,0,0,0,-9093.7900,-350.9750,73.4519,0.33188,20.0
32820,0,0,0,-9093.4600,425.2200,92.1354,4.12178,20.0
32820,0,0,0,-9092.0000,-951.0000,68.8520,6.09000,20.0
32820,0,0,0,-9092.0000,-238.0000,74.3430,0.92100,20.0
32820,0,0,0,-9091.0000,-23.0000,90.1560,3.57600,20.0
32820,0,0,0,-9090.0000,-417.0000,74.6170,0.97500,20.0
32820,0,0,0,-9087.0000,-242.0000,74.1220,2.90100,20.0
32820,0,0,0,-9087.0000,-31.0000,89.0330,2.37000,20.0
32820,0,0,0,-9085.3900,-308.1220,73.3757,4.73482,20.0
32820,0,0,0,-9085.0300,-310.6860,73.4186,1.76288,20.0
32820,0,0,0,-9085.0000,-577.0000,62.1040,1.69000,20.0
32820,0,0,0,-9085.0000,-556.0000,60.2660,5.40700,20.0
32820,0,0,0,-9085.0000,-281.0000,73.9900,4.26200,20.0
32820,0,0,0,-9083.1000,-370.1220,73.4512,2.04719,20.0
32820,0,0,0,-9082.3100,410.9510,92.2809,3.21226,20.0
32820,0,0,0,-9081.0000,-180.0000,74.7650,4.77800,20.0
32820,0,0,0,-9079.0000,-1050.0000,72.2260,1.65400,20.0
32820,0,0,0,-9079.0000,-331.0000,73.4520,2.36700,20.0
32820,0,0,0,-9076.0000,-1218.0000,66.3600,3.29300,20.0
32820,0,0,0,-9072.0000,-348.0000,73.4500,6.17500,20.0
32820,0,0,0,-9068.8300,-382.0970,73.4742,1.12514,20.0
32820,0,0,0,-9067.4000,-299.5520,73.4566,5.35529,20.0
32820,0,0,0,-9067.1800,-379.5900,73.4847,4.20468,20.0
32820,0,0,0,-9065.7300,-284.4060,73.7253,0.33627,20.0
32820,0,0,0,-9065.0000,-547.0000,58.2350,1.24600,20.0
32820,0,0,0,-9065.0000,-312.0000,73.4520,2.84200,20.0
32820,0,0,0,-9064.0000,-48.0000,88.2440,1.51900,20.0
32820,0,0,0,-9064.0000,-283.9490,73.6745,3.43703,20.0
32820,0,0,0,-9063.0000,-39.0000,87.9590,4.57500,20.0
32820,0,0,0,-9060.0000,148.5660,115.2220,1.60600,20.0
32820,0,0,0,-9059.0000,-458.0000,72.4860,1.30500,20.0
32820,0,0,0,-9056.2300,-339.9580,73.4526,1.35290,20.0
32820,0,0,0,-9056.0000,-459.0000,72.5240,1.37300,20.0
32820,0,0,0,-9056.0000,152.6290,115.1160,3.15900,20.0
32820,0,0,0,-9053.1100,-362.4770,73.5042,1.69219,20.0
32820,0,0,0,-9053.0000,-95.0000,88.1900,1.11800,20.0
32820,0,0,0,-9052.0000,-621.0000,53.5770,4.24100,20.0
32820,0,0,0,-9052.0000,-458.0000,72.6510,1.57800,20.0
32820,0,0,0,-9045.3400,-46.7572,88.3206,4.60601,20.0
32820,0,0,0,-9045.0000,-553.0000,55.8500,6.10700,20.0
32820,0,0,0,-9045.0000,-264.0000,74.0780,3.49600,20.0
32820,0,0,0,-9044.5800,-43.6128,88.3693,1.24136,20.0
32820,0,0,0,-9044.0000,-45.0000,88.3600,2.96000,20.0
32820,0,0,0,-9041.0000,-324.0000,73.7020,0.89900,20.0
32820,0,0,0,-9040.3800,-303.1460,74.3207,2.42700,20.0
32820,0,0,0,-9040.0000,-1105.0000,71.3610,4.02300,20.0
32820,0,0,0,-9040.0000,-607.0000,53.2410,1.47800,20.0
32820,0,0,0,-9036.0000,-265.0000,73.5560,5.19600,20.0
32820,0,0,0,-9034.0000,-368.0000,75.4840,4.20500,20.0
32820,0,0,0,-9033.2100,-347.6140,74.1532,0.92564,20.0
32820,0,0,0,-9031.9400,-346.1490,74.2100,4.03346,20.0
32820,0,0,0,-9031.0000,10.0830,87.8840,4.48600,20.0
32820,0,0,0,-9029.0000,-422.0000,69.3920,3.73700,20.0
32820,0,0,0,-9027.2600,-326.1740,73.7017,1.51626,20.0
32820,0,0,0,-9016.1600,-310.5950,73.9234,0.27187,20.0
32820,0,0,0,-9016.0000,-149.0000,83.2210,5.73700,20.0
32820,0,0,0,-9013.0000,-845.0000,70.4530,3.00300,20.0
32820,0,0,0,-9012.0000,-981.0000,69.4940,5.28600,20.0
32820,0,0,0,-9012.0000,-409.0000,70.7710,3.89600,20.0
32820,0,0,0,-9012.0000,-376.0000,74.2710,5.45300,20.0
32820,0,0,0,-9012.0000,-362.0000,75.3780,1.61800,20.0
32820,0,0,0,-9011.0000,-1231.0000,74.0860,0.22200,20.0
32820,0,0,0,-9011.0000,-867.0000,69.4900,1.78800,20.0
32820,0,0,0,-9003.0000,-148.0000,80.3810,0.10000,20.0
32820,0,0,0,-9002.9100,-297.7980,71.1119,1.96551,20.0
32820,0,0,0,-9001.0000,-826.0000,69.8840,2.00000,20.0
32820,0,0,0,-9001.0000,-404.0000,71.2920,6.25900,20.0
32820,0,0,0,-9000.0000,-414.0000,69.8840,3.92100,20.0
32820,0,0,0,-8996.0000,-818.0000,69.7150,2.02300,20.0
32820,0,0,0,-8990.0000,-771.0000,73.3860,5.56800,20.0
32820,0,0,0,-8989.0000,-1174.0000,65.4300,1.62300,20.0
32820,0,0,0,-8987.0000,-855.0000,69.4900,4.98100,20.0
32820,0,0,0,-8984.0000,-1199.0000,71.8070,1.11300,20.0
32820,0,0,0,-8984.0000,-1170.0000,65.0870,2.68800,20.0
32820,0,0,0,-8980.0000,-208.0000,73.7290,0.10000,20.0
32820,0,0,0,-8978.0000,-339.0000,73.7120,5.34600,20.0
32820,0,0,0,-8974.0000,-57.0000,91.5820,1.17100,20.0
32820,0,0,0,-8971.0000,-359.0000,73.4010,2.80600,20.0
32820,0,0,0,-8967.0000,-203.0000,75.6440,2.31800,20.0
32820,0,0,0,-8962.2600,-174.9740,79.7247,2.96330,20.0
32820,0,0,0,-8962.0000,-406.0000,68.4040,3.04200,20.0
32820,0,0,0,-8961.0000,-447.0000,66.7720,4.47500,20.0
32820,0,0,0,-8960.0000,-807.0000,69.7730,1.66500,20.0
32820,0,0,0,-8960.0000,-228.0000,77.5930,4.21700,20.0
32820,0,0,0,-8959.0000,-792.0000,69.9740,1.39300,20.0
32820,0,0,0,-8958.3300,-432.8960,64.6510,1.27326,20.0
32820,0,0,0,-8956.0000,-43.0000,91.4140,1.31100,20.0
32820,0,0,0,-8955.0000,-373.0000,72.2050,2.90500,20.0
32820,0,0,0,-8952.0000,-1145.0000,66.5070,6.15700,20.0
32820,0,0,0,-8952.0000,-404.0000,68.7050,3.01400,20.0
32820,0,0,0,-8951.0000,-790.0000,69.1170,0.20500,20.0
32820,0,0,0,-8951.0000,-418.0000,65.9200,0.18700,20.0
32820,0,0,0,-8950.5600,-429.5280,65.1177,2.42386,20.0
32820,0,0,0,-8949.0000,-78.0000,89.2660,2.86000,20.0
32820,0,0,0,-8948.0000,-773.0000,68.7700,4.14000,20.0
32820,0,0,0,-8947.9700,-182.6040,79.8355,5.84689,20.0
32820,0,0,0,-8937.0000,-378.0000,71.1400,1.23200,20.0
32820,0,0,0,-8935.0000,-52.0000,90.2400,0.22300,20.0
32820,0,0,0,-8934.0000,-167.0000,80.8420,5.97700,20.0
32820,0,0,0,-8933.4200,-236.9620,79.4718,3.64650,20.0
32820,0,0,0,-8932.9000,-136.3320,83.1518,1.60830,20.0
32820,0,0,0,-8932.7200,-163.0660,80.9754,5.81801,20.0
32820,0,0,0,-8931.0000,78.5470,154.0170,5.00800,20.0
32820,0,0,0,-8929.0000,-734.0000,70.5190,5.78600,20.0
32820,0,0,0,-8929.0000,-63.0000,89.9390,5.16800,20.0
32820,0,0,0,-8928.0000,-202.0000,80.6820,2.20400,20.0
32820,0,0,0,-8927.0000,-196.0000,80.7710,2.55300,20.0
32820,0,0,0,-8924.0000,-438.0000,67.9110,0.27700,20.0
32820,0,0,0,-8921.0000,-1201.0000,74.5870,3.28319,20.0
32820,0,0,0,-8918.0000,-403.0000,67.7550,0.63000,20.0
32820,0,0,0,-8918.0000,-208.0000,82.3090,6.28200,20.0
32820,0,0,0,-8917.0000,-36.0000,91.8440,0.74900,20.0
32820,0,0,0,-8915.0000,-438.0000,69.6360,1.03500,20.0
32820,0,0,0,-8915.0000,-215.0000,82.3000,1.20400,20.0
32820,0,0,0,-8914.3600,-134.5890,80.4957,2.23039,20.0
32820,0,0,0,-8914.0000,-810.0000,68.9280,3.61100,20.0
32820,0,0,0,-8910.0000,-278.0000,78.2670,4.53400,20.0
32820,0,0,0,-8910.0000,-262.0000,79.2140,4.58700,20.0
32820,0,0,0,-8910.0000,-105.0000,81.8480,4.41100,20.0
32820,0,0,0,-8908.1300,-108.8900,81.8481,4.28817,20.0
32820,0,0,0,-8906.0000,-891.0000,73.5010,3.25400,20.0
32820,0,0,0,-8903.0000,-286.0000,77.5970,3.89900,20.0
32820,0,0,0,-8903.0000,-163.0000,82.0220,2.04200,20.0
32820,0,0,0,-8902.0000,-182.0000,113.2400,0.87300,20.0
32820,0,0,0,-8901.5600,-112.6970,81.8482,3.18871,20.0
32820,0,0,0,-8901.0000,-362.0000,71.7070,5.72900,20.0
32820,0,0,0,-8901.0000,-80.0000,84.3840,0.10000,20.0
32820,0,0,0,-8898.0000,-120.0000,82.0160,3.31500,20.0
32820,0,0,0,-8898.0000,-19.0000,92.5530,1.28300,20.0
32820,0,0,0,-8897.4700,-115.4570,81.8380,3.76358,20.0
32820,0,0,0,-8896.0000,-769.0000,69.5660,5.63700,20.0
32820,0,0,0,-8893.0000,-1205.0000,76.7790,4.96900,20.0
32820,0,0,0,-8892.0000,-47.0000,86.9540,4.21500,20.0
32820,0,0,0,-8890.0000,-919.0000,75.5000,2.69600,20.0
32820,0,0,0,-8889.0000,-755.0000,69.4260,1.79900,20.0
32820,0,0,0,-8889.0000,-393.0000,67.4400,2.89600,20.0
32820,0,0,0,-8887.9900,-274.4520,80.4154,4.88438,20.0
32820,0,0,0,-8887.0000,-779.0000,69.7130,0.85500,20.0
32820,0,0,0,-8886.0000,-1023.0000,72.8190,4.91900,20.0
32820,0,0,0,-8885.0000,6.2500,94.5170,4.71200,20.0
32820,0,0,0,-8883.0000,-60.0000,85.6810,5.15200,20.0
32820,0,0,0,-8883.0000,-33.0000,88.5570,5.21000,20.0
32820,0,0,0,-8882.0000,6.8960,93.9460,0.41200,20.0
32820,0,0,0,-8879.0000,-955.0000,75.2240,6.10100,20.0
32820,0,0,0,-8877.0000,-1107.0000,75.2000,1.91400,20.0
32820,0,0,0,-8877.0000,-1083.0000,74.6820,1.34400,20.0
32820,0,0,0,-8876.0000,-186.0000,81.9380,1.48200,20.0
32820,0,0,0,-8875.0000,13.9380,92.9750,1.12100,20.0
32820,0,0,0,-8874.0000,-923.0000,75.9370,2.91300,20.0
32820,0,0,0,-8874.0000,-78.0000,83.1120,5.15200,20.0
32820,0,0,0,-8869.2200,-163.2370,80.9719,0.95993,20.0
32820,0,0,0,-8869.0000,-374.0000,71.8150,5.45300,20.0
32820,0,0,0,-8865.0000,-217.0000,80.9560,4.36800,20.0
32820,0,0,0,-8860.0000,-813.0000,70.4580,0.66300,20.0
32820,0,0,0,-8856.3000,-252.6660,81.1253,5.68549,20.0
32820,0,0,0,-8856.0000,-81.0000,84.2450,0.97000,20.0
32820,0,0,0,-8855.0000,-1139.0000,76.6150,1.99800,20.0
32820,0,0,0,-8854.0000,-938.0000,76.2420,4.37100,20.0
32820,0,0,0,-8854.0000,-823.0000,71.8780,4.80500,20.0
32820,0,0,0,-8854.0000,-192.0000,81.9330,3.32000,20.0
32820,0,0,0,-8853.0000,-835.0000,73.0250,1.41300,20.0
32820,0,0,0,-8853.0000,-776.0000,70.5160,5.55000,20.0
32820,0,0,0,-8852.6900,-373.8340,70.5940,2.33229,20.0
32820,0,0,0,-8851.0000,-919.0000,75.9950,1.98500,20.0
32820,0,0,0,-8851.0000,-223.0000,81.5620,4.96900,20.0
32820,0,0,0,-8851.0000,-188.0000,89.3130,2.37000,20.0
32820,0,0,0,-8850.0000,-287.0000,78.7410,0.00000,20.0
32820,0,0,0,-8849.0000,-918.0000,76.0150,2.36500,20.0
32820,0,0,0,-8848.0000,-812.0000,70.7120,4.20600,20.0
32820,0,0,0,-8848.0000,-105.0000,81.9200,3.97500,20.0
32820,0,0,0,-8844.0000,-1125.0000,76.1070,5.95000,20.0
32820,0,0,0,-8843.0000,-981.0000,74.5770,1.56800,20.0
32820,0,0,0,-8842.5100,-270.1360,81.1989,1.18472,20.0
32820,0,0,0,-8838.0000,-854.0000,74.6840,0.63900,20.0
32820,0,0,0,-8837.0000,-999.0000,74.0770,6.01800,20.0
32820,0,0,0,-8836.4800,-240.2950,82.7459,5.43024,20.0
32820,0,0,0,-8835.0000,-61.0000,86.6240,0.92400,20.0
32820,0,0,0,-8834.0000,-881.0000,74.4280,2.02500,20.0
32820,0,0,0,-8828.0000,-867.0000,74.5930,3.22900,20.0
32820,0,0,0,-8824.0000,-142.0000,80.8390,5.91200,20.0
32820,0,0,0,-8821.0000,-843.0000,74.5010,2.85600,20.0
32820,0,0,0,-8821.0000,-122.0000,80.8650,3.50000,20.0
32820,0,0,0,-8818.0000,97.7230,164.6600,4.41300,20.0
32820,0,0,0,-8812.0000,-169.0000,81.3090,5.20900,20.0
32820,0,0,0,-8811.0000,-1017.0000,75.7550,4.58100,20.0
32820,0,0,0,-8811.0000,-244.0000,82.1420,2.68200,20.0
32820,0,0,0,-8809.0000,-213.0000,81.9730,0.10000,20.0
32820,0,0,0,-8809.0000,-61.0000,91.3620,0.55700,20.0
32820,0,0,0,-8808.0000,-96.0000,83.6490,5.90100,20.0
32820,0,0,0,-8803.0000,-81.0000,86.3740,3.09200,20.0
32820,0,0,0,-8799.0000,-1097.0000,76.2100,1.40800,20.0
32820,0,0,0,-8798.0000,-99.0000,83.2590,2.09200,20.0
32820,0,0,0,-8797.0000,-173.0000,81.6550,0.00000,20.0
32820,0,0,0,-8796.0000,-211.0000,82.8070,2.33900,20.0
32820,0,0,0,-8795.0000,-108.0000,83.0730,1.50400,20.0
32820,0,0,0,-8791.0000,-129.0000,82.5130,4.16000,20.0
32820,0,0,0,-8790.0000,-124.0000,82.9940,4.28319,20.0
32820,0,0,0,-8790.0000,-121.0000,82.9800,2.56800,20.0
32820,0,0,0,-8787.0000,-935.0000,74.0190,3.32400,20.0
32820,0,0,0,-8787.0000,-252.0000,82.6610,2.23400,20.0
32820,0,0,0,-8785.2200,-107.8640,83.2028,0.12374,20.0
32820,0,0,0,-8785.0000,-278.0000,78.7360,0.99600,20.0
32820,0,0,0,-8782.0000,-203.0000,84.0050,0.10000,20.0
32820,0,0,0,-8781.0300,-131.1080,82.3968,0.89736,20.0
32820,0,0,0,-8780.0000,-59.0000,92.0940,0.06600,20.0
32820,0,0,0,-8779.0000,-250.0000,82.7020,2.75200,20.0
32820,0,0,0,-8779.0000,-171.0000,82.0040,0.97000,20.0
32820,0,0,0,-8776.2500,-110.3240,83.5460,3.32031,20.0
32820,0,0,0,-8775.7300,-181.9100,82.5802,3.23282,20.0
32820,0,0,0,-8773.0000,-127.0000,83.3950,3.13400,20.0
32820,0,0,0,-8772.0000,-151.0000,81.3200,0.72100,20.0
32820,0,0,0,-8770.1600,-164.6810,82.4780,0.24830,20.0
32820,0,0,0,-8770.0000,-158.0000,81.9920,4.02300,20.0
32820,0,0,0,-8770.0000,-118.0000,83.4950,0.00000,20.0
32820,0,0,0,-8770.0000,-102.0000,87.1250,5.64700,20.0
32820,0,0,0,-8769.0000,-286.0000,77.4860,3.29800,20.0
32820,0,0,0,-8769.0000,-272.0000,78.4330,0.00000,20.0
32820,0,0,0,-8768.2700,-178.2150,83.3675,2.51811,20.0
32820,0,0,0,-8768.0000,-76.0000,90.6890,2.17500,20.0
32820,0,0,0,-8765.0000,-232.0000,85.3050,5.68500,20.0
32820,0,0,0,-8765.0000,-193.0000,85.2660,3.14200,20.0
32820,0,0,0,-8765.0000,-183.0000,84.0880,0.10000,20.0
32820,0,0,0,-8763.0000,-158.0000,82.8280,3.14200,20.0
32820,0,0,0,-8762.0000,-144.0000,81.9330,3.59000,20.0
32820,0,0,0,-8760.5300,-109.3720,85.4350,3.84574,20.0
32820,0,0,0,-8756.4900,-174.0420,84.9656,3.31921,20.0
32820,0,0,0,-8756.0000,-186.0000,84.9900,4.42200,20.0
32820,0,0,0,-8756.0000,-89.0000,91.7700,2.77100,20.0
32820,0,0,0,-8755.0000,-129.0000,83.0290,2.39600,20.0
32820,0,0,0,-8753.0000,-203.0000,86.3160,0.10000,20.0
32820,0,0,0,-8744.0000,-177.0000,85.5590,3.14200,20.0
32820,0,0,0,-8743.0000,-120.0000,85.7320,1.07700,20.0
32820,0,0,0,-8742.0000,-163.0000,84.9810,0.10000,20.0
32820,0,0,0,-8741.0000,-192.0000,86.0900,0.94700,20.0
32820,0,0,0,-8741.0000,-97.0000,89.2300,2.36300,20.0
32820,0,0,0,-8737.0000,-58.0000,91.3410,2.59600,20.0
32820,0,0,0,-8735.0000,-103.0000,87.0460,3.14200,20.0
32820,0,0,0,-8724.0000,-139.0000,86.9190,4.18400,20.0
32820,0,0,0,-8723.0000,-208.0000,89.6480,3.22900,20.0
32820,0,0,0,-8717.0000,-105.0000,87.4230,3.69500,20.0
32820,0,0,0,-8710.0000,-80.0000,90.0940,0.10000,20.0
32820,0,0,0,-8708.0000,-188.0000,99.2050,5.37300,20.0
32820,0,0,0,-8698.0000,-74.0000,89.9320,0.10000,20.0
32820,0,0,0,-8691.0000,-122.0000,88.3430,2.09800,20.0
32820,0,0,0,-8686.0700,-108.5690,89.1135,2.78625,20.0
32820,0,0,0,-8685.0000,-185.0000,91.2460,0.43000,20.0
32820,0,0,0,-8682.0000,-100.0000,89.5360,2.68400,20.0
32820,0,0,0,-8680.0000,-191.0000,91.4090,6.18100,20.0
32820,0,0,0,-8676.0000,-203.0000,94.6270,4.42200,20.0
32820,0,0,0,-8670.1900,-121.6590,92.0285,2.88129,20.0
32820,0,0,0,-8669.9500,-127.2860,92.3917,2.34329,20.0
32820,0,0,0,-8666.9600,-117.1970,92.3837,3.99341,20.0
32820,0,0,0,-8656.8800,-124.5370,90.8129,3.17155,20.0
32820,0,0,0,-8647.6900,-133.3630,87.7432,2.11912,20.0
32820,0,0,0,-8644.9500,-115.9420,88.0407,3.95727,20.0
32820,0,0,0,-8635.7300,-111.0350,86.8433,3.64311,20.0
32820,0,0,0,-8633.8600,-149.1270,86.0851,2.02487,20.0
32820,0,0,0,-8631.6200,-143.5870,86.3522,3.12050,20.0
32820,0,0,0,-8617.6300,-139.1720,87.0543,4.94263,20.0
32820,0,0,0,-8613.2100,-165.7970,85.7466,2.33118,20.0
32820,0,0,0,-8600.2600,-139.1860,87.8080,3.41110,20.0
32820,0,0,0,-8597.5600,-168.0660,86.7534,3.37969,20.0
32820,0,0,0,-8586.4100,-147.8820,89.9644,2.23300,20.0
32820,0,0,0,-8583.0300,-173.1710,90.9283,1.62904,20.0
32820,0,0,0,-8565.0400,-218.2990,85.4327,0.39911,20.0
32820,0,0,0,-8563.1600,-203.5760,84.3093,4.56800,20.0
32820,0,0,0,-8561.6900,-148.6300,88.3487,3.41111,20.0
32820,0,0,0,-8557.3500,-209.4020,84.2385,3.19120,20.0
32820,0,0,0,-8556.0000,-217.4740,84.9810,2.05473,20.0
32820,0,0,0,-8551.8800,-202.8720,85.5260,5.97622,20.0
32820,0,0,0,-8545.5800,-159.8980,87.1807,1.57720,20.0
32820,0,0,0,-8539.2400,-174.3480,85.1864,2.13876,20.0
32820,0,0,0,-8533.5600,-195.2780,83.5968,1.74214,20.0
32820,0,0,0,-8217.0000,-499.0000,197.3790,2.14500,20.0
32820,0,0,0,-8208.0000,-485.0000,193.7390,5.35400,20.0
32820,0,0,0,-8205.0000,-483.0000,193.8230,2.67800,20.0
32820,0,0,0,-8184.0000,-577.0000,200.6440,4.47100,20.0
32820,0,0,0,-8177.0000,-594.0000,200.1670,0.81100,20.0
32820,0,0,0,1541.5200,603.2000,45.2370,0.10500,20.0
32820,0,0,0,1543.7000,505.5590,45.3860,3.14200,20.0
32820,0,0,0,1579.2400,508.4780,43.5260,5.30600,20.0
32820,0,0,0,1583.1800,612.7090,51.5150,0.36100,20.0
32820,0,0,0,1599.2600,631.1940,65.4460,3.24900,20.0
32820,0,0,0,1602.3300,665.0190,84.6330,0.19800,20.0
32820,0,0,0,1602.5800,535.4600,38.7240,4.26200,20.0
32820,0,0,0,1603.0100,586.2530,37.5790,4.24500,20.0
32820,0,0,0,1611.4800,600.1230,44.2230,1.54100,20.0
32820,0,0,0,1615.3300,517.1250,39.6140,2.91100,20.0
32820,0,0,0,1625.7900,535.6960,35.5410,4.30700,20.0
32820,0,0,0,1633.9800,510.3430,41.3960,0.05400,20.0
32820,0,0,0,1638.4900,-373.0000,45.0130,0.67900,20.0
32820,0,0,0,1638.7600,-463.0000,45.6350,1.42500,20.0
32820,0,0,0,1640.6200,-588.0000,44.9930,1.37200,20.0
32820,0,0,0,1651.8800,684.5050,77.9460,1.91800,20.0
32820,0,0,0,1651.9300,-611.0000,47.7820,1.72600,20.0
32820,0,0,0,1652.6100,-478.0000,45.6970,3.06500,20.0
32820,0,0,0,1653.0600,1609.5800,149.4140,4.17314,20.0
32820,0,0,0,1655.1500,-354.0000,44.9980,1.00600,20.0
32820,0,0,0,1655.8800,-728.0000,58.9250,1.35500,20.0
32820,0,0,0,1657.8100,1712.5000,147.3930,6.28308,20.0
32820,0,0,0,1660.9900,623.4520,51.5400,5.32600,20.0
32820,0,0,0,1669.6500,-719.0000,58.3020,0.80600,20.0
32820,0,0,0,1673.1500,-733.0000,59.0670,1.19100,20.0
32820,0,0,0,1676.1000,583.9300,35.8810,5.87500,20.0
32820,0,0,0,1676.2900,-514.0000,44.0810,0.22100,20.0
32820,0,0,0,1678.9900,1667.8600,135.8550,3.76991,20.0
32820,0,0,0,1680.3600,1459.7800,131.9260,5.12536,20.0
32820,0,0,0,1681.8600,1582.6700,127.1970,5.19291,20.0
32820,0,0,0,1682.2900,1331.3400,129.1350,5.97211,20.0
32820,0,0,0,1684.2500,-722.0000,57.9700,0.64600,20.0
32820,0,0,0,1684.4100,-479.0000,43.8640,1.01200,20.0
32820,0,0,0,1684.7900,1424.8600,136.9070,2.39333,20.0
32820,0,0,0,1685.8700,746.8770,46.4170,0.75000,20.0
32820,0,0,0,1688.7400,-726.0840,58.1182,1.29598,20.0
32820,0,0,0,1691.9200,-274.0000,45.2700,2.42300,20.0
32820,0,0,0,1695.6700,520.8350,36.2260,4.15400,20.0
32820,0,0,0,1696.5700,1555.2300,123.5890,1.83200,20.0
32820,0,0,0,1698.1000,-451.0000,42.4020,4.95700,20.0
32820,0,0,0,1700.6600,1412.5900,128.9920,3.27602,20.0
32820,0,0,0,1701.3300,1360.0700,118.7360,5.29700,20.0
32820,0,0,0,1707.5000,1481.8700,146.4380,5.03859,20.0
32820,0,0,0,1708.8900,660.3460,46.6500,1.72800,20.0
32820,0,0,0,1712.3400,-799.0000,57.7090,5.22400,20.0
32820,0,0,0,1715.0400,-744.0000,55.6490,4.14200,20.0
32820,0,0,0,1715.8600,-503.0000,37.7000,5.18800,20.0
32820,0,0,0,1716.2700,895.9780,59.5250,1.70000,20.0
32820,0,0,0,1719.0100,1446.6000,124.3130,2.87145,20.0
32820,0,0,0,1719.2500,1686.2500,132.3170,2.03842,20.0
32820,0,0,0,1722.1400,720.1630,48.0420,4.62500,20.0
32820,0,0,0,1722.5800,-411.0000,38.1560,2.72100,20.0
32820,0,0,0,1725.5900,-797.0000,57.8110,4.29200,20.0
32820,0,0,0,1727.8200,-431.0000,33.8460,0.40100,20.0
32820,0,0,0,1729.5000,1318.1700,111.6160,5.02367,20.0
32820,0,0,0,1731.5300,1369.2600,103.6980,3.65316,20.0
32820,0,0,0,1735.8700,507.1630,41.6110,4.23200,20.0
32820,0,0,0,1736.9000,-743.0000,59.4430,2.17700,20.0
32820,0,0,0,1739.5600,-672.0000,45.0620,6.27500,20.0
32820,0,0,0,1740.4600,-726.0000,59.9470,2.05500,20.0
32820,0,0,0,1740.5000,718.6440,48.5310,4.25700,20.0
32820,0,0,0,1743.9000,1484.4000,131.0950,1.93249,20.0
32820,0,0,0,1744.6200,1564.0600,115.2710,4.91857,20.0
32820,0,0,0,1745.0200,1711.8400,130.1340,3.19535,20.0
32820,0,0,0,1745.2400,1384.3700,99.1645,3.97365,20.0
32820,0,0,0,1745.3200,1456.1400,127.7030,0.93101,20.0
32820,0,0,0,1747.2600,996.7880,51.8690,5.30200,20.0
32820,0,0,0,1747.8400,-334.0000,33.7090,6.27600,20.0
32820,0,0,0,1748.4800,723.0070,47.1490,2.93700,20.0
32820,0,0,0,1749.6100,1143.8300,65.7820,4.82200,20.0
32820,0,0,0,1749.8300,-489.0000,41.3730,2.12400,20.0
32820,0,0,0,1749.9500,1645.5500,118.5100,5.68655,20.0
32820,0,0,0,1750.9200,575.7500,34.0780,1.93600,20.0
32820,0,0,0,1751.1100,1422.0800,113.7260,0.50329,20.0
32820,0,0,0,1751.2000,1321.4900,101.1060,4.24247,20.0
32820,0,0,0,1752.8500,805.0940,55.1230,2.52300,20.0
32820,0,0,0,1755.4000,583.8220,34.6580,3.59300,20.0
32820,0,0,0,1755.4300,1745.9500,139.7460,0.12993,20.0
32820,0,0,0,1756.5900,647.7830,40.1930,3.16500,20.0
32820,0,0,0,1756.8400,725.3800,46.7590,6.03300,20.0
32820,0,0,0,1757.2600,1370.3400,92.2895,3.84071,20.0
32820,0,0,0,1758.6600,-723.0000,60.0800,1.55600,20.0
32820,0,0,0,1760.6900,510.5430,35.9150,6.25900,20.0
32820,0,0,0,1762.7900,1518.0000,113.5800,2.96888,20.0
32820,0,0,0,1764.5600,-343.0000,34.6800,5.94900,20.0
32820,0,0,0,1765.1500,1382.9900,92.0560,5.24800,20.0
32820,0,0,0,1766.4400,1324.4800,93.7140,4.22100,20.0
32820,0,0,0,1767.0200,-725.0000,59.5590,1.38700,20.0
32820,0,0,0,1767.3900,1401.5900,95.4556,0.90720,20.0
32820,0,0,0,1767.7800,1335.9600,90.7335,3.74657,20.0
32820,0,0,0,1769.2100,1080.1900,50.2900,0.40600,20.0
32820,0,0,0,1769.4900,1406.1800,95.1750,3.89500,20.0
32820,0,0,0,1770.6600,1357.4800,89.9835,0.62731,20.0
32820,0,0,0,1771.3800,675.9700,44.1020,6.25800,20.0
32820,0,0,0,1773.8100,769.4250,55.5537,3.61274,20.0
32820,0,0,0,1774.5500,941.9460,51.6150,1.46600,20.0
32820,0,0,0,1775.3500,768.2000,55.1358,3.94759,20.0
32820,0,0,0,1776.0400,-726.0000,59.3210,1.58700,20.0
32820,0,0,0,1776.3000,-558.0000,41.2120,1.55400,20.0
32820,0,0,0,1776.5400,1422.6400,94.6241,1.23212,20.0
32820,0,0,0,1776.7900,809.2710,45.3370,2.39800,20.0
32820,0,0,0,1777.3000,1381.9300,90.9090,2.16900,20.0
32820,0,0,0,1778.4700,618.7820,41.3110,2.43600,20.0
32820,0,0,0,1779.0400,-713.0000,58.7650,1.81900,20.0
32820,0,0,0,1779.2200,1015.1000,45.1950,3.45800,20.0
32820,0,0,0,1779.5700,1381.8300,90.4094,2.32509,20.0
32820,0,0,0,1780.0900,1306.4500,102.4510,0.49225,20.0
32820,0,0,0,1782.0300,-588.0000,39.5440,1.54700,20.0
32820,0,0,0,1782.4600,1719.9400,118.7150,3.53443,20.0
32820,0,0,0,1783.4000,-726.0000,59.3580,2.09800,20.0
32820,0,0,0,1785.6200,1413.8700,89.7434,5.52893,20.0
32820,0,0,0,1785.6800,1126.3500,51.0030,2.57800,20.0
32820,0,0,0,1786.3100,948.2310,45.3740,0.27100,20.0
32820,0,0,0,1786.5900,1490.7600,104.0110,0.35735,20.0
32820,0,0,0,1787.5700,1342.6200,89.3970,5.58100,20.0
32820,0,0,0,1789.4800,1335.2000,89.7295,1.36136,20.0
32820,0,0,0,1789.5000,1376.9800,86.1594,0.48236,20.0
32820,0,0,0,1789.5800,1335.5300,89.6140,1.30000,20.0
32820,0,0,0,1789.8800,-729.0000,59.3650,2.22000,20.0
32820,0,0,0,1790.2100,746.8250,49.1620,1.08200,20.0
32820,0,0,0,1793.4400,-585.0000,39.6740,6.12200,20.0
32820,0,0,0,1793.6900,1092.5100,45.1040,4.59600,20.0
32820,0,0,0,1794.3800,1420.4100,87.0270,3.22000,20.0
32820,0,0,0,1795.2100,653.8850,40.5790,0.34100,20.0
32820,0,0,0,1795.2300,611.1200,39.5960,6.24900,20.0
32820,0,0,0,1795.9100,1342.8100,89.0869,3.64774,20.0
32820,0,0,0,1796.6000,744.1360,48.8830,3.16700,20.0
32820,0,0,0,1796.9100,700.6620,47.6610,1.14800,20.0
32820,0,0,0,1797.2200,1718.6200,112.5760,0.07898,20.0
32820,0,0,0,1797.4600,1301.6200,102.9510,1.10146,20.0
32820,0,0,0,1798.7700,722.7480,48.9869,4.68094,20.0
32820,0,0,0,1799.0200,587.3170,45.2990,3.10600,20.0
32820,0,0,0,1804.0600,945.9040,41.3540,0.45600,20.0
32820,0,0,0,1804.1200,1333.8300,88.1972,4.64479,20.0
32820,0,0,0,1806.7000,1357.2200,85.9472,2.21564,20.0
32820,0,0,0,1808.0300,550.0800,34.2960,2.99900,20.0
32820,0,0,0,1808.0300,1542.7900,97.2619,2.91201,20.0
32820,0,0,0,1808.5300,1774.5300,132.2210,4.17193,20.0
32820,0,0,0,1809.0500,1487.6300,92.2249,2.22045,20.0
32820,0,0,0,1809.6300,764.6740,43.8920,4.41300,20.0
32820,0,0,0,1810.0900,1388.9700,78.8490,4.22500,20.0
32820,0,0,0,1811.2500,958.8170,37.3940,3.10600,20.0
32820,0,0,0,1811.3000,1698.0500,105.9440,2.54522,20.0
32820,0,0,0,1812.4400,1387.7200,78.1535,4.82501,20.0
32820,0,0,0,1812.6600,1328.3700,88.5030,5.50200,20.0
32820,0,0,0,1813.7400,1285.5900,97.9754,2.39028,20.0
32820,0,0,0,1813.9700,1086.1900,40.1260,2.41100,20.0
32820,0,0,0,1814.2200,1281.6500,98.8504,4.30128,20.0
32820,0,0,0,1814.6900,646.7930,38.3180,3.87200,20.0
32820,0,0,0,1815.6700,1447.3800,85.6652,4.00511,20.0
32820,0,0,0,1816.6100,-412.0000,34.4940,3.26900,20.0
32820,0,0,0,1816.6200,1171.4600,52.6760,2.39100,20.0
32820,0,0,0,1819.8500,1372.7900,77.3980,1.29900,20.0
32820,0,0,0,1822.3400,1039.7400,36.6940,1.65800,20.0
32820,0,0,0,1822.9500,1581.8100,95.5190,1.55300,20.0
32820,0,0,0,1824.2600,1637.1800,95.6400,4.75700,20.0
32820,0,0,0,1824.8900,-26.0000,40.3070,0.13600,20.0
32820,0,0,0,1825.6000,-457.0000,34.7070,5.73500,20.0
32820,0,0,0,1825.8300,1520.0800,90.2908,4.37744,20.0
32820,0,0,0,1826.0400,825.9730,26.0910,1.11700,20.0
32820,0,0,0,1827.5200,1715.5600,102.4750,4.52974,20.0
32820,0,0,0,1829.3400,1327.7000,86.4345,3.61845,20.0
32820,0,0,0,1830.2300,1089.1400,36.6640,1.25600,20.0
32820,0,0,0,1831.5700,1581.1900,95.1960,1.68800,20.0
32820,0,0,0,1834.6000,855.5790,25.1220,3.71200,20.0
32820,0,0,0,1835.4200,1340.6300,81.0884,2.26482,20.0
32820,0,0,0,1835.4800,1567.2600,96.5810,1.14900,20.0
32820,0,0,0,1836.2000,1641.2400,97.6280,5.41100,20.0
32820,0,0,0,1836.8800,1362.8700,74.5884,5.03491,20.0
32820,0,0,0,1837.5000,604.1660,45.4020,1.57500,20.0
32820,0,0,0,1837.5100,1630.9200,96.9330,5.73200,20.0
32820,0,0,0,1837.5600,-151.0000,42.1030,3.17200,20.0
32820,0,0,0,1838.7400,1636.1200,96.9330,5.47800,20.0
32820,0,0,0,1839.1300,1676.0200,97.8696,2.48715,20.0
32820,0,0,0,1840.5700,1567.1000,96.5790,1.73800,20.0
32820,0,0,0,1840.6700,828.3070,25.6750,5.78300,20.0
32820,0,0,0,1840.7000,1441.2600,80.3841,4.92828,20.0
32820,0,0,0,1842.6900,857.2340,25.3650,0.14800,20.0
32820,0,0,0,1842.7200,1326.3800,82.5225,3.55238,20.0
32820,0,0,0,1842.8200,1678.6500,97.1791,5.06255,20.0
32820,0,0,0,1843.1800,965.0940,32.2590,0.89600,20.0
32820,0,0,0,1843.2400,1640.5200,97.6280,4.65900,20.0
32820,0,0,0,1843.2500,1411.6600,81.1712,3.52332,20.0
32820,0,0,0,1843.5800,1289.8700,102.5590,2.53327,20.0
32820,0,0,0,1845.1700,983.1340,30.4290,2.39000,20.0
32820,0,0,0,1846.3500,607.8130,47.9020,4.71200,20.0
32820,0,0,0,1846.8100,1580.6900,94.7330,1.54400,20.0
32820,0,0,0,1847.2400,1635.9500,96.9330,3.80100,20.0
32820,0,0,0,1847.3800,-479.0000,37.0620,0.52600,20.0
32820,0,0,0,1848.1400,1638.7900,96.9330,4.26900,20.0
32820,0,0,0,1848.1400,-280.0000,39.2650,1.00600,20.0
32820,0,0,0,1849.3500,1625.7200,96.9330,2.61900,20.0
32820,0,0,0,1850.0100,801.8330,25.2840,1.71600,20.0
32820,0,0,0,1850.5100,-355.0000,38.2830,3.00500,20.0
32820,0,0,0,1851.6900,1505.9800,89.3269,2.95227,20.0
32820,0,0,0,1854.3600,592.1290,46.3430,1.28400,20.0
32820,0,0,0,1854.5600,729.6400,35.7720,1.51300,20.0
32820,0,0,0,1856.5100,1528.3700,88.5612,2.93345,20.0
32820,0,0,0,1856.9000,-731.0000,63.0230,5.27800,20.0
32820,0,0,0,1856.9900,1486.9200,90.4841,6.24703,20.0
32820,0,0,0,1857.7300,1705.3300,94.4552,2.90437,20.0
32820,0,0,0,1859.3900,1358.4900,71.7240,3.31082,20.0
32820,0,0,0,1859.9800,-506.0000,42.3990,5.78300,20.0
32820,0,0,0,1860.1000,1568.5800,94.3120,1.34800,20.0
32820,0,0,0,1860.1200,1563.5500,94.3070,6.09200,20.0
32820,0,0,0,1860.6600,879.3950,25.8290,5.83600,20.0
32820,0,0,0,1860.7300,1327.0000,76.9402,0.14983,20.0
32820,0,0,0,1860.9600,1378.4400,75.3596,2.25591,20.0
32820,0,0,0,1861.0100,1586.0700,92.4500,1.60400,20.0
32820,0,0,0,1861.5600,1489.3100,89.5527,4.47295,20.0
32820,0,0,0,1862.0800,982.9110,30.4250,0.56800,20.0
32820,0,0,0,1862.7100,515.7280,36.1890,4.63300,20.0
32820,0,0,0,1862.8800,1556.4100,94.7830,2.29200,20.0
32820,0,0,0,1862.9700,1529.4600,88.5361,0.63631,20.0
32820,0,0,0,1864.1900,-652.0000,45.3290,1.95500,20.0
32820,0,0,0,1865.1800,1669.8200,93.3175,2.92431,20.0
32820,0,0,0,1865.4800,1574.8000,94.3130,3.38800,20.0
32820,0,0,0,1869.8900,1671.9700,92.0772,0.06341,20.0
32820,0,0,0,1871.8100,1511.0400,88.1731,1.40940,20.0
32820,0,0,0,1872.2300,-242.0000,35.4330,0.29300,20.0
32820,0,0,0,1875.0000,1295.8300,94.1748,3.14138,20.0
32820,0,0,0,1875.2400,1284.1800,98.7998,3.50248,20.0
32820,0,0,0,1875.6000,1475.3200,84.1047,1.04820,20.0
32820,0,0,0,1876.3300,1286.8600,97.0498,2.29111,20.0
32820,0,0,0,1876.4400,871.1040,28.3050,3.55200,20.0
32820,0,0,0,1876.4500,555.2310,40.0080,5.09000,20.0
32820,0,0,0,1877.2100,1596.1800,91.7090,4.33700,20.0
32820,0,0,0,1877.2900,1485.3600,86.1047,1.54772,20.0
32820,0,0,0,1878.7600,1082.8400,25.7030,1.67000,20.0
32820,0,0,0,1878.7800,1166.9500,48.9710,2.53700,20.0
32820,0,0,0,1879.9500,1531.0100,88.1731,1.93335,20.0
32820,0,0,0,1880.0600,-625.0000,45.5010,0.11700,20.0
32820,0,0,0,1881.2600,1018.9200,28.5880,5.64900,20.0
32820,0,0,0,1881.5300,-453.0000,39.4860,2.44600,20.0
32820,0,0,0,1881.7400,1440.9200,74.5331,3.04863,20.0
32820,0,0,0,1881.9300,1774.4100,118.1920,4.45060,20.0
32820,0,0,0,1882.3000,1641.5200,93.6460,4.49100,20.0
32820,0,0,0,1886.0100,-437.0000,38.7230,1.31100,20.0
32820,0,0,0,1886.1000,484.6680,36.1030,1.89100,20.0
32820,0,0,0,1886.8100,949.4650,26.2610,1.72400,20.0
32820,0,0,0,1886.9400,1610.7900,92.6200,4.47600,20.0
32820,0,0,0,1887.0600,1454.9400,78.2062,1.73572,20.0
32820,0,0,0,1887.2800,1494.6800,87.9338,4.62341,20.0
32820,0,0,0,1887.4200,-92.0000,32.8050,1.57200,20.0
32820,0,0,0,1888.3900,1537.5200,88.2019,3.65945,20.0
32820,0,0,0,1890.2800,1054.1800,32.5080,3.09800,20.0
32820,0,0,0,1891.1200,542.9120,40.5540,3.49700,20.0
32820,0,0,0,1891.5200,1725.9700,93.6389,4.01667,20.0
32820,0,0,0,1892.1500,1516.0100,88.1731,4.65110,20.0
32820,0,0,0,1893.6500,-537.0000,41.3720,3.53100,20.0
32820,0,0,0,1893.6800,-169.0000,35.8570,5.47200,20.0
32820,0,0,0,1894.7500,-205.0000,37.6890,1.10000,20.0
32820,0,0,0,1895.3100,1581.2600,88.1850,0.67000,20.0
32820,0,0,0,1895.8900,-105.0000,33.0240,0.91400,20.0
32820,0,0,0,1896.3800,1364.7700,69.7813,5.23592,20.0
32820,0,0,0,1897.3800,1491.7900,93.9505,3.99949,20.0
32820,0,0,0,1897.4400,1470.9000,84.7727,1.74171,20.0
32820,0,0,0,1897.8000,1504.9800,93.9504,2.18601,20.0
32820,0,0,0,1898.8300,531.0130,39.5780,4.99900,20.0
32820,0,0,0,1899.0000,-683.0000,53.6380,2.47600,20.0
32820,0,0,0,1899.1900,476.3330,37.7810,3.25900,20.0
32820,0,0,0,1899.3600,688.6740,36.0420,2.18000,20.0
32820,0,0,0,1899.7900,1553.2900,88.9766,0.75808,20.0
32820,0,0,0,1900.8200,1551.8200,88.9754,5.83433,20.0
32820,0,0,0,1901.4000,1572.0500,89.2571,0.00000,20.0
32820,0,0,0,1901.5000,1507.0900,89.1851,0.85034,20.0
32820,0,0,0,1903.0200,330.5240,41.2080,3.81600,20.0
32820,0,0,0,1903.3000,-550.0000,45.4280,4.39200,20.0
32820,0,0,0,1903.3800,1571.5100,89.0855,6.14036,20.0
32820,0,0,0,1903.7300,1497.0000,89.1851,0.67753,20.0
32820,0,0,0,1904.0200,609.0350,50.9820,3.84500,20.0
32820,0,0,0,1904.2500,1524.1200,87.3555,1.85287,20.0
32820,0,0,0,1904.6100,1490.4000,93.9505,1.04444,20.0
32820,0,0,0,1904.9500,1459.3800,81.8932,1.99645,20.0
32820,0,0,0,1905.1500,322.9050,40.1980,4.98500,20.0
32820,0,0,0,1905.2000,1690.6900,86.5372,4.77970,20.0
32820,0,0,0,1905.3100,-513.0000,39.2050,3.27600,20.0
32820,0,0,0,1905.9100,1666.4600,84.3586,4.94577,20.0
32820,0,0,0,1905.9800,1054.9800,34.7400,1.40600,20.0
32820,0,0,0,1907.3000,1665.8200,83.5905,0.00000,20.0
32820,0,0,0,1907.5100,1151.3500,39.6110,5.43700,20.0
32820,0,0,0,1908.2400,792.8400,37.3790,4.58800,20.0
32820,0,0,0,1908.9000,1605.2400,85.7089,1.83176,20.0
32820,0,0,0,1909.5600,634.1980,45.7490,5.97300,20.0
32820,0,0,0,1909.5600,1307.6100,90.0274,5.69666,20.0
32820,0,0,0,1909.7000,1514.6700,87.3891,4.62487,20.0
32820,0,0,0,1910.3100,1641.5400,89.5206,3.50196,20.0
32820,0,0,0,1911.6000,1499.3400,89.1851,4.08433,20.0
32820,0,0,0,1911.9400,-117.0000,36.1720,0.28300,20.0
32820,0,0,0,1912.0300,1588.6800,85.3317,2.88977,20.0
32820,0,0,0,1912.1200,1645.3900,88.5127,1.66300,20.0
32820,0,0,0,1912.2900,1756.7900,96.8451,0.66498,20.0
32820,0,0,0,1912.8400,1604.9600,84.7089,4.03322,20.0
32820,0,0,0,1913.2800,1698.3600,84.2699,1.17009,20.0
32820,0,0,0,1913.5300,-804.0000,64.9650,4.98700,20.0
32820,0,0,0,1913.9300,1588.1900,84.9734,2.88904,20.0
32820,0,0,0,1913.9700,832.7420,41.5630,1.40000,20.0
32820,0,0,0,1914.5500,826.2820,41.1740,5.21400,20.0
32820,0,0,0,1914.6600,959.8270,31.8030,1.86500,20.0
32820,0,0,0,1915.6700,-352.0000,37.1030,3.70000,20.0
32820,0,0,0,1916.1500,1382.1700,69.2014,4.87436,20.0
32820,0,0,0,1916.8900,1579.8400,85.3748,5.26223,20.0
32820,0,0,0,1917.2400,-189.0000,36.1520,4.23600,20.0
32820,0,0,0,1917.7900,1752.5000,95.0883,3.73869,20.0
32820,0,0,0,1918.9200,1537.7000,86.9618,0.13874,20.0
32820,0,0,0,1918.9900,1587.2900,84.0605,3.83030,20.0
32820,0,0,0,1919.7900,1780.2100,118.3760,1.84019,20.0
32820,0,0,0,1920.1100,-561.0000,49.9630,2.02600,20.0
32820,0,0,0,1920.9600,182.2720,10.4300,1.05800,20.0
32820,0,0,0,1922.0100,1575.0600,84.9355,0.88562,20.0
32820,0,0,0,1922.1200,1585.2900,83.6855,4.36730,20.0
32820,0,0,0,1922.2600,1487.5800,87.5093,4.91906,20.0
32820,0,0,0,1922.8600,1625.9300,83.5842,5.30097,20.0
32820,0,0,0,1922.8600,1660.1000,80.2627,1.04457,20.0
32820,0,0,0,1923.0800,784.0380,41.7530,3.34300,20.0
32820,0,0,0,1923.7200,1546.3400,87.5938,5.72714,20.0
32820,0,0,0,1924.1500,-262.0000,34.0520,1.14200,20.0
32820,0,0,0,1925.7900,1505.0300,87.8891,2.73881,20.0
32820,0,0,0,1926.1100,1583.0700,83.2642,2.48772,20.0
32820,0,0,0,1926.7700,1661.5500,79.5127,0.07728,20.0
32820,0,0,0,1927.2600,1692.2400,80.6916,5.23599,20.0
32820,0,0,0,1930.1400,1606.7000,83.0828,4.03171,20.0
32820,0,0,0,1930.8700,-132.0000,39.4760,6.12900,20.0
32820,0,0,0,1930.9700,1361.0400,68.2014,5.75946,20.0
32820,0,0,0,1931.0800,1322.2200,80.2170,5.90955,20.0
32820,0,0,0,1931.2100,1.2650,11.0030,0.83500,20.0
32820,0,0,0,1931.4500,1688.0300,79.5437,6.06427,20.0
32820,0,0,0,1933.1400,681.6030,41.7250,5.77300,20.0
32820,0,0,0,1934.5800,639.2210,51.0610,2.05800,20.0
32820,0,0,0,1934.7100,610.2120,54.4880,0.33400,20.0
32820,0,0,0,1936.3300,1635.1900,80.3736,5.76424,20.0
32820,0,0,0,1936.4600,1470.7200,76.8807,3.05083,20.0
32820,0,0,0,1938.1300,1015.1900,32.4560,1.54600,20.0
32820,0,0,0,1938.6000,1520.7600,88.0872,1.41664,20.0
32820,0,0,0,1938.9400,1571.9900,82.8736,2.15963,20.0
32820,0,0,0,1939.4200,1543.6000,90.1650,1.29469,20.0
32820,0,0,0,1939.8600,1574.0800,82.4603,2.76817,20.0
32820,0,0,0,1939.8900,1545.4800,90.1650,1.22525,20.0
32820,0,0,0,1940.4900,574.0390,50.9710,2.92700,20.0
32820,0,0,0,1940.5100,426.4750,37.1080,1.60300,20.0
32820,0,0,0,1940.5300,1664.7500,79.0070,0.17767,20.0
32820,0,0,0,1940.6800,1629.1400,80.2658,0.00000,20.0
32820,0,0,0,1940.7100,-34.0000,14.9040,1.80600,20.0
32820,0,0,0,1941.1800,1482.7300,80.6800,3.91180,20.0
32820,0,0,0,1941.2100,1459.5800,73.8011,3.80354,20.0
32820,0,0,0,1942.8400,1504.0600,86.6385,1.42973,20.0
32820,0,0,0,1943.1100,1434.8100,67.6766,0.95543,20.0
32820,0,0,0,1943.1500,111.9690,9.7300,2.29800,20.0
32820,0,0,0,1943.3900,-56.0000,29.2600,0.76800,20.0
32820,0,0,0,1944.2900,1667.7000,78.3294,5.00450,20.0
32820,0,0,0,1944.5500,296.2850,38.8750,4.45600,20.0
32820,0,0,0,1945.0800,252.7410,44.3246,3.58978,20.0
32820,0,0,0,1945.6300,1589.3800,82.2860,3.08945,20.0
32820,0,0,0,1946.9700,1590.3900,82.2999,5.39887,20.0
32820,0,0,0,1947.4300,1559.7000,87.6517,5.05464,20.0
32820,0,0,0,1948.1300,-592.0000,54.8810,5.43500,20.0
32820,0,0,0,1948.5500,792.4510,37.9310,5.94500,20.0
32820,0,0,0,1950.0300,547.1950,51.3450,3.80500,20.0
32820,0,0,0,1950.0800,470.1930,37.1690,4.11100,20.0
32820,0,0,0,1950.1400,1751.6700,112.9560,5.89412,20.0
32820,0,0,0,1951.4700,1608.0300,83.4339,0.90738,20.0
32820,0,0,0,1952.2300,1474.4700,79.4592,3.58341,20.0
32820,0,0,0,1952.4000,540.4820,49.6810,4.55600,20.0
32820,0,0,0,1952.8500,674.9220,46.8509,1.98156,20.0
32820,0,0,0,1952.8600,1169.3900,40.6890,3.67500,20.0
32820,0,0,0,1952.9000,-252.0000,36.3150,0.56900,20.0
32820,0,0,0,1953.2400,966.0660,33.7460,2.49100,20.0
32820,0,0,0,1953.3300,1514.4600,88.0872,5.32666,20.0
32820,0,0,0,1953.5900,1095.4200,33.5560,1.44200,20.0
32820,0,0,0,1953.7500,1514.3700,88.0872,5.63848,20.0
32820,0,0,0,1953.8900,-315.0000,35.3850,6.10200,20.0
32820,0,0,0,1954.0900,-602.0000,56.5850,0.37700,20.0
32820,0,0,0,1954.2500,1111.9100,33.5310,1.75200,20.0
32820,0,0,0,1954.7700,413.7060,37.5040,5.14800,20.0
32820,0,0,0,1955.2000,-232.0000,33.6330,1.74600,20.0
32820,0,0,0,1955.7500,39.9080,18.9910,5.91300,20.0
32820,0,0,0,1955.8400,719.5830,36.9190,1.40600,20.0
32820,0,0,0,1955.9200,886.0750,34.7600,2.48200,20.0
32820,0,0,0,1955.9900,-301.0000,34.3150,2.91300,20.0
32820,0,0,0,1957.2600,-431.0000,35.4510,3.13000,20.0
32820,0,0,0,1957.4500,1559.3100,86.7158,3.11913,20.0
32820,0,0,0,1957.6800,-579.0000,53.9730,1.19500,20.0
32820,0,0,0,1958.6000,912.2460,34.6870,3.05200,20.0
32820,0,0,0,1958.7800,1605.9100,88.1813,3.39428,20.0
32820,0,0,0,1959.1600,-414.0000,35.7020,5.20900,20.0
32820,0,0,0,1959.8800,104.6730,18.0880,5.63100,20.0
32820,0,0,0,1961.2800,494.1360,37.5340,0.00400,20.0
32820,0,0,0,1961.6700,1604.0000,83.4338,1.92067,20.0
32820,0,0,0,1962.4300,1638.6900,78.8776,3.91656,20.0
32820,0,0,0,1962.5900,1426.8000,65.9927,1.73293,20.0
32820,0,0,0,1963.1000,1170.4000,41.2270,3.75100,20.0
32820,0,0,0,1963.3400,1693.9500,79.0409,5.03445,20.0
32820,0,0,0,1963.5200,-397.0000,35.4520,3.36000,20.0
32820,0,0,0,1964.3100,1554.1600,85.7158,1.30119,20.0
32820,0,0,0,1964.3600,1596.4100,88.1966,6.16458,20.0
32820,0,0,0,1964.5100,1690.3500,78.3776,1.10587,20.0
32820,0,0,0,1964.8300,1611.9700,88.1991,5.10508,20.0
32820,0,0,0,1965.7500,1611.9000,83.5143,4.57629,20.0
32820,0,0,0,1965.9100,1378.9100,64.1620,6.10000,20.0
32820,0,0,0,1965.9500,1639.7100,77.8335,1.13490,20.0
32820,0,0,0,1966.1500,821.3540,39.0840,2.69000,20.0
32820,0,0,0,1967.6000,1641.8900,77.3097,0.00000,20.0
32820,0,0,0,1968.8900,355.6610,39.6310,0.29300,20.0
32820,0,0,0,1969.4400,1592.8300,82.4083,5.27090,20.0
32820,0,0,0,1969.5100,1611.4900,88.1993,1.55372,20.0
32820,0,0,0,1970.6200,1470.7900,79.7657,5.48111,20.0
32820,0,0,0,1971.2400,1012.8000,36.2020,5.52300,20.0
32820,0,0,0,1971.4300,1354.3900,68.8870,4.29635,20.0
32820,0,0,0,1971.5800,1570.4700,79.1067,4.18616,20.0
32820,0,0,0,1971.7200,1332.9300,77.2402,1.34840,20.0
32820,0,0,0,1972.5200,324.8160,39.8910,2.44500,20.0
32820,0,0,0,1972.7700,329.3490,39.9750,4.28319,20.0
32820,0,0,0,1974.3100,141.3480,15.6270,3.53600,20.0
32820,0,0,0,1974.3200,-211.0000,33.9440,4.79700,20.0
32820,0,0,0,1975.2100,1496.6800,85.9142,3.69236,20.0
32820,0,0,0,1975.6600,1546.4300,87.2305,1.15654,20.0
32820,0,0,0,1975.9000,1641.6500,75.8876,1.81514,20.0
32820,0,0,0,1976.0100,1501.0500,86.2140,0.92889,20.0
32820,0,0,0,1976.2000,-320.0000,36.5890,6.21200,20.0
32820,0,0,0,1976.2400,1495.0500,85.6114,4.69927,20.0
32820,0,0,0,1976.4800,724.1430,35.8040,4.09700,20.0
32820,0,0,0,1976.7100,1547.9100,87.0632,2.66361,20.0
32820,0,0,0,1976.7400,956.7690,37.9190,1.48300,20.0
32820,0,0,0,1976.8600,1596.0700,82.3567,5.34529,20.0
32820,0,0,0,1976.9100,1372.1300,63.8690,0.66200,20.0
32820,0,0,0,1976.9600,1515.5200,86.8198,2.82125,20.0
32820,0,0,0,1977.0000,1381.6100,63.0310,6.07500,20.0
32820,0,0,0,1977.0200,1522.9100,87.5698,4.72587,20.0
32820,0,0,0,1977.1200,-380.0000,35.7020,3.50200,20.0
32820,0,0,0,1978.0500,592.8040,50.1520,0.34700,20.0
32820,0,0,0,1978.2800,1483.9700,84.0120,1.10496,20.0
32820,0,0,0,1978.7500,897.5720,34.9570,0.50300,20.0
32820,0,0,0,1978.9200,1574.1500,79.2329,5.05864,20.0
32820,0,0,0,1979.7000,988.7400,33.1930,0.35000,20.0
32820,0,0,0,1980.2000,1591.1200,82.4889,3.00435,20.0
32820,0,0,0,1980.7200,1677.9000,78.1821,0.84040,20.0
32820,0,0,0,1981.5700,1528.8000,86.8198,3.16503,20.0
32820,0,0,0,1981.7400,-545.0000,50.1340,1.32400,20.0
32820,0,0,0,1981.8000,-211.0000,34.3600,3.75100,20.0
32820,0,0,0,1983.0400,1104.1200,34.0430,4.80700,20.0
32820,0,0,0,1985.0000,694.4090,43.8270,4.42900,20.0
32820,0,0,0,1985.0900,1674.0300,77.8688,2.46003,20.0
32820,0,0,0,1985.3000,17.1090,30.4040,2.23400,20.0
32820,0,0,0,1985.8200,1637.5500,77.2740,4.34587,20.0
32820,0,0,0,1985.8800,1376.5500,62.6910,0.77000,20.0
32820,0,0,0,1986.2800,1453.6400,72.3036,3.93793,20.0
32820,0,0,0,1987.1600,-482.0000,35.0430,3.72300,20.0
32820,0,0,0,1987.3600,1591.4900,82.5041,5.49851,20.0
32820,0,0,0,1987.4700,649.6600,42.4710,6.08700,20.0
32820,0,0,0,1987.9300,734.3260,37.2790,5.77100,20.0
32820,0,0,0,1989.3400,1614.8200,82.0564,3.55892,20.0
32820,0,0,0,1989.8900,-453.0000,34.5250,1.19800,20.0
32820,0,0,0,1991.3400,1528.1700,80.8495,4.96921,20.0
32820,0,0,0,1992.5000,1552.6400,78.9382,5.31272,20.0
32820,0,0,0,1992.7100,1626.0400,79.6506,1.53227,20.0
32820,0,0,0,1992.9100,429.7150,35.7390,1.72300,20.0
32820,0,0,0,1993.7100,280.8520,47.8690,3.27100,20.0
32820,0,0,0,1994.2200,1586.3400,81.2317,2.31178,20.0
32820,0,0,0,1994.3800,-156.0000,34.6380,2.52900,20.0
32820,0,0,0,1994.7800,601.3650,46.9230,3.54200,20.0
32820,0,0,0,1994.8200,-153.0000,34.4670,1.02200,20.0
32820,0,0,0,1995.4400,966.2840,36.6490,2.41800,20.0
32820,0,0,0,1996.4100,1699.2400,79.0733,4.19742,20.0
32820,0,0,0,1997.2900,1530.7600,77.0698,0.67672,20.0
32820,0,0,0,1998.2300,1590.1100,80.3288,0.61092,20.0
32820,0,0,0,1998.9800,1702.8400,79.2207,4.83678,20.0
32820,0,0,0,1999.0600,-369.0000,35.7020,2.86500,20.0
32820,0,0,0,1999.1200,876.6860,33.8470,0.58100,20.0
32820,0,0,0,2000.9500,1587.9700,78.9962,0.19110,20.0
32820,0,0,0,2002.6000,280.0890,47.8230,3.28319,20.0
32820,0,0,0,2004.1000,1943.9200,103.9360,2.06274,20.0
32820,0,0,0,2004.1700,1654.1700,75.4569,1.84340,20.0
32820,0,0,0,2004.6100,1644.0800,73.5819,2.64459,20.0
32820,0,0,0,2004.9100,1641.7700,73.3319,3.15426,20.0
32820,0,0,0,2004.9300,1071.7500,35.7770,0.53400,20.0
32820,0,0,0,2004.9600,1536.5700,76.9095,5.17953,20.0
32820,0,0,0,2005.8800,444.2980,37.3640,5.51400,20.0
32820,0,0,0,2006.1900,99.8950,34.7780,4.49400,20.0
32820,0,0,0,2006.2300,365.2150,42.9580,0.61000,20.0
32820,0,0,0,2006.4100,1378.5400,61.7167,1.51118,20.0
32820,0,0,0,2007.4300,1635.3000,72.8902,1.47816,20.0
32820,0,0,0,2008.1700,1571.9800,78.9962,2.06544,20.0
32820,0,0,0,2008.5800,1006.1500,32.0190,4.62200,20.0
32820,0,0,0,2009.0600,1952.5200,102.6970,2.34560,20.0
32820,0,0,0,2009.1400,1567.4900,79.1212,5.19624,20.0
32820,0,0,0,2009.2300,1927.8800,105.3240,0.78991,20.0
32820,0,0,0,2009.3700,223.6600,35.8430,5.28100,20.0
32820,0,0,0,2009.4400,1505.2600,73.9583,0.28078,20.0
32820,0,0,0,2010.6400,1633.8000,71.8949,3.63930,20.0
32820,0,0,0,2011.1700,1337.3300,72.2587,4.60995,20.0
32820,0,0,0,2011.5300,-403.0000,35.4520,4.99400,20.0
32820,0,0,0,2012.4700,1580.5800,77.6077,4.39230,20.0
32820,0,0,0,2012.6800,353.6270,41.5170,3.93200,20.0
32820,0,0,0,2012.9000,229.3210,38.2560,4.04000,20.0
32820,0,0,0,2013.5200,1505.7200,74.5312,0.06580,20.0
32820,0,0,0,2014.4700,1024.0900,29.5580,4.30500,20.0
32820,0,0,0,2015.5200,1771.9000,105.9030,4.55457,20.0
32820,0,0,0,2015.6700,1553.3100,79.1846,0.82571,20.0
32820,0,0,0,2015.8000,-344.0000,35.7020,0.01800,20.0
32820,0,0,0,2016.6500,36.8570,35.8500,3.60900,20.0
32820,0,0,0,2017.0200,1853.6500,102.9190,2.19558,20.0
32820,0,0,0,2017.3400,-514.0000,41.6140,6.05300,20.0
32820,0,0,0,2017.4900,-417.0000,35.4520,0.01800,20.0
32820,0,0,0,2017.7300,79.3760,36.8340,0.04700,20.0
32820,0,0,0,2018.3700,1524.0000,78.2645,3.27533,20.0
32820,0,0,0,2018.5000,1613.1300,71.5390,5.58342,20.0
32820,0,0,0,2019.5300,1898.0600,103.8510,2.14568,20.0
32820,0,0,0,2019.7400,-364.0000,35.4520,4.03100,20.0
32820,0,0,0,2020.6300,1526.7700,78.8895,4.93289,20.0
32820,0,0,0,2020.6600,1586.1400,74.7462,2.30483,20.0
32820,0,0,0,2021.0200,1911.7500,105.6440,3.21279,20.0
32820,0,0,0,2021.5800,1849.1300,102.6580,4.56117,20.0
32820,0,0,0,2021.7200,1201.2100,50.1520,5.86700,20.0
32820,0,0,0,2021.8700,1612.3900,71.5787,3.98252,20.0
32820,0,0,0,2021.8900,1970.4600,100.1360,4.28176,20.0
32820,0,0,0,2022.2100,883.4650,34.8440,6.22200,20.0
32820,0,0,0,2022.4000,85.2770,36.1780,0.04700,20.0
32820,0,0,0,2022.5000,1582.0500,74.9962,3.91096,20.0
32820,0,0,0,2023.0400,73.9220,36.3020,0.04700,20.0
32820,0,0,0,2023.3300,1615.6400,71.4021,2.48225,20.0
32820,0,0,0,2023.4700,1543.7400,79.1664,5.45035,20.0
32820,0,0,0,2023.5800,1706.3900,79.4175,5.01283,20.0
32820,0,0,0,2024.8700,615.4260,37.3120,3.49900,20.0
32820,0,0,0,2026.9000,391.3310,42.3430,3.32200,20.0
32820,0,0,0,2026.9100,1074.9400,34.5190,1.16000,20.0
32820,0,0,0,2027.0500,226.9020,38.6850,4.85000,20.0
32820,0,0,0,2027.1700,187.7340,35.9719,3.51091,20.0
32820,0,0,0,2027.5500,-122.0000,34.1710,3.21000,20.0
32820,0,0,0,2028.1900,1922.4300,107.1040,1.76648,20.0
32820,0,0,0,2028.3100,45.8860,34.2710,0.03300,20.0
32820,0,0,0,2028.7500,1695.0000,78.2094,4.26584,20.0
32820,0,0,0,2029.0800,1119.0600,35.2920,5.61200,20.0
32820,0,0,0,2029.8700,201.4840,37.6720,1.75900,20.0
32820,0,0,0,2030.6100,808.4080,34.3580,4.64200,20.0
32820,0,0,0,2030.9200,1759.4000,105.1870,3.13952,20.0
32820,0,0,0,2031.0900,1981.2000,99.4831,5.68204,20.0
32820,0,0,0,2031.6100,1760.5200,104.6350,2.65555,20.0
32820,0,0,0,2031.7400,-551.0000,54.0190,5.22600,20.0
32820,0,0,0,2034.1800,1350.9500,64.3509,4.01332,20.0
32820,0,0,0,2034.8500,1631.3500,70.8452,4.14039,20.0
32820,0,0,0,2035.4800,1884.9100,103.1220,0.21166,20.0
32820,0,0,0,2035.6700,823.5470,35.1710,3.48100,20.0
32820,0,0,0,2035.7600,-82.0000,34.2260,5.23900,20.0
32820,0,0,0,2036.4300,-502.0000,40.1400,0.83900,20.0
32820,0,0,0,2037.5400,-141.0000,36.9380,1.93300,20.0
32820,0,0,0,2037.6900,1915.9500,102.4420,2.21748,20.0
32820,0,0,0,2038.4400,-336.0000,35.4520,6.10300,20.0
32820,0,0,0,2039.2400,1927.4100,106.9970,5.25720,20.0
32820,0,0,0,2039.3900,1849.1000,103.8070,5.23599,20.0
32820,0,0,0,2039.4400,1637.4500,70.7334,3.08192,20.0
32820,0,0,0,2040.2000,-31.0000,37.9400,0.26700,20.0
32820,0,0,0,2040.4000,-332.0000,35.6800,3.45000,20.0
32820,0,0,0,2040.8400,58.9420,33.8680,4.03600,20.0
32820,0,0,0,2041.0200,726.2050,38.4350,1.32600,20.0
32820,0,0,0,2041.5700,1990.0100,100.1020,1.21743,20.0
32820,0,0,0,2041.9800,1535.7000,77.4890,5.11492,20.0
32820,0,0,0,2042.4200,1851.5300,103.9690,-1.74312,20.0
32820,0,0,0,2042.6200,1535.9400,77.4890,0.78331,20.0
32820,0,0,0,2042.6900,1875.0600,102.2490,-0.92142,20.0
32820,0,0,0,2042.7700,1895.0000,101.8400,3.27782,20.0
32820,0,0,0,2042.8600,1895.1200,102.0090,4.20624,20.0
32820,0,0,0,2042.8700,1858.2200,102.9380,-1.70908,20.0
32820,0,0,0,2042.9800,1780.0700,96.8739,5.71924,20.0
32820,0,0,0,2043.6600,-225.0000,36.9290,3.26600,20.0
32820,0,0,0,2043.7600,1481.5800,68.4653,1.36325,20.0
32820,0,0,0,2044.3500,1863.3000,102.9400,2.87979,20.0
32820,0,0,0,2044.3700,1593.6400,70.4317,5.45417,20.0
32820,0,0,0,2044.9300,-24.0000,39.3570,2.15900,20.0
32820,0,0,0,2044.9500,1708.3800,76.6127,5.74122,20.0
32820,0,0,0,2045.6100,1832.4300,107.7400,0.22666,20.0
32820,0,0,0,2045.7600,1876.1200,101.9380,0.09333,20.0
32820,0,0,0,2045.7700,1592.6100,70.3002,1.46481,20.0
32820,0,0,0,2046.2200,971.6890,33.3810,0.40700,20.0
32820,0,0,0,2046.3600,1822.1400,107.3230,-1.30963,20.0
32820,0,0,0,2046.3600,734.9510,38.4770,1.14400,20.0
32820,0,0,0,2046.5600,1454.3100,66.9644,5.65726,20.0
32820,0,0,0,2046.6100,-413.0000,35.4670,3.68900,20.0
32820,0,0,0,2046.7000,1420.2300,64.6285,3.41270,20.0
32820,0,0,0,2047.1000,1015.3900,31.6330,0.01700,20.0
32820,0,0,0,2047.4100,1162.2600,37.7800,3.20800,20.0
32820,0,0,0,2047.4900,645.6740,36.7730,1.01300,20.0
32820,0,0,0,2047.8000,1912.9600,102.7990,5.39307,20.0
32820,0,0,0,2047.9500,292.1930,56.5388,3.68053,20.0
32820,0,0,0,2048.1000,1913.0800,102.6430,3.59252,20.0
32820,0,0,0,2048.1400,550.2270,45.4840,2.27800,20.0
32820,0,0,0,2048.3100,1729.9200,80.3154,1.57080,20.0
32820,0,0,0,2049.6500,1732.2700,80.4877,3.31944,20.0
32820,0,0,0,2050.1900,-487.0000,40.9270,4.16200,20.0
32820,0,0,0,2050.1900,835.7520,37.0880,2.98400,20.0
32820,0,0,0,2051.4300,1574.9300,74.2552,2.10952,20.0
32820,0,0,0,2051.4600,1328.7300,69.1295,2.22040,20.0
32820,0,0,0,2051.5100,1574.0100,74.6220,1.76244,20.0
32820,0,0,0,2051.7600,1763.7800,87.6605,5.93412,20.0
32820,0,0,0,2051.9300,-507.0000,43.3500,6.16200,20.0
32820,0,0,0,2052.2200,294.3540,56.9512,3.27529,20.0
32820,0,0,0,2052.7000,459.6380,49.4710,1.83400,20.0
32820,0,0,0,2052.7100,885.6540,34.1560,1.80400,20.0
32820,0,0,0,2053.1300,1905.2600,101.4510,4.25860,20.0
32820,0,0,0,2053.6100,1904.9600,101.2970,2.74847,20.0
32820,0,0,0,2053.8000,948.8360,37.2780,1.33400,20.0
32820,0,0,0,2053.9100,239.6070,99.7690,0.53800,20.0
32820,0,0,0,2055.1900,1802.3700,99.9483,5.11756,20.0
32820,0,0,0,2055.4400,692.0340,40.5640,4.80100,20.0
32820,0,0,0,2055.5700,246.9860,99.7687,5.24251,20.0
32820,0,0,0,2056.7000,1973.2600,100.7310,5.72906,20.0
32820,0,0,0,2056.9700,1776.1700,90.0997,-0.48271,20.0
32820,0,0,0,2057.1600,-23.0000,40.0700,3.83200,20.0
32820,0,0,0,2057.2100,913.2710,33.5260,3.79300,20.0
32820,0,0,0,2057.5100,279.7060,59.6430,3.01300,20.0
32820,0,0,0,2057.7200,357.9830,82.4699,5.64937,20.0
32820,0,0,0,2058.2900,806.1400,36.0010,1.96800,20.0
32820,0,0,0,2058.7800,285.8850,59.6470,2.98600,20.0
32820,0,0,0,2059.2500,1744.2500,81.5146,3.61765,20.0
32820,0,0,0,2059.8400,1747.6000,82.0121,5.46288,20.0
32820,0,0,0,2059.8600,482.6210,48.5920,0.63200,20.0
32820,0,0,0,2060.0300,1778.1600,89.5450,-1.58239,20.0
32820,0,0,0,2060.2200,1775.0600,88.9039,-1.53637,20.0
32820,0,0,0,2060.8500,1778.1400,88.9500,-1.80664,20.0
32820,0,0,0,2061.6700,1790.6900,92.8739,2.77722,20.0
32820,0,0,0,2061.8800,245.7660,99.7687,3.69920,20.0
32820,0,0,0,2062.1800,338.7830,55.2080,5.47600,20.0
32820,0,0,0,2062.2000,282.9610,97.0315,1.13488,20.0
32820,0,0,0,2063.5600,290.5460,97.0310,5.06600,20.0
32820,0,0,0,2064.4400,756.6740,39.7520,5.32500,20.0
32820,0,0,0,2064.9800,70.8300,39.2060,6.04900,20.0
32820,0,0,0,2065.4200,-370.0000,35.6650,5.48100,20.0
32820,0,0,0,2066.7600,-82.0000,36.6720,3.54100,20.0
32820,0,0,0,2066.8300,1349.8600,61.2389,5.49917,20.0
32820,0,0,0,2067.0500,-550.0000,55.8440,5.64300,20.0
32820,0,0,0,2067.3000,-197.0000,38.5930,5.40400,20.0
32820,0,0,0,2067.3000,1974.9200,100.6320,0.46855,20.0
32820,0,0,0,2067.5700,369.8110,40.3610,0.17100,20.0
32820,0,0,0,2067.9700,-101.0000,38.2760,1.81700,20.0
32820,0,0,0,2068.0900,1970.5700,99.6940,5.04511,20.0
32820,0,0,0,2068.4400,-118.0000,37.0300,0.13100,20.0
32820,0,0,0,2069.6800,281.5800,97.0315,1.49224,20.0
32820,0,0,0,2070.3400,878.1290,35.4840,1.15000,20.0
32820,0,0,0,2070.9400,-287.0000,42.4760,1.06600,20.0
32820,0,0,0,2072.4400,276.9220,59.6398,6.27228,20.0
32820,0,0,0,2072.5300,1612.5400,70.2590,5.62820,20.0
32820,0,0,0,2073.3800,-419.0000,39.9520,4.99100,20.0
32820,0,0,0,2073.4700,282.7810,59.6450,6.12400,20.0
32820,0,0,0,2073.5900,1476.3400,66.1495,0.75659,20.0
32820,0,0,0,2073.7300,1132.5600,35.5260,3.82500,20.0
32820,0,0,0,2074.6600,1034.6600,34.8030,0.71800,20.0
32820,0,0,0,2074.7300,-519.0000,55.7930,2.56600,20.0
32820,0,0,0,2075.7200,1202.5200,45.3220,2.77100,20.0
32820,0,0,0,2075.9700,1690.9000,70.3600,1.95063,20.0
32820,0,0,0,2076.9100,-185.0000,43.1330,4.20500,20.0
32820,0,0,0,2077.3000,1688.8100,70.2350,5.82023,20.0
32820,0,0,0,2077.5200,693.9210,37.9990,5.06500,20.0
32820,0,0,0,2077.9800,1951.2700,97.9999,3.21011,20.0
32820,0,0,0,2078.0100,1960.7100,96.9135,5.26414,20.0
32820,0,0,0,2078.2800,1604.8400,71.8452,5.88908,20.0
32820,0,0,0,2078.4100,-251.0000,40.5860,0.18200,20.0
32820,0,0,0,2078.5700,4.9050,42.0680,1.30600,20.0
32820,0,0,0,2078.6700,629.3780,34.7950,2.59200,20.0
32820,0,0,0,2078.8200,1746.4000,76.4259,4.10132,20.0
32820,0,0,0,2078.8900,1140.5600,35.8460,4.33800,20.0
32820,0,0,0,2078.9600,91.5110,36.8360,2.53100,20.0
32820,0,0,0,2079.7300,1495.9700,65.6415,4.19379,20.0
32820,0,0,0,2080.8000,1426.5000,61.9559,2.22875,20.0
32820,0,0,0,2081.5200,1969.6500,101.1610,3.06268,20.0
32820,0,0,0,2083.0300,1201.2400,44.4570,6.04700,20.0
32820,0,0,0,2083.0700,684.9210,38.7750,0.81400,20.0
32820,0,0,0,2083.9000,1947.3100,98.6400,2.03500,20.0
32820,0,0,0,2084.5800,1630.4300,71.3452,2.41150,20.0
32820,0,0,0,2084.7300,452.8260,53.3780,5.25100,20.0
32820,0,0,0,2085.1600,345.0010,52.8120,1.36600,20.0
32820,0,0,0,2085.5300,-123.0000,39.0260,5.75000,20.0
32820,0,0,0,2086.6000,1328.1600,61.8731,5.72200,20.0
32820,0,0,0,2087.1300,1555.7100,73.1964,2.58382,20.0
32820,0,0,0,2087.2500,1392.0100,61.4079,6.27286,20.0
32820,0,0,0,2087.3900,608.7820,34.6740,0.04700,20.0
32820,0,0,0,2088.3500,1713.0800,67.0698,5.98350,20.0
32820,0,0,0,2090.2900,917.4210,36.1750,4.48700,20.0
32820,0,0,0,2090.3400,1794.3700,104.8090,1.85416,20.0
32820,0,0,0,2091.1700,206.5840,55.0450,3.01600,20.0
32820,0,0,0,2092.7400,1062.4200,32.5120,5.41800,20.0
32820,0,0,0,2092.9800,-455.0000,44.6930,3.95800,20.0
32820,0,0,0,2093.4200,1084.2200,37.3000,1.54000,20.0
32820,0,0,0,2093.4400,-43.0000,39.1900,0.08400,20.0
32820,0,0,0,2094.8900,1590.3100,75.1982,2.80818,20.0
32820,0,0,0,2095.3200,1126.5600,34.9580,2.11700,20.0
32820,0,0,0,2096.1800,1458.2700,62.7233,1.46592,20.0
32820,0,0,0,2096.4900,-589.0000,61.8910,0.04200,20.0
32820,0,0,0,2097.0900,1022.2100,33.5500,4.85800,20.0
32820,0,0,0,2097.0900,190.8740,56.7080,4.38300,20.0
32820,0,0,0,2097.5500,945.2800,36.6360,3.58600,20.0
32820,0,0,0,2097.9600,367.4640,44.9190,4.05600,20.0
32820,0,0,0,2098.4500,24.9480,35.6830,0.74500,20.0
32820,0,0,0,2100.9600,105.4290,32.2850,2.34000,20.0
32820,0,0,0,2102.7600,233.4720,61.7950,6.01500,20.0
32820,0,0,0,2102.8300,1710.7000,67.3188,5.15910,20.0
32820,0,0,0,2103.8000,1670.5000,71.6100,4.75789,20.0
32820,0,0,0,2103.9700,1420.7100,60.5048,2.73086,20.0
32820,0,0,0,2104.0400,986.6650,36.7200,4.61200,20.0
32820,0,0,0,2107.0500,660.1800,35.1250,4.36200,20.0
32820,0,0,0,2108.6200,-894.0000,108.9760,3.61200,20.0
32820,0,0,0,2108.8300,478.3100,62.2630,6.22500,20.0
32820,0,0,0,2110.9500,1003.1600,34.4400,0.33200,20.0
32820,0,0,0,2111.1700,693.4950,36.5390,6.10200,20.0
32820,0,0,0,2112.4000,821.5760,33.1430,1.60800,20.0
32820,0,0,0,2112.7800,-625.0000,93.5990,0.28100,20.0
32820,0,0,0,2113.0700,1459.3300,64.3409,5.21570,20.0
32820,0,0,0,2113.8300,1512.2200,68.1744,3.83896,20.0
32820,0,0,0,2113.8500,1753.1300,81.2572,6.05912,20.0
32820,0,0,0,2114.6700,1785.0500,91.6210,3.36632,20.0
32820,0,0,0,2114.8400,-38.0000,42.7980,0.65100,20.0
32820,0,0,0,2115.1900,43.5420,38.1070,4.96600,20.0
32820,0,0,0,2115.6500,549.4380,40.8490,0.09200,20.0
32820,0,0,0,2117.2900,516.6230,53.9380,5.17600,20.0
32820,0,0,0,2117.5100,1370.3100,62.8016,1.43566,20.0
32820,0,0,0,2117.8400,1501.7800,70.6263,3.58777,20.0
32820,0,0,0,2118.0600,-258.0000,50.6860,0.06600,20.0
32820,0,0,0,2118.0900,1685.3600,75.1100,1.20324,20.0
32820,0,0,0,2118.3100,-61.0000,41.3110,6.27900,20.0
32820,0,0,0,2119.4300,-191.0000,41.0350,2.64900,20.0
32820,0,0,0,2119.8600,825.4310,32.7530,5.36100,20.0
32820,0,0,0,2120.5400,1012.5400,33.5640,4.34900,20.0
32820,0,0,0,2121.8900,622.9390,34.8490,5.54100,20.0
32820,0,0,0,2121.9300,1762.6300,89.4838,0.68656,20.0
32820,0,0,0,2122.3200,-83.0000,41.1850,0.06400,20.0
32820,0,0,0,2122.4000,386.5370,49.5070,2.28000,20.0
32820,0,0,0,2123.2600,1723.2600,75.4448,0.84859,20.0
32820,0,0,0,2123.3100,54.7560,37.6940,2.94200,20.0
32820,0,0,0,2124.2900,1441.2200,65.7511,3.60963,20.0
32820,0,0,0,2127.0000,1488.4500,69.0985,2.74564,20.0
32820,0,0,0,2128.1100,1140.3300,33.8630,5.55000,20.0
32820,0,0,0,2128.8600,676.0900,35.7740,3.25500,20.0
32820,0,0,0,2129.7200,1302.5600,53.8030,0.91400,20.0
32820,0,0,0,2129.8400,845.2920,32.8610,1.67300,20.0
32820,0,0,0,2130.1100,1195.2000,43.2800,3.53700,20.0
32820,0,0,0,2130.5100,-229.0000,50.7410,4.33500,20.0
32820,0,0,0,2130.5400,836.0840,33.9360,5.46000,20.0
32820,0,0,0,2130.5700,277.6600,56.1090,0.01600,20.0
32820,0,0,0,2130.9200,1470.5500,67.8589,5.86654,20.0
32820,0,0,0,2131.3200,1081.9400,32.2950,1.58700,20.0
32820,0,0,0,2131.9400,78.1920,32.5670,4.20800,20.0
32820,0,0,0,2132.0600,1172.2700,41.2350,5.51400,20.0
32820,0,0,0,2132.2100,-292.0000,53.7270,6.19300,20.0
32820,0,0,0,2133.0000,1812.7800,107.1130,0.07680,20.0
32820,0,0,0,2134.6800,766.5790,33.6960,1.24500,20.0
32820,0,0,0,2134.8100,24.7760,40.5080,1.19100,20.0
32820,0,0,0,2135.6300,1749.7600,85.8838,0.94799,20.0
32820,0,0,0,2136.2400,1379.7400,69.1082,1.09842,20.0
32820,0,0,0,2136.5600,-55.0000,42.4890,2.44900,20.0
32820,0,0,0,2137.5100,447.2750,67.5460,4.48200,20.0
32820,0,0,0,2138.2200,932.2780,32.5170,2.29800,20.0
32820,0,0,0,2138.9400,1335.1200,54.5369,2.61531,20.0
32820,0,0,0,2139.5500,-629.0000,89.7780,5.68100,20.0
32820,0,0,0,2139.6400,-70.0000,43.3660,6.01400,20.0
32820,0,0,0,2139.7200,1655.2600,79.3505,2.00735,20.0
32820,0,0,0,2140.1900,-143.0000,41.6010,2.05500,20.0
32820,0,0,0,2140.7400,333.6250,47.0380,5.58300,20.0
32820,0,0,0,2141.2300,640.7160,34.2212,5.15441,20.0
32820,0,0,0,2141.3600,1604.6800,78.3542,5.06096,20.0
32820,0,0,0,2142.2500,-574.0000,79.3160,1.74300,20.0
32820,0,0,0,2142.5100,1818.9000,112.4670,0.11349,20.0
32820,0,0,0,2143.4100,1713.9600,88.0088,4.44622,20.0
32820,0,0,0,2143.5600,1409.9300,69.8850,2.07938,20.0
32820,0,0,0,2143.7000,617.1140,34.7850,6.19400,20.0
32820,0,0,0,2143.8100,905.5050,33.5560,5.04100,20.0
32820,0,0,0,2143.9200,-261.0000,54.5970,4.15800,20.0
32820,0,0,0,2144.0100,295.3020,49.2350,4.69600,20.0
32820,0,0,0,2144.6900,845.9380,36.8160,6.02600,20.0
32820,0,0,0,2146.5100,1087.1200,33.0380,2.17300,20.0
32820,0,0,0,2147.9000,1561.2700,79.8816,5.77033,20.0
32820,0,0,0,2147.9800,-162.0000,42.2880,1.28000,20.0
32820,0,0,0,2148.5100,-548.0000,81.3040,4.71400,20.0
32820,0,0,0,2148.9600,1173.4900,41.5640,1.96700,20.0
32820,0,0,0,2149.0200,-707.2780,66.9912,5.39988,20.0
32820,0,0,0,2149.5600,923.2560,33.3660,2.19000,20.0
32820,0,0,0,2149.7200,784.0850,35.7570,4.06700,20.0
32820,0,0,0,2150.2700,581.3560,38.7590,5.83300,20.0
32820,0,0,0,2150.3500,1796.2300,111.5910,3.85096,20.0
32820,0,0,0,2151.1300,-532.0000,81.6560,4.72800,20.0
32820,0,0,0,2151.1800,1679.4400,84.4418,5.45437,20.0
32820,0,0,0,2151.2800,781.3960,35.3870,1.44100,20.0
32820,0,0,0,2152.8500,-376.0000,77.0950,2.12500,20.0
32820,0,0,0,2153.8200,264.0850,43.7500,6.07300,20.0
32820,0,0,0,2154.1400,-549.0000,81.3800,4.69000,20.0
32820,0,0,0,2154.2500,1273.8700,52.9230,5.09100,20.0
32820,0,0,0,2154.3000,613.1350,35.5900,4.87500,20.0
32820,0,0,0,2154.4200,-509.0000,81.6250,6.26100,20.0
32820,0,0,0,2156.8700,76.3360,30.1270,1.95300,20.0
32820,0,0,0,2157.1700,1314.0700,53.8880,4.17200,20.0
32820,0,0,0,2157.8900,657.3640,34.5450,1.21900,20.0
32820,0,0,0,2158.6800,1178.7500,40.9230,2.14000,20.0
32820,0,0,0,2161.2900,-135.0000,40.3170,5.06000,20.0
32820,0,0,0,2161.7400,1309.6600,54.0580,3.60900,20.0
32820,0,0,0,2161.7900,1078.1700,32.8310,2.19100,20.0
32820,0,0,0,2161.8400,810.4920,40.5240,3.46100,20.0
32820,0,0,0,2162.3100,1631.2000,85.9035,1.46979,20.0
32820,0,0,0,2162.5600,1053.6700,34.0930,3.12400,20.0
32820,0,0,0,2163.7300,657.3430,34.5450,2.35400,20.0
32820,0,0,0,2164.7100,1707.3600,94.5088,5.24337,20.0
32820,0,0,0,2164.7200,179.1300,42.6930,1.35700,20.0
32820,0,0,0,2165.8300,1763.5300,98.8838,0.00636,20.0
32820,0,0,0,2167.1300,1289.9700,53.8044,2.92954,20.0
32820,0,0,0,2167.6700,480.9950,66.4830,1.38600,20.0
32820,0,0,0,2167.7100,-606.0000,80.1930,5.89800,20.0
32820,0,0,0,2167.8900,1275.5100,53.2070,4.89300,20.0
32820,0,0,0,2169.1300,1063.9000,33.4260,5.25900,20.0
32820,0,0,0,2170.7300,-739.0000,72.0170,2.10400,20.0
32820,0,0,0,2171.0700,11.5190,41.6720,3.08900,20.0
32820,0,0,0,2173.4200,959.4880,34.5210,4.99100,20.0
32820,0,0,0,2175.7500,-579.0000,79.6550,6.14100,20.0
32820,0,0,0,2176.1500,1773.7400,106.6310,4.70236,20.0
32820,0,0,0,2176.3700,-415.0000,71.4930,3.83000,20.0
32820,0,0,0,2176.8100,-494.0000,77.3260,1.67800,20.0
32820,0,0,0,2177.0800,-448.0000,75.0000,2.04800,20.0
32820,0,0,0,2177.1600,-56.0000,39.2500,3.99900,20.0
32820,0,0,0,2178.0400,-707.0000,68.4890,4.02800,20.0
32820,0,0,0,2179.4500,265.5990,41.9220,2.51500,20.0
32820,0,0,0,2182.1400,-21.0000,37.7090,3.87300,20.0
32820,0,0,0,2183.9100,334.6540,37.5350,5.01500,20.0
32820,0,0,0,2184.1900,-451.0000,75.4930,2.49600,20.0
32820,0,0,0,2184.3300,156.6620,54.5390,3.57200,20.0
32820,0,0,0,2185.4300,905.4780,44.9820,4.87200,20.0
32820,0,0,0,2185.4400,-953.0000,86.8880,5.12200,20.0
32820,0,0,0,2186.2200,985.7170,34.9360,3.18000,20.0
32820,0,0,0,2187.2400,-124.0000,33.8460,3.26100,20.0
32820,0,0,0,2188.0200,867.6970,47.5640,1.24200,20.0
32820,0,0,0,2189.4400,244.6230,35.4950,5.56800,20.0
32820,0,0,0,2190.9300,-350.0000,76.3800,0.32300,20.0
32820,0,0,0,2192.4400,-803.0000,78.4260,4.79700,20.0
32820,0,0,0,2195.3100,73.9980,27.6780,3.05500,20.0
32820,0,0,0,2198.0300,-628.0000,79.9280,5.65400,20.0
32820,0,0,0,2199.9400,-916.0000,82.3510,3.03200,20.0
32820,0,0,0,2200.8900,-834.0000,81.3760,3.29000,20.0
32820,0,0,0,2201.6700,569.4130,28.9200,1.47500,20.0
32820,0,0,0,2201.7000,1008.8000,37.5030,3.11000,20.0
32820,0,0,0,2202.5400,-790.0000,77.9340,5.65800,20.0
32820,0,0,0,2202.8400,1184.2300,31.8570,2.05200,20.0
32820,0,0,0,2203.5000,99.2450,37.4640,0.98200,20.0
32820,0,0,0,2206.5800,-291.0000,60.7760,1.55800,20.0
32820,0,0,0,2207.0600,625.4420,24.7500,5.07600,20.0
32820,0,0,0,2207.8500,-83.0000,28.1780,2.54200,20.0
32820,0,0,0,2208.2300,-46.0000,29.9940,3.93800,20.0
32820,0,0,0,2208.2900,1108.2200,35.0330,5.08600,20.0
32820,0,0,0,2210.0700,-884.0000,79.8180,3.91000,20.0
32820,0,0,0,2210.1900,690.2320,34.9490,1.71600,20.0
32820,0,0,0,2210.4800,613.1180,25.0560,1.50900,20.0
32820,0,0,0,2210.6100,-343.0000,76.1020,6.02400,20.0
32820,0,0,0,2213.1200,974.6400,34.8510,5.03900,20.0
32820,0,0,0,2213.4200,1151.4400,36.3310,1.77300,20.0
32820,0,0,0,2213.9600,1014.2700,37.3580,1.46300,20.0
32820,0,0,0,2214.6300,-142.0000,29.3720,6.12900,20.0
32820,0,0,0,2214.8000,830.6250,42.7540,3.82900,20.0
32820,0,0,0,2215.2500,89.8700,33.7920,2.13000,20.0
32820,0,0,0,2215.6400,810.3350,36.0140,4.71700,20.0
32820,0,0,0,2215.7400,744.8660,37.8250,4.18700,20.0
32820,0,0,0,2215.7500,187.0390,46.6150,0.69800,20.0
32820,0,0,0,2216.5800,716.1340,37.0890,4.99200,20.0
32820,0,0,0,2217.6000,688.0290,35.7470,6.01500,20.0
32820,0,0,0,2217.6600,781.8780,33.9090,0.43600,20.0
32820,0,0,0,2218.0300,780.5190,33.8780,4.97700,20.0
32820,0,0,0,2218.3800,853.7190,47.3780,0.90600,20.0
32820,0,0,0,2218.9400,-181.0000,24.3710,2.10400,20.0
32820,0,0,0,2219.3200,-688.0000,66.7130,5.73300,20.0
32820,0,0,0,2219.8200,449.1940,53.7270,1.44600,20.0
32820,0,0,0,2220.4500,58.2520,34.7390,2.25200,20.0
32820,0,0,0,2222.7200,847.6810,46.4250,6.03800,20.0
32820,0,0,0,2223.4300,712.9790,36.5230,0.66200,20.0
32820,0,0,0,2223.5000,399.2350,45.1260,0.50400,20.0
32820,0,0,0,2225.0400,382.9530,39.7360,5.98100,20.0
32820,0,0,0,2226.5500,517.8160,40.2860,3.04500,20.0
32820,0,0,0,2227.0200,-750.0000,71.3570,0.73200,20.0
32820,0,0,0,2227.5300,317.6410,36.7190,5.18500,20.0
32820,0,0,0,2229.1100,636.0110,24.9680,4.45200,20.0
32820,0,0,0,2229.5900,-206.0000,40.2970,1.59700,20.0
32820,0,0,0,2230.3400,-29.0000,25.7380,4.09000,20.0
32820,0,0,0,2230.3500,541.2280,40.4390,1.73900,20.0
32820,0,0,0,2230.5500,975.8580,37.8300,5.80000,20.0
32820,0,0,0,2231.0100,-239.0000,52.9080,0.15300,20.0
32820,0,0,0,2231.6300,560.4750,34.6270,5.56700,20.0
32820,0,0,0,2231.8200,755.9980,34.8100,4.62600,20.0
32820,0,0,0,2233.5800,-1007.0000,80.9650,2.65700,20.0
32820,0,0,0,2235.1900,447.6600,46.2160,2.96800,20.0
32820,0,0,0,2235.2300,248.3000,33.3851,3.24248,20.0
32820,0,0,0,2236.5800,312.1880,36.7210,3.41200,20.0
32820,0,0,0,2236.7700,-680.0000,66.2740,0.41800,20.0
32820,0,0,0,2238.3500,918.6270,45.6400,4.40000,20.0
32820,0,0,0,2238.9000,-915.0000,75.8160,4.47400,20.0
32820,0,0,0,2239.5100,282.7980,35.1478,5.28835,20.0
32820,0,0,0,2240.1400,609.8730,33.6250,3.53500,20.0
32820,0,0,0,2241.1700,133.6560,48.8260,4.33000,20.0
32820,0,0,0,2241.7500,458.2690,39.2420,0.72200,20.0
32820,0,0,0,2242.3000,707.7930,35.3010,6.01500,20.0
32820,0,0,0,2242.4500,599.4490,33.3335,2.52821,20.0
32820,0,0,0,2244.3000,-799.0000,73.9690,4.51800,20.0
32820,0,0,0,2245.0200,326.5460,35.2720,5.60900,20.0
32820,0,0,0,2246.1900,239.9890,34.2600,1.25500,20.0
32820,0,0,0,2246.3300,308.2400,35.2720,5.10400,20.0
32820,0,0,0,2246.6100,329.1090,35.1891,5.54353,20.0
32820,0,0,0,2248.2000,641.7560,25.0000,3.24300,20.0
32820,0,0,0,2248.6900,331.3020,35.1890,5.55400,20.0
32820,0,0,0,2249.0700,237.0110,41.1150,6.11500,20.0
32820,0,0,0,2249.0800,240.2260,34.3437,6.14356,20.0
32820,0,0,0,2249.7600,267.4380,34.2740,3.56900,20.0
32820,0,0,0,2249.8000,416.2250,40.7560,3.34100,20.0
32820,0,0,0,2250.0100,960.4290,42.1330,1.31400,20.0
32820,0,0,0,2250.2600,322.0250,35.2720,5.61200,20.0
32820,0,0,0,2250.3500,249.1250,41.1150,6.09700,20.0
32820,0,0,0,2250.9700,327.0950,35.1890,5.59100,20.0
32820,0,0,0,2251.4600,-182.0000,27.2600,1.65100,20.0
32820,0,0,0,2251.5300,240.0070,34.3437,3.05433,20.0
32820,0,0,0,2251.8300,641.9750,24.7500,0.24500,20.0
32820,0,0,0,2251.9100,-307.0000,65.0690,1.42000,20.0
32820,0,0,0,2252.4000,-17.0000,26.3580,0.74800,20.0
32820,0,0,0,2252.4800,247.9860,34.2590,4.59900,20.0
32820,0,0,0,2252.7300,250.4720,34.2590,6.01100,20.0
32820,0,0,0,2253.0100,251.7480,41.1150,5.25500,20.0
32820,0,0,0,2253.2700,-336.0000,76.3730,2.77800,20.0
32820,0,0,0,2254.4100,297.9840,34.6120,5.77600,20.0
32820,0,0,0,2254.8700,238.4350,33.6340,0.85900,20.0
32820,0,0,0,2254.8800,-229.0000,51.7330,1.11800,20.0
32820,0,0,0,2255.3400,317.7600,35.1650,6.12800,20.0
32820,0,0,0,2255.6200,271.9280,34.4734,2.52523,20.0
32820,0,0,0,2256.2000,329.7620,35.1890,5.60500,20.0
32820,0,0,0,2256.8300,233.2730,41.1150,1.25100,20.0
32820,0,0,0,2257.2800,1101.5400,33.5230,0.98300,20.0
32820,0,0,0,2258.0000,1230.0100,34.5330,0.17100,20.0
32820,0,0,0,2258.7500,-362.0000,78.6080,2.68400,20.0
32820,0,0,0,2258.9000,249.9270,41.1150,3.52900,20.0
32820,0,0,0,2259.1400,312.7480,34.7010,0.74200,20.0
32820,0,0,0,2259.1400,346.6020,36.0180,6.05600,20.0
32820,0,0,0,2260.3500,325.8590,35.1600,5.59100,20.0
32820,0,0,0,2261.0000,1015.8800,39.6990,2.77400,20.0
32820,0,0,0,2261.9500,280.0040,34.6234,2.42705,20.0
32820,0,0,0,2262.0800,-721.0000,67.2600,1.20500,20.0
32820,0,0,0,2262.0900,244.2700,33.6340,3.58600,20.0
32820,0,0,0,2262.9900,1488.1600,33.5190,3.99600,20.0
32820,0,0,0,2264.4500,251.1770,41.1150,4.97400,20.0
32820,0,0,0,2264.8000,146.8170,42.4510,2.63400,20.0
32820,0,0,0,2265.3100,238.8930,34.2570,2.61000,20.0
32820,0,0,0,2265.8200,333.3060,35.1830,5.77900,20.0
32820,0,0,0,2266.4300,320.6280,34.3160,5.50500,20.0
32820,0,0,0,2266.4700,345.7620,36.0190,4.75400,20.0
32820,0,0,0,2266.6700,1174.0100,34.0040,4.71200,20.0
32820,0,0,0,2267.5700,1148.7600,33.1175,0.06058,20.0
32820,0,0,0,2268.2200,897.2800,46.6090,1.80700,20.0
32820,0,0,0,2268.3500,-404.0000,77.1290,3.16100,20.0
32820,0,0,0,2269.4000,245.0720,34.2560,3.93400,20.0
32820,0,0,0,2269.4000,950.1820,46.8056,1.88271,20.0
32820,0,0,0,2269.5200,280.9540,35.1350,2.89300,20.0
32820,0,0,0,2271.0400,242.9970,41.1980,1.91700,20.0
32820,0,0,0,2271.3300,1392.6900,33.3320,0.28300,20.0
32820,0,0,0,2271.4700,0.0000,24.3330,3.69700,20.0
32820,0,0,0,2271.8600,667.9440,32.4130,0.07300,20.0
32820,0,0,0,2271.9700,289.6420,35.0600,2.90500,20.0
32820,0,0,0,2273.6100,964.5230,45.9920,0.12700,20.0
32820,0,0,0,2275.0900,-196.0000,36.9180,5.87000,20.0
32820,0,0,0,2277.5900,-946.0000,77.7990,2.02400,20.0
32820,0,0,0,2280.3300,1473.0500,33.3320,2.44500,20.0
32820,0,0,0,2280.4900,1429.0700,33.3320,3.62600,20.0
32820,0,0,0,2281.2200,-877.0000,74.5150,5.91300,20.0
32820,0,0,0,2281.5000,1419.9400,33.3330,3.33300,20.0
32820,0,0,0,2281.7700,453.8360,33.9988,4.05597,20.0
32820,0,0,0,2283.4800,462.2820,33.7857,0.61514,20.0
32820,0,0,0,2283.7700,1192.1600,36.1710,0.37000,20.0
32820,0,0,0,2283.9500,242.0510,41.1140,2.49400,20.0
32820,0,0,0,2284.0600,1386.8500,33.5830,5.22800,20.0
32820,0,0,0,2284.9400,56.7440,31.7580,3.47800,20.0
32820,0,0,0,2284.9800,560.0280,35.5970,1.23500,20.0
32820,0,0,0,2285.4500,441.4840,34.6447,6.04774,20.0
32820,0,0,0,2285.6600,-222.0000,43.1430,0.70800,20.0
32820,0,0,0,2285.9300,597.4510,30.5000,2.53700,20.0
32820,0,0,0,2286.1100,463.0200,33.7305,3.41430,20.0
32820,0,0,0,2286.2300,337.5840,34.2280,3.60400,20.0
32820,0,0,0,2286.4800,-781.0000,68.9630,0.83900,20.0
32820,0,0,0,2286.6300,403.3830,33.9185,5.40354,20.0
32820,0,0,0,2287.0200,1314.3200,31.3990,5.33000,20.0
32820,0,0,0,2287.2700,302.1890,35.1890,2.96800,20.0
32820,0,0,0,2287.8900,440.8990,35.0368,3.14177,20.0
32820,0,0,0,2287.9400,855.2780,39.7510,1.60300,20.0
32820,0,0,0,2288.6900,717.2360,35.4890,1.63700,20.0
32820,0,0,0,2288.8700,243.4320,27.1720,5.22300,20.0
32820,0,0,0,2288.9900,706.9630,35.8320,6.26500,20.0
32820,0,0,0,2289.0300,235.3090,27.0880,1.30100,20.0
32820,0,0,0,2289.2600,391.0700,34.1140,3.15600,20.0
32820,0,0,0,2289.3700,401.4400,33.9500,3.30800,20.0
32820,0,0,0,2290.1800,396.0150,34.0273,6.22659,20.0
32820,0,0,0,2291.0900,-1019.0000,76.6530,5.45900,20.0
32820,0,0,0,2291.6500,732.8250,33.7658,5.40522,20.0
32820,0,0,0,2292.4500,233.1220,27.2730,1.71000,20.0
32820,0,0,0,2293.0800,310.2790,35.6110,3.29253,20.0
32820,0,0,0,2293.3400,423.7740,34.7610,5.63800,20.0
32820,0,0,0,2294.0700,722.9740,35.6090,5.35000,20.0
32820,0,0,0,2295.4900,850.0260,40.1560,3.26900,20.0
32820,0,0,0,2295.5300,178.9920,35.5250,6.01000,20.0
32820,0,0,0,2295.6800,246.4250,27.5410,3.58900,20.0
32820,0,0,0,2296.1900,-10.0000,21.0360,5.25500,20.0
32820,0,0,0,2297.4400,1463.4000,33.3330,1.79900,20.0
32820,0,0,0,2298.1100,1330.0500,32.6040,4.76000,20.0
32820,0,0,0,2299.6000,983.5780,49.5160,3.32600,20.0
32820,0,0,0,2300.0500,555.7420,34.8180,3.77800,20.0
32820,0,0,0,2301.8900,949.8220,56.8050,0.53800,20.0
32820,0,0,0,2303.0900,1125.2300,34.7450,0.16800,20.0
32820,0,0,0,2305.5000,715.5490,37.6930,3.28900,20.0
32820,0,0,0,2305.7700,1477.7200,33.5740,2.86300,20.0
32820,0,0,0,2307.5300,264.3580,38.6700,1.31300,20.0
32820,0,0,0,2308.3400,103.2280,38.2100,3.99400,20.0
32820,0,0,0,2310.5500,648.2080,31.9840,2.79000,20.0
32820,0,0,0,2310.7300,296.8530,37.3108,4.44553,20.0
32820,0,0,0,2311.9300,1037.2600,43.9990,5.48300,20.0
32820,0,0,0,2311.9400,-351.0000,72.5100,3.09700,20.0
32820,0,0,0,2313.0100,174.2930,35.2170,0.41500,20.0
32820,0,0,0,2314.9300,288.2780,37.3110,2.87600,20.0
32820,0,0,0,2316.1900,1537.1300,34.1280,4.88700,20.0
32820,0,0,0,2316.7500,1549.7000,33.7360,3.99500,20.0
32820,0,0,0,2317.0200,1314.3500,32.8470,4.48800,20.0
32820,0,0,0,2317.3800,-194.0000,36.8570,5.51400,20.0
32820,0,0,0,2317.6100,563.9850,26.0700,3.31700,20.0
32820,0,0,0,2318.2200,-176.0000,32.4140,0.94100,20.0
32820,0,0,0,2319.5300,1098.5700,37.4070,1.03600,20.0
32820,0,0,0,2320.4000,-255.0000,47.4980,3.94900,20.0
32820,0,0,0,2320.8200,653.6080,31.5600,5.55600,20.0
32820,0,0,0,2322.0800,-378.0000,71.2040,2.33500,20.0
32820,0,0,0,2322.2000,332.7510,36.5020,4.38500,20.0
32820,0,0,0,2323.1600,1482.4200,33.5740,1.88400,20.0
32820,0,0,0,2323.5300,1004.9100,51.7820,2.09900,20.0
32820,0,0,0,2324.4400,622.7180,33.8680,3.24600,20.0
32820,0,0,0,2325.3100,-667.0000,69.3040,0.38700,20.0
32820,0,0,0,2326.6300,1351.7200,33.4583,5.00745,20.0
32820,0,0,0,2327.6300,114.7400,36.8800,3.77500,20.0
32820,0,0,0,2327.6700,-206.0000,38.6090,6.02600,20.0
32820,0,0,0,2327.8200,693.4710,39.3560,1.92600,20.0
32820,0,0,0,2328.5800,774.5420,33.3370,5.82700,20.0
32820,0,0,0,2330.0900,243.5290,28.6100,5.20200,20.0
32820,0,0,0,2331.1700,1391.9100,33.3330,3.74900,20.0
32820,0,0,0,2331.2600,1693.3300,46.9750,2.96900,20.0
32820,0,0,0,2332.9300,933.2910,61.2450,0.09100,20.0
32820,0,0,0,2334.6800,115.5990,36.5680,5.19800,20.0
32820,0,0,0,2340.0500,1015.0100,51.3490,1.01700,20.0
32820,0,0,0,2340.5200,763.3960,34.9710,4.49700,20.0
32820,0,0,0,2340.6500,732.4410,36.4080,2.01600,20.0
32820,0,0,0,2341.3600,178.0390,38.3360,6.05400,20.0
32820,0,0,0,2341.9900,-226.0000,41.7790,3.07400,20.0
32820,0,0,0,2342.9200,1314.3100,34.1190,3.19400,20.0
32820,0,0,0,2343.9000,595.6590,34.8570,0.71200,20.0
32820,0,0,0,2344.0300,265.5310,34.2060,0.21100,20.0
32820,0,0,0,2344.5600,894.8590,57.8000,5.07200,20.0
32820,0,0,0,2345.9900,1129.3000,41.8760,1.58900,20.0
32820,0,0,0,2346.3600,50.5010,27.3210,5.78100,20.0
32820,0,0,0,2348.1000,1384.9200,33.5280,0.72800,20.0
32820,0,0,0,2348.5300,176.3900,37.4350,2.87300,20.0
32820,0,0,0,2348.5800,492.8620,33.3580,4.87900,20.0
32820,0,0,0,2349.3400,-910.0000,71.4680,1.99300,20.0
32820,0,0,0,2349.9500,1291.1500,33.5340,1.66100,20.0
32820,0,0,0,2350.0600,679.1280,35.4920,2.18300,20.0
32820,0,0,0,2350.1200,609.5470,35.3350,1.01200,20.0
32820,0,0,0,2350.5400,1469.7400,33.3320,3.85500,20.0
32820,0,0,0,2350.9600,-256.0000,42.9130,5.77400,20.0
32820,0,0,0,2351.0200,-1050.0000,83.6300,5.79600,20.0
32820,0,0,0,2351.0500,649.2390,33.7290,5.74200,20.0
32820,0,0,0,2351.5000,81.2810,28.5050,1.36300,20.0
32820,0,0,0,2352.9800,-160.0000,28.5580,2.63500,20.0
32820,0,0,0,2354.1400,1367.2000,33.3320,5.34500,20.0
32820,0,0,0,2354.3800,329.0580,37.7790,4.06400,20.0
32820,0,0,0,2354.9900,866.6810,54.0570,1.68600,20.0
32820,0,0,0,2355.4800,251.4070,28.5700,4.94300,20.0
32820,0,0,0,2356.2000,1173.5600,37.1800,0.30700,20.0
32820,0,0,0,2356.4300,672.2080,34.2420,0.82600,20.0
32820,0,0,0,2356.7100,1288.8700,32.9620,5.28800,20.0
32820,0,0,0,2360.8600,877.5320,57.3120,6.18500,20.0
32820,0,0,0,2361.4100,425.1750,33.5520,1.84300,20.0
32820,0,0,0,2361.4200,1313.9400,33.5370,6.04700,20.0
32820,0,0,0,2363.1400,1650.9000,33.8810,0.54200,20.0
32820,0,0,0,2363.5800,1215.4400,34.0430,1.34000,20.0
32820,0,0,0,2364.2100,1314.5700,33.4123,1.35871,20.0
32820,0,0,0,2364.9500,294.3120,34.9160,0.11300,20.0
32820,0,0,0,2365.9600,-581.0000,75.6850,0.85000,20.0
32820,0,0,0,2370.9000,-442.0000,76.5930,6.17200,20.0
32820,0,0,0,2371.0800,204.1490,35.6120,1.80700,20.0
32820,0,0,0,2372.2400,-834.0000,71.8540,5.47100,20.0
32820,0,0,0,2372.6400,334.0760,38.7450,0.67300,20.0
32820,0,0,0,2373.5700,1543.4400,34.3280,0.44300,20.0
32820,0,0,0,2374.0600,1284.3200,31.4130,4.41800,20.0
32820,0,0,0,2374.9700,580.3670,33.5050,4.76700,20.0
32820,0,0,0,2375.4300,1098.7900,43.6390,5.31600,20.0
32820,0,0,0,2376.3400,1493.4900,34.8840,5.34100,20.0
32820,0,0,0,2377.0000,1017.9700,54.7180,3.90500,20.0
32820,0,0,0,2377.1600,111.8900,27.6620,4.96200,20.0
32820,0,0,0,2377.6700,-594.0000,72.9830,1.42400,20.0
32820,0,0,0,2377.8000,747.0630,34.1060,4.87200,20.0
32820,0,0,0,2377.9800,137.0060,31.7170,3.49200,20.0
32820,0,0,0,2378.8800,-572.0000,74.7900,2.64300,20.0
32820,0,0,0,2379.3700,1877.5200,0.8480,4.61600,20.0
32820,0,0,0,2379.4400,1017.4300,55.5450,0.85200,20.0
32820,0,0,0,2382.2300,636.6620,30.3100,0.46300,20.0
32820,0,0,0,2382.4200,-935.0000,67.9690,2.25300,20.0
32820,0,0,0,2383.2900,1106.7600,46.0270,6.04700,20.0
32820,0,0,0,2384.8800,1051.4200,56.9730,4.90900,20.0
32820,0,0,0,2386.3600,-1050.0000,85.6050,3.17100,20.0
32820,0,0,0,2387.0300,204.6820,35.4870,5.98100,20.0
32820,0,0,0,2387.3100,-627.0000,70.9230,4.59300,20.0
32820,0,0,0,2387.6600,-447.0000,74.7850,4.97300,20.0
32820,0,0,0,2388.5300,-448.0000,75.2590,3.57000,20.0
32820,0,0,0,2388.8400,-373.0000,68.9930,3.95700,20.0
32820,0,0,0,2389.2200,-932.0000,68.0690,1.36000,20.0
32820,0,0,0,2389.3400,1440.1900,34.4030,2.12000,20.0
32820,0,0,0,2390.2700,336.5020,40.0160,2.27100,20.0
32820,0,0,0,2394.4600,-291.0000,55.9460,0.97800,20.0
32820,0,0,0,2395.9000,-592.0000,71.8300,0.24000,20.0
32820,0,0,0,2396.1100,1262.5600,36.6330,5.65800,20.0
32820,0,0,0,2396.5300,870.3080,64.0180,0.11900,20.0
32820,0,0,0,2398.1100,1026.0800,61.0230,3.50200,20.0
32820,0,0,0,2398.2900,1596.0800,33.5600,4.91100,20.0
32820,0,0,0,2401.5700,1406.9400,32.9850,2.08700,20.0
32820,0,0,0,2402.7300,1124.3500,50.4370,3.04000,20.0
32820,0,0,0,2403.2800,227.1640,34.4640,1.92600,20.0
32820,0,0,0,2403.6500,1105.9600,52.9470,6.06700,20.0
32820,0,0,0,2403.7900,675.3190,34.2630,2.51600,20.0
32820,0,0,0,2405.2300,1285.1200,31.2000,4.19000,20.0
32820,0,0,0,2405.3600,-734.0000,73.2720,2.55700,20.0
32820,0,0,0,2406.4500,-1035.0000,85.4140,0.45700,20.0
32820,0,0,0,2406.7000,795.1030,41.5740,4.81200,20.0
32820,0,0,0,2408.2000,687.6920,33.2310,2.84500,20.0
32820,0,0,0,2409.2000,1381.4200,36.0090,6.15800,20.0
32820,0,0,0,2409.2800,1889.5400,11.3700,5.30700,20.0
32820,0,0,0,2410.2300,-241.0000,45.5190,1.32800,20.0
32820,0,0,0,2410.5600,1583.8500,32.9660,3.66400,20.0
32820,0,0,0,2410.6700,612.5710,30.9440,3.92700,20.0
32820,0,0,0,2411.4900,653.1250,31.9860,2.16800,20.0
32820,0,0,0,2411.8900,1399.5500,33.3840,0.56000,20.0
32820,0,0,0,2412.9800,745.3560,41.1340,0.09900,20.0
32820,0,0,0,2413.2600,-277.0000,59.1240,5.30900,20.0
32820,0,0,0,2413.6100,1520.4000,34.6870,2.74000,20.0
32820,0,0,0,2414.1000,1303.1800,30.4000,1.79600,20.0
32820,0,0,0,2416.1600,1335.9000,33.0740,3.26900,20.0
32820,0,0,0,2416.4200,195.8130,31.8970,4.94200,20.0
32820,0,0,0,2417.2000,-275.0000,59.4690,2.83200,20.0
32820,0,0,0,2417.3600,1214.9800,43.7430,3.63800,20.0
32820,0,0,0,2417.9100,-742.0000,70.8120,0.80200,20.0
32820,0,0,0,2418.0000,-479.0000,74.0760,4.45600,20.0
32820,0,0,0,2419.7800,1567.4400,32.9700,3.73500,20.0
32820,0,0,0,2421.8500,190.0640,32.5940,3.30800,20.0
32820,0,0,0,2422.2200,297.8660,35.9100,3.53000,20.0
32820,0,0,0,2424.0500,148.2750,31.3360,2.67500,20.0
32820,0,0,0,2425.2100,-651.0000,72.3220,4.15500,20.0
32820,0,0,0,2425.8300,218.0910,36.3240,2.62600,20.0
32820,0,0,0,2429.1700,1531.9800,35.5040,2.93500,20.0
32820,0,0,0,2429.2600,889.5610,72.8310,4.18800,20.0
32820,0,0,0,2432.2600,738.5630,40.8840,5.25500,20.0
32820,0,0,0,2432.8000,772.8510,43.7490,0.52000,20.0
32820,0,0,0,2433.1100,978.3040,68.1900,1.34000,20.0
32820,0,0,0,2434.1700,608.9490,31.6090,3.92900,20.0
32820,0,0,0,2434.3300,-404.0000,68.3230,1.15500,20.0
32820,0,0,0,2435.6300,1777.6100,29.4160,4.68100,20.0
32820,0,0,0,2436.5500,-192.0000,33.4960,0.21100,20.0
32820,0,0,0,2438.4100,1599.7200,50.7770,5.94700,20.0
32820,0,0,0,2438.8300,875.8330,74.2850,3.29800,20.0
32820,0,0,0,2439.3200,-400.0000,68.7980,2.56600,20.0
32820,0,0,0,2439.4000,-684.0000,72.7390,3.02000,20.0
32820,0,0,0,2440.7200,486.9740,44.5880,4.48500,20.0
32820,0,0,0,2441.0200,1589.6400,72.1560,4.04700,20.0
32820,0,0,0,2441.1800,360.3120,32.7050,5.06700,20.0
32820,0,0,0,2441.9100,763.8400,46.6830,5.05400,20.0
32820,0,0,0,2441.9300,1472.2700,32.1760,4.25300,20.0
32820,0,0,0,2442.4700,1333.0200,27.1350,2.69200,20.0
32820,0,0,0,2442.5000,226.8000,41.1960,0.17200,20.0
32820,0,0,0,2442.6400,-543.0000,71.2970,3.58400,20.0
32820,0,0,0,2442.7500,-656.0000,71.7410,2.65400,20.0
32820,0,0,0,2442.8400,-611.0000,70.4410,3.28500,20.0
32820,0,0,0,2444.1300,1599.8400,66.5730,3.92100,20.0
32820,0,0,0,2447.0700,797.9190,48.3760,5.85500,20.0
32820,0,0,0,2447.1100,1584.3200,44.9520,1.49800,20.0
32820,0,0,0,2447.5100,-326.0000,68.4900,0.00100,20.0
32820,0,0,0,2448.6600,473.0640,44.3510,4.49400,20.0
32820,0,0,0,2448.7400,438.4740,37.2480,0.92300,20.0
32820,0,0,0,2448.8100,-473.0000,76.1370,4.73100,20.0
32820,0,0,0,2449.5500,1586.9400,61.0690,1.79800,20.0
32820,0,0,0,2450.1200,468.5370,43.8710,2.58600,20.0
32820,0,0,0,2450.1400,1596.4200,37.0690,3.45200,20.0
32820,0,0,0,2451.8700,939.7240,75.6930,4.98900,20.0
32820,0,0,0,2452.0200,400.3640,35.1550,1.55200,20.0
32820,0,0,0,2453.1900,1600.6700,72.1560,0.61200,20.0
32820,0,0,0,2453.6700,1085.3700,61.0410,0.91600,20.0
32820,0,0,0,2456.2100,1600.0900,56.3840,3.74400,20.0
32820,0,0,0,2457.7400,-961.0000,73.5920,4.79900,20.0
32820,0,0,0,2460.7200,-843.0000,59.2630,3.19400,20.0
32820,0,0,0,2460.7700,1715.1600,24.7840,0.70700,20.0
32820,0,0,0,2461.7400,1389.5400,24.4020,5.66000,20.0
32820,0,0,0,2463.9100,-832.0000,61.8650,2.46500,20.0
32820,0,0,0,2464.8900,240.9080,44.5650,2.95500,20.0
32820,0,0,0,2468.9000,-534.0000,73.3610,0.95000,20.0
32820,0,0,0,2468.9700,694.8660,45.2290,1.52500,20.0
32820,0,0,0,2469.5900,678.8410,41.7030,4.65600,20.0
32820,0,0,0,2469.9300,-414.0000,76.9090,4.78100,20.0
32820,0,0,0,2470.0800,-764.0000,66.2580,5.08600,20.0
32820,0,0,0,2470.7600,1133.1800,62.8910,4.78500,20.0
32820,0,0,0,2472.4900,-660.0000,71.8560,2.73800,20.0
32820,0,0,0,2474.1100,136.3950,30.4800,2.84400,20.0
32820,0,0,0,2474.7400,17.9940,24.7190,3.62100,20.0
32820,0,0,0,2478.0800,670.2230,43.8780,4.85800,20.0
32820,0,0,0,2478.1000,988.4210,70.9410,2.21600,20.0
32820,0,0,0,2478.7600,-586.0000,72.6970,3.97500,20.0
32820,0,0,0,2481.0600,-279.0000,49.6590,2.05500,20.0
32820,0,0,0,2481.3800,1649.2400,15.0720,3.16400,20.0
32820,0,0,0,2481.4700,-221.0000,31.5930,2.75900,20.0
32820,0,0,0,2481.5900,1653.6900,14.0680,3.26000,20.0
32820,0,0,0,2482.2100,1328.4500,25.9670,3.80400,20.0
32820,0,0,0,2483.3100,1008.0000,71.6440,3.17900,20.0
32820,0,0,0,2483.9800,-342.0000,73.1620,0.10900,20.0
32820,0,0,0,2484.0600,27.0810,25.5650,1.03900,20.0
32820,0,0,0,2485.9000,150.7550,29.0720,2.88700,20.0
32820,0,0,0,2487.1100,1442.0700,8.5950,4.03800,20.0
32820,0,0,0,2487.3900,1243.5000,46.9530,2.74700,20.0
32820,0,0,0,2487.4900,455.6090,39.5088,0.04516,20.0
32820,0,0,0,2487.9700,1419.3200,7.5930,4.57600,20.0
32820,0,0,0,2490.6300,1072.4200,73.4500,3.49800,20.0
32820,0,0,0,2492.3700,127.4470,29.0590,3.71200,20.0
32820,0,0,0,2492.5900,1112.7100,69.6150,3.00500,20.0
32820,0,0,0,2492.8400,646.6580,32.2450,2.23200,20.0
32820,0,0,0,2493.4800,785.1880,120.1490,1.97600,20.0
32820,0,0,0,2493.8100,1394.6500,6.5090,2.05000,20.0
32820,0,0,0,2494.5700,1673.4000,10.1280,2.16400,20.0
32820,0,0,0,2494.9300,1669.3700,8.7190,5.88100,20.0
32820,0,0,0,2497.9000,364.5870,35.1050,0.97900,20.0
32820,0,0,0,2499.1800,348.9460,34.0770,1.87000,20.0
32820,0,0,0,2500.0100,1137.4400,67.5360,3.60000,20.0
32820,0,0,0,2503.0300,868.5490,85.8990,1.18000,20.0
32820,0,0,0,2503.2900,978.8500,80.6570,4.55600,20.0
32820,0,0,0,2505.7600,458.1090,36.9930,0.06300,20.0
32820,0,0,0,2507.2900,388.5410,34.3130,3.38300,20.0
32820,0,0,0,2511.1900,-536.0000,87.9710,0.22400,20.0
32820,0,0,0,2512.9100,-37.0000,26.2050,1.41800,20.0
32820,0,0,0,2513.4400,289.7260,44.5310,0.77300,20.0
32820,0,0,0,2513.4700,243.9810,48.7840,2.36000,20.0
32820,0,0,0,2514.1100,-675.0000,71.4000,0.64800,20.0
32820,0,0,0,2514.8400,1344.2200,21.1310,3.80200,20.0
32820,0,0,0,2517.3600,789.0090,110.9050,4.52800,20.0
32820,0,0,0,2517.5200,226.2140,44.0750,5.97200,20.0
32820,0,0,0,2518.1400,-245.0000,34.1070,2.61100,20.0
32820,0,0,0,2518.7600,1609.9400,-3.0000,4.40900,20.0
32820,0,0,0,2520.1000,1497.1000,0.1910,1.59500,20.0
32820,0,0,0,2521.8700,-850.0000,58.0870,5.36100,20.0
32820,0,0,0,2522.6700,506.1840,38.5263,0.12173,20.0
32820,0,0,0,2523.5000,945.0280,90.8410,3.18200,20.0
32820,0,0,0,2523.7200,1421.9200,1.6610,2.04700,20.0
32820,0,0,0,2523.8000,1047.8300,81.6550,3.00900,20.0
32820,0,0,0,2524.3200,1174.5400,69.0230,6.09200,20.0
32820,0,0,0,2524.3900,1290.5300,40.5990,2.30100,20.0
32820,0,0,0,2524.5600,385.2990,34.7120,3.37800,20.0
32820,0,0,0,2528.3600,-905.0000,57.0910,1.20300,20.0
32820,0,0,0,2528.9300,293.1530,42.9220,3.19600,20.0
32820,0,0,0,2531.7600,-899.0000,56.3640,1.54600,20.0
32820,0,0,0,2532.4900,-892.0000,55.9190,4.54600,20.0
32820,0,0,0,2532.9600,-726.0000,62.9750,6.22900,20.0
32820,0,0,0,2533.1000,1390.1900,4.3200,4.06200,20.0
32820,0,0,0,2533.8900,543.7600,15.7340,0.35000,20.0
32820,0,0,0,2533.9000,956.8240,92.3540,2.72500,20.0
32820,0,0,0,2536.8400,1284.5800,44.2130,4.28700,20.0
32820,0,0,0,2536.8500,-61.0000,29.1110,5.91900,20.0
32820,0,0,0,2536.8500,769.5940,110.9860,5.98600,20.0
32820,0,0,0,2538.4300,279.1640,47.3590,4.01700,20.0
32820,0,0,0,2538.9400,547.9310,15.8170,3.53400,20.0
32820,0,0,0,2540.4000,-1041.0000,98.3970,4.76700,20.0
32820,0,0,0,2541.1600,763.7720,110.8100,0.00600,20.0
32820,0,0,0,2543.3000,979.1990,89.4690,3.70800,20.0
32820,0,0,0,2543.4800,-22.0000,28.2480,5.31300,20.0
32820,0,0,0,2544.2400,173.0750,35.0240,5.43300,20.0
32820,0,0,0,2544.8300,1050.8900,85.7220,0.24700,20.0
32820,0,0,0,2545.1800,1462.1100,-5.0000,0.00700,20.0
32820,0,0,0,2545.5800,293.8670,42.5370,1.43900,20.0
32820,0,0,0,2545.9300,1166.3000,73.1160,2.19500,20.0
32820,0,0,0,2546.2100,947.2980,93.2460,4.24300,20.0
32820,0,0,0,2547.3600,-626.0000,81.1380,3.99900,20.0
32820,0,0,0,2547.5100,-269.0000,46.1960,4.00400,20.0
32820,0,0,0,2548.6200,-899.0000,56.7100,2.66600,20.0
32820,0,0,0,2549.0000,-104.0000,24.1410,3.39400,20.0
32820,0,0,0,2549.6600,816.3350,109.2950,5.37000,20.0
32820,0,0,0,2549.9400,404.4490,31.9320,3.23300,20.0
32820,0,0,0,2550.7000,386.4040,33.8780,6.21000,20.0
32820,0,0,0,2551.5900,878.6350,91.7700,5.73500,20.0
32820,0,0,0,2552.2700,1122.7000,82.1460,1.67700,20.0
32820,0,0,0,2552.4600,-275.0000,48.4800,0.50300,20.0
32820,0,0,0,2552.9000,121.2430,29.9510,5.98900,20.0
32820,0,0,0,2552.9700,236.4200,47.2530,4.22300,20.0
32820,0,0,0,2553.2200,507.5650,18.0189,4.67312,20.0
32820,0,0,0,2556.5400,1066.1500,85.3430,3.77600,20.0
32820,0,0,0,2557.1700,-892.0000,56.0930,3.26900,20.0
32820,0,0,0,2557.5500,-690.0000,67.7320,3.50900,20.0
32820,0,0,0,2558.3400,188.3410,35.9370,4.75600,20.0
32820,0,0,0,2558.6300,919.5970,95.8410,5.44600,20.0
32820,0,0,0,2558.8800,1393.5200,3.9390,3.53000,20.0
32820,0,0,0,2559.2700,1388.1000,4.5290,3.07900,20.0
32820,0,0,0,2560.1700,165.2530,32.2450,6.15700,20.0
32820,0,0,0,2560.5800,1207.4400,66.8358,3.85013,20.0
32820,0,0,0,2561.7700,391.6300,32.8950,2.35400,20.0
32820,0,0,0,2562.5300,414.4950,28.0780,4.20600,20.0
32820,0,0,0,2563.3200,-13.0000,27.8730,5.00200,20.0
32820,0,0,0,2563.4600,807.7180,108.7170,0.27700,20.0
32820,0,0,0,2563.7000,1204.8000,67.3540,3.76400,20.0
32820,0,0,0,2564.0800,1108.7300,85.4300,5.73800,20.0
32820,0,0,0,2566.0800,-748.0000,65.7090,4.60700,20.0
32820,0,0,0,2566.2000,-770.0000,65.1700,1.88300,20.0
32820,0,0,0,2566.9100,1238.9000,63.8930,5.62900,20.0
32820,0,0,0,2567.9600,-298.0000,62.6940,1.47200,20.0
32820,0,0,0,2569.4900,-26.0000,30.1970,0.60300,20.0
32820,0,0,0,2571.2400,538.8710,15.3810,5.34000,20.0
32820,0,0,0,2571.7300,1374.4700,10.3360,2.34100,20.0
32820,0,0,0,2572.3200,-50.0000,33.4930,3.85100,20.0
32820,0,0,0,2573.8100,-977.0000,78.4900,5.88600,20.0
32820,0,0,0,2574.6700,840.8480,100.1440,3.89900,20.0
32820,0,0,0,2576.1200,885.0950,100.9470,2.42500,20.0
32820,0,0,0,2576.1900,1004.2000,94.2430,4.52900,20.0
32820,0,0,0,2576.2100,290.1760,47.0160,2.89600,20.0
32820,0,0,0,2576.2200,-976.0000,78.3370,5.81900,20.0
32820,0,0,0,2577.1700,981.7270,98.2920,0.80500,20.0
32820,0,0,0,2578.0700,-1024.0000,94.7860,3.17900,20.0
32820,0,0,0,2578.2800,572.0190,14.3080,0.79100,20.0
32820,0,0,0,2578.4100,918.0220,104.5990,3.37200,20.0
32820,0,0,0,2580.0700,-107.0000,30.2120,1.34000,20.0
32820,0,0,0,2580.3300,154.8200,33.0750,4.11100,20.0
32820,0,0,0,2582.1800,-723.0000,69.7940,3.71300,20.0
32820,0,0,0,2583.9800,-54.0000,31.0230,1.12300,20.0
32820,0,0,0,2585.7700,854.3900,99.3410,1.58200,20.0
32820,0,0,0,2588.4400,-956.0000,76.6850,5.42400,20.0
32820,0,0,0,2589.4400,475.9360,25.3739,3.21396,20.0
32820,0,0,0,2589.6100,-118.0000,31.1620,5.59700,20.0
32820,0,0,0,2591.0600,1019.8800,99.0460,0.34000,20.0
32820,0,0,0,2593.2600,136.1570,30.1330,4.80300,20.0
32820,0,0,0,2594.1300,1687.9300,-1.0000,3.60600,20.0
32820,0,0,0,2594.4400,246.6300,41.3640,5.09400,20.0
32820,0,0,0,2597.3300,1385.2800,1.1570,5.83600,20.0
32820,0,0,0,2598.7700,480.7400,24.1265,2.61145,20.0
32820,0,0,0,2599.7400,1284.3400,51.9770,6.23400,20.0
32820,0,0,0,2600.6600,-690.0000,78.6860,6.22500,20.0
32820,0,0,0,2601.8500,520.2780,17.7300,3.25600,20.0
32820,0,0,0,2603.0900,-535.0000,89.0000,5.59600,20.0
32820,0,0,0,2606.8300,235.3500,37.2010,0.49200,20.0
32820,0,0,0,2606.8700,-781.0000,74.3630,3.37600,20.0
32820,0,0,0,2607.1100,642.2750,28.6185,4.66722,20.0
32820,0,0,0,2611.0700,-913.0000,60.1550,0.05700,20.0
32820,0,0,0,2611.5000,463.9780,22.9470,2.03000,20.0
32820,0,0,0,2613.5500,133.4430,30.1580,2.09800,20.0
32820,0,0,0,2613.6800,1098.2700,93.4150,4.32200,20.0
32820,0,0,0,2613.9900,1124.2800,90.5040,0.24700,20.0
32820,0,0,0,2617.1300,313.3910,37.4350,5.83300,20.0
32820,0,0,0,2620.3800,883.9140,111.5550,0.52400,20.0
32820,0,0,0,2623.5300,1040.2800,99.3600,6.13600,20.0
32820,0,0,0,2624.0800,239.2110,34.5520,3.57700,20.0
32820,0,0,0,2624.3200,406.3000,36.1440,0.35700,20.0
32820,0,0,0,2624.6800,-824.0000,71.0930,1.27100,20.0
32820,0,0,0,2625.3100,462.5160,21.7190,3.28319,20.0
32820,0,0,0,2625.5800,1291.8800,47.8110,5.97400,20.0
32820,0,0,0,2626.2900,-823.0000,70.4670,5.27600,20.0
32820,0,0,0,2627.4100,-323.0000,86.1500,3.22700,20.0
32820,0,0,0,2630.1100,980.2020,109.9710,2.08300,20.0
32820,0,0,0,2631.0000,60.8320,28.4030,0.68500,20.0
32820,0,0,0,2632.8600,388.8870,35.1110,2.08200,20.0
32820,0,0,0,2634.3500,-1071.0000,108.3560,4.79500,20.0
32820,0,0,0,2635.3300,51.6740,28.1140,5.33300,20.0
32820,0,0,0,2636.4600,144.2110,32.5060,0.82000,20.0
32820,0,0,0,2636.9800,1049.4800,103.1650,3.10900,20.0
32820,0,0,0,2637.9800,1191.9800,79.6420,3.71900,20.0
32820,0,0,0,2638.6600,892.3410,112.8880,0.66400,20.0
32820,0,0,0,2639.2000,254.4610,34.4080,1.23300,20.0
32820,0,0,0,2640.7100,1210.1300,70.9310,1.67000,20.0
32820,0,0,0,2641.5200,1067.6300,102.7710,2.69100,20.0
32820,0,0,0,2641.8300,1368.9300,2.2690,5.92300,20.0
32820,0,0,0,2643.2200,337.9240,28.7260,3.94000,20.0
32820,0,0,0,2644.9600,180.9610,29.8340,2.60800,20.0
32820,0,0,0,2645.2400,1061.5400,104.2900,1.75500,20.0
32820,0,0,0,2646.0100,404.8760,31.0070,5.40200,20.0
32820,0,0,0,2646.9200,-626.0000,106.9880,5.10200,20.0
32820,0,0,0,2647.2700,1153.6600,85.8550,5.86700,20.0
32820,0,0,0,2648.1100,-892.0000,65.3670,3.03000,20.0
32820,0,0,0,2649.4400,218.3110,32.5360,1.33000,20.0
32820,0,0,0,2650.4400,351.0580,28.9340,0.89000,20.0
32820,0,0,0,2655.8500,1314.3400,41.1190,5.31700,20.0
32820,0,0,0,2656.0300,950.0700,113.8640,0.64600,20.0
32820,0,0,0,2656.3000,533.6970,15.4850,1.33100,20.0
32820,0,0,0,2657.2900,-885.0000,68.3510,2.81800,20.0
32820,0,0,0,2659.7900,362.4770,28.3790,1.00000,20.0
32820,0,0,0,2660.5600,847.7250,109.7090,5.82600,20.0
32820,0,0,0,2667.8800,127.6520,32.4260,3.25700,20.0
32820,0,0,0,2672.6900,-887.0000,71.1830,2.83000,20.0
32820,0,0,0,2673.6900,256.8890,31.8650,3.88900,20.0
32820,0,0,0,2678.8700,311.5400,31.1200,4.25800,20.0
32820,0,0,0,2679.2100,1013.1300,108.3810,4.38400,20.0
32820,0,0,0,2679.7700,1032.6700,108.8210,5.30400,20.0
32820,0,0,0,2680.9300,812.0350,109.2820,3.86100,20.0
32820,0,0,0,2681.2300,861.8780,108.7540,5.77100,20.0
32820,0,0,0,2684.6600,443.2180,18.8170,2.51400,20.0
32820,0,0,0,2685.8000,8.1710,29.6880,2.30500,20.0
32820,0,0,0,2686.4600,221.0220,31.3640,0.67300,20.0
32820,0,0,0,2689.8100,7.5830,30.0240,5.37600,20.0
32820,0,0,0,2691.6500,944.4000,110.9200,2.27300,20.0
32820,0,0,0,2692.4300,530.9390,22.9420,2.97468,20.0
32820,0,0,0,2692.6200,884.5260,110.1920,5.77100,20.0
32820,0,0,0,2693.2200,97.3360,35.5770,4.42100,20.0
32820,0,0,0,2693.4500,492.4760,17.5070,3.08900,20.0
32820,0,0,0,2701.3100,-487.0000,107.7660,1.32200,20.0
32820,0,0,0,2702.7800,-269.0000,62.3240,0.48400,20.0
32820,0,0,0,2705.4100,379.3110,26.9300,1.55100,20.0
32820,0,0,0,2706.5700,407.4310,23.7540,1.20900,20.0
32820,0,0,0,2707.9200,-41.0000,28.5670,2.55000,20.0
32820,0,0,0,2708.1500,342.4020,29.2460,3.83500,20.0
32820,0,0,0,2710.1200,923.4810,112.4800,2.31000,20.0
32820,0,0,0,2712.5800,295.2870,31.1490,1.38300,20.0
32820,0,0,0,2712.7500,223.4100,33.2190,6.01500,20.0
32820,0,0,0,2715.0100,-343.0000,92.6500,1.78400,20.0
32820,0,0,0,2716.1400,-745.0000,135.2300,2.54400,20.0
32820,0,0,0,2716.8800,-688.0000,119.2680,4.11600,20.0
32820,0,0,0,2717.7100,780.4380,111.5830,5.33900,20.0
32820,0,0,0,2723.1500,842.9000,114.4370,3.65500,20.0
32820,0,0,0,2723.9200,-265.0000,60.1970,2.09200,20.0
32820,0,0,0,2727.3500,360.8370,27.1670,5.20000,20.0
32820,0,0,0,2728.2200,-47.0000,29.3170,6.11200,20.0
32820,0,0,0,2730.6000,122.1190,34.9440,3.63600,20.0
32820,0,0,0,2731.2500,140.3290,30.9190,3.19100,20.0
32820,0,0,0,2732.8400,-505.0000,103.0280,3.26000,20.0
32820,0,0,0,2733.1000,221.3690,34.8420,0.67000,20.0
32820,0,0,0,2737.2600,861.0330,115.4630,1.44300,20.0
32820,0,0,0,2738.6100,953.6380,109.8360,2.63200,20.0
32820,0,0,0,2739.9500,90.7150,34.1210,1.55400,20.0
32820,0,0,0,2741.6600,-229.0000,50.3510,0.80600,20.0
32820,0,0,0,2741.6900,-76.0000,31.5350,5.14800,20.0
32820,0,0,0,2744.3800,-790.0000,147.9060,2.75000,20.0
32820,0,0,0,2745.0300,238.5590,34.6760,3.89800,20.0
32820,0,0,0,2745.9800,782.2050,114.8430,1.21400,20.0
32820,0,0,0,2746.1700,313.7840,30.2830,5.06100,20.0
32820,0,0,0,2747.1900,-279.0000,64.4860,5.79300,20.0
32820,0,0,0,2748.5900,881.2640,114.5050,0.08700,20.0
32820,0,0,0,2749.4400,786.8910,114.3570,1.40800,20.0
32820,0,0,0,2750.0200,-531.0000,104.6260,2.79300,20.0
32820,0,0,0,2751.5700,-531.0000,104.4160,4.95100,20.0
32820,0,0,0,2753.3600,122.2840,29.1010,5.35700,20.0
32820,0,0,0,2754.1900,272.8930,28.3550,6.13000,20.0
32820,0,0,0,2754.9000,807.5620,113.1740,1.67600,20.0
32820,0,0,0,2756.8400,-691.0000,126.1440,5.15500,20.0
32820,0,0,0,2757.5400,-347.0000,78.8130,3.87900,20.0
32820,0,0,0,2758.2300,-162.0000,34.0310,5.08800,20.0
32820,0,0,0,2758.7500,79.8790,31.3550,0.57800,20.0
32820,0,0,0,2761.4300,-751.0000,135.3850,0.33500,20.0
32820,0,0,0,2763.1000,445.4590,20.5000,0.64800,20.0
32820,0,0,0,2763.1100,-334.0000,77.0890,4.66600,20.0
32820,0,0,0,2768.5300,-171.0000,36.5860,1.21300,20.0
32820,0,0,0,2769.6300,-337.0000,75.8810,5.69500,20.0
32820,0,0,0,2769.8300,869.4610,112.3990,5.78500,20.0
32820,0,0,0,2770.8400,-13.0000,34.1860,1.07800,20.0
32820,0,0,0,2771.1600,153.8720,30.7800,1.10800,20.0
32820,0,0,0,2771.4900,187.2970,31.7450,4.16800,20.0
32820,0,0,0,2775.0900,-749.0000,135.0390,2.59500,20.0
32820,0,0,0,2775.2500,-406.0000,82.0280,5.27500,20.0
32820,0,0,0,2777.9800,285.8610,31.8310,2.78300,20.0
32820,0,0,0,2778.1000,1026.3300,108.9030,4.34700,20.0
32820,0,0,0,2778.3800,-66.0000,34.1060,4.34700,20.0
32820,0,0,0,2779.7300,344.6930,26.6970,1.29700,20.0
32820,0,0,0,2780.2600,-419.0000,81.5040,3.05000,20.0
32820,0,0,0,2781.3000,348.4920,26.3900,3.79200,20.0
32820,0,0,0,2781.3200,78.4660,28.6910,4.85300,20.0
32820,0,0,0,2782.2100,1060.4500,110.4580,4.22300,20.0
32820,0,0,0,2782.2200,-748.0000,134.8740,4.87300,20.0
32820,0,0,0,2782.4600,975.4460,112.9930,3.09800,20.0
32820,0,0,0,2783.6500,1057.3400,110.3780,4.23400,20.0
32820,0,0,0,2783.8800,-770.0000,139.9200,6.14800,20.0
32820,0,0,0,2784.0700,416.3180,19.7100,1.46600,20.0
32820,0,0,0,2784.3000,42.9820,29.6130,0.99400,20.0
32820,0,0,0,2785.3000,20.6320,31.6250,1.38100,20.0
32820,0,0,0,2786.1600,800.1240,113.5990,5.46300,20.0
32820,0,0,0,2786.4900,996.7800,111.8980,5.65700,20.0
32820,0,0,0,2786.5300,237.0860,33.1540,0.56300,20.0
32820,0,0,0,2786.7800,1058.2700,110.6230,4.19700,20.0
32820,0,0,0,2787.2000,308.0440,30.5550,5.59600,20.0
32820,0,0,0,2788.7000,792.1280,115.0040,5.51300,20.0
32820,0,0,0,2789.8100,-31.0000,33.8660,3.21000,20.0
32820,0,0,0,2791.8100,-474.0000,101.6410,1.25700,20.0
32820,0,0,0,2799.5600,144.8210,21.5170,4.68200,20.0
32820,0,0,0,2801.7100,317.0160,27.3880,3.81200,20.0
32820,0,0,0,2802.3400,-106.0000,33.6450,2.44100,20.0
32820,0,0,0,2805.0200,314.9120,27.2490,0.70200,20.0
32820,0,0,0,2805.0600,1100.7200,86.0290,5.15700,20.0
32820,0,0,0,2805.3400,-679.0000,137.4380,3.97300,20.0
32820,0,0,0,2806.2100,745.6210,139.1870,1.84700,20.0
32820,0,0,0,2807.6200,49.2590,27.0980,6.24000,20.0
32820,0,0,0,2807.9500,-426.0000,80.4500,0.19100,20.0
32820,0,0,0,2809.3200,818.4120,112.8290,1.79800,20.0
32820,0,0,0,2809.3300,185.5040,29.0060,4.03500,20.0
32820,0,0,0,2810.2000,948.4420,118.0260,3.29900,20.0
32820,0,0,0,2810.2200,-311.0000,67.9370,2.45900,20.0
32820,0,0,0,2810.6000,142.1530,21.6160,1.07000,20.0
32820,0,0,0,2811.1400,-789.0000,144.8790,4.82300,20.0
32820,0,0,0,2811.3900,-790.0000,145.1050,2.53500,20.0
32820,0,0,0,2813.9400,831.3720,112.0910,6.10500,20.0
32820,0,0,0,2814.0900,1010.7400,115.8490,3.77700,20.0
32820,0,0,0,2814.3300,91.4720,25.4420,6.23000,20.0
32820,0,0,0,2814.4800,728.1670,139.5740,6.22000,20.0
32820,0,0,0,2814.6300,228.9670,30.8760,0.50500,20.0
32820,0,0,0,2815.5500,-19.0000,32.5900,0.67700,20.0
32820,0,0,0,2815.7400,182.7660,27.3290,3.47800,20.0
32820,0,0,0,2815.9500,-683.0000,137.6010,3.59500,20.0
32820,0,0,0,2817.3900,698.6190,145.7770,0.29764,20.0
32820,0,0,0,2817.4500,-381.0000,77.8100,0.86000,20.0
32820,0,0,0,2820.3100,-344.0000,75.4170,1.80800,20.0
32820,0,0,0,2821.1600,-649.0000,140.4160,1.73900,20.0
32820,0,0,0,2821.6600,-755.0000,146.6030,4.31100,20.0
32820,0,0,0,2821.8800,-87.0000,32.6340,4.85700,20.0
32820,0,0,0,2822.2100,487.1840,31.1260,3.70000,20.0
32820,0,0,0,2822.2200,948.4640,120.0060,0.06600,20.0
32820,0,0,0,2822.6300,-220.0000,47.6390,4.51000,20.0
32820,0,0,0,2822.8000,-646.0000,141.0840,0.83200,20.0
32820,0,0,0,2823.4800,701.0190,144.6990,3.56300,20.0
32820,0,0,0,2824.2100,286.9320,28.2960,0.21700,20.0
32820,0,0,0,2828.1500,-484.0000,99.0970,6.16400,20.0
32820,0,0,0,2828.3100,-713.0000,138.4380,3.05400,20.0
32820,0,0,0,2828.3100,-713.0000,138.6680,3.05400,20.0
32820,0,0,0,2833.2200,1020.8900,116.1230,5.98400,20.0
32820,0,0,0,2835.4600,-379.0000,77.2590,4.45500,20.0
32820,0,0,0,2839.4400,-226.0000,48.0600,5.98400,20.0
32820,0,0,0,2844.7000,850.5790,112.8020,0.55300,20.0
32820,0,0,0,2846.0500,-505.0000,107.5850,1.65000,20.0
32820,0,0,0,2847.0200,-14.0000,24.7190,2.77700,20.0
32820,0,0,0,2847.5800,238.8720,29.0280,2.16700,20.0
32820,0,0,0,2848.2400,-451.0000,77.6620,6.05500,20.0
32820,0,0,0,2848.2600,-653.0000,138.6980,3.63400,20.0
32820,0,0,0,2848.6900,346.6040,24.4450,0.52400,20.0
32820,0,0,0,2849.6200,205.1900,30.8380,4.13100,20.0
32820,0,0,0,2851.4300,-19.0000,23.5390,2.20800,20.0
32820,0,0,0,2852.8400,-649.0000,139.0240,2.44300,20.0
32820,0,0,0,2852.8700,1046.5000,114.8130,5.59300,20.0
32820,0,0,0,2853.9600,-182.0000,43.1640,5.03100,20.0
32820,0,0,0,2855.6100,427.8090,20.2190,1.46600,20.0
32820,0,0,0,2856.6300,948.7910,121.8610,6.16600,20.0
32820,0,0,0,2858.6200,-219.0000,50.5040,3.28300,20.0
32820,0,0,0,2858.6600,276.0000,29.3240,4.69200,20.0
32820,0,0,0,2858.7200,-512.0000,107.1630,3.52600,20.0
32820,0,0,0,2860.1600,-291.0000,56.5220,1.28800,20.0
32820,0,0,0,2860.1900,-490.0000,100.1040,0.33400,20.0
32820,0,0,0,2861.3200,288.3910,28.1720,6.22400,20.0
32820,0,0,0,2863.2000,1102.0200,116.5200,2.02800,20.0
32820,0,0,0,2864.1600,-82.0000,34.5200,1.69600,20.0
32820,0,0,0,2867.4500,-444.0000,76.9380,6.27900,20.0
32820,0,0,0,2868.9400,-314.0000,61.6220,5.24800,20.0
32820,0,0,0,2869.8300,351.0090,25.6770,2.21600,20.0
32820,0,0,0,2871.1600,-653.0000,137.7760,5.02700,20.0
32820,0,0,0,2872.2700,68.0960,7.3180,0.46800,20.0
32820,0,0,0,2873.0100,931.4920,120.3300,1.98000,20.0
32820,0,0,0,2873.2900,-643.0000,137.8390,4.57900,20.0
32820,0,0,0,2873.8800,385.1140,23.7800,2.82600,20.0
32820,0,0,0,2878.9700,755.9810,121.9070,1.75100,20.0
32820,0,0,0,2879.0000,-4.0000,19.0860,5.24300,20.0
32820,0,0,0,2880.2800,845.7640,112.4950,2.85500,20.0
32820,0,0,0,2883.8600,261.8450,24.9990,4.84200,20.0
32820,0,0,0,2885.8800,-253.0000,48.9620,1.16400,20.0
32820,0,0,0,2889.4600,-448.0000,80.3260,0.96800,20.0
32820,0,0,0,2889.5400,182.1610,7.8860,1.54600,20.0
32820,0,0,0,2892.3300,-533.0000,106.2850,3.91000,20.0
32820,0,0,0,2893.6000,53.0190,8.4340,4.64200,20.0
32820,0,0,0,2894.9100,-659.0000,138.3650,6.06600,20.0
32820,0,0,0,2896.5200,406.9910,25.1180,0.60400,20.0
32820,0,0,0,2896.5600,-538.0000,106.5660,3.24600,20.0
32820,0,0,0,2899.9400,388.9810,29.2110,3.12600,20.0
32820,0,0,0,2901.9600,102.8680,6.7630,1.78800,20.0
32820,0,0,0,2902.6300,385.3390,30.0950,3.07800,20.0
32820,0,0,0,2902.7900,379.4360,30.3280,2.98800,20.0
32820,0,0,0,2903.5500,-707.0000,154.5180,2.73600,20.0
32820,0,0,0,2904.6100,-626.0000,149.9250,2.94600,20.0
32820,0,0,0,2905.6300,851.3810,112.6850,6.20000,20.0
32820,0,0,0,2906.4000,-79.0000,23.8430,1.33900,20.0
32820,0,0,0,2907.7700,-710.0000,154.7680,3.28500,20.0
32820,0,0,0,2908.8000,916.2910,115.4370,1.75454,20.0
32820,0,0,0,2910.6100,801.0030,118.2310,2.66562,20.0
32820,0,0,0,2911.6700,-162.0000,33.8990,2.48300,20.0
32820,0,0,0,2912.3500,-760.0000,154.0670,1.06500,20.0
32820,0,0,0,2913.4400,-754.0000,153.9830,2.85500,20.0
32820,0,0,0,2916.2600,-83.0000,26.3830,4.80400,20.0
32820,0,0,0,2916.4400,149.2090,6.9260,3.96000,20.0
32820,0,0,0,2916.5500,1061.9800,100.8480,6.18200,20.0
32820,0,0,0,2917.8700,918.2330,115.6060,0.97700,20.0
32820,0,0,0,2918.5800,-440.0000,85.1550,4.49900,20.0
32820,0,0,0,2918.6000,1048.9100,100.8670,1.95600,20.0
32820,0,0,0,2919.3200,673.1260,110.0420,3.38400,20.0
32820,0,0,0,2920.1500,169.8120,5.1830,4.34300,20.0
32820,0,0,0,2921.0500,797.4610,116.6810,4.98800,20.0
32820,0,0,0,2923.1800,751.0200,107.6770,4.44900,20.0
32820,0,0,0,2924.2800,-415.0000,80.6770,3.12700,20.0
32820,0,0,0,2925.6800,953.2210,121.7430,4.32800,20.0
32820,0,0,0,2926.7600,658.5650,107.8500,1.55300,20.0
32820,0,0,0,2927.3100,319.1040,20.5400,0.61900,20.0
32820,0,0,0,2928.5300,696.4530,108.1880,1.70351,20.0
32820,0,0,0,2929.2000,89.2400,4.7170,5.70600,20.0
32820,0,0,0,2929.2500,666.8840,108.0870,1.67800,20.0
32820,0,0,0,2929.8800,788.1190,109.9450,0.70500,20.0
32820,0,0,0,2929.9300,-241.0000,35.9560,1.89400,20.0
32820,0,0,0,2931.4000,-730.0000,153.6350,4.36100,20.0
32820,0,0,0,2934.0900,263.4720,8.0850,6.26600,20.0
32820,0,0,0,2936.1100,-656.0000,148.5230,0.06800,20.0
32820,0,0,0,2936.9300,-237.0000,34.0050,0.05100,20.0
32820,0,0,0,2938.9400,601.2860,91.7991,0.43969,20.0
32820,0,0,0,2941.6900,102.4620,6.3110,6.05600,20.0
32820,0,0,0,2942.6300,-151.0000,26.0860,2.00200,20.0
32820,0,0,0,2943.6500,63.7310,6.2360,3.30800,20.0
32820,0,0,0,2944.2200,-625.0000,154.7030,2.80700,20.0
32820,0,0,0,2944.8800,562.7580,91.4010,2.81800,20.0
32820,0,0,0,2945.2600,971.5930,121.7850,1.88600,20.0
32820,0,0,0,2946.5900,181.7060,3.2370,3.68600,20.0
32820,0,0,0,2947.2700,-769.0000,154.1180,0.31000,20.0
32820,0,0,0,2947.3700,537.7340,95.8111,1.59355,20.0
32820,0,0,0,2947.8600,161.7260,4.9160,1.01800,20.0
32820,0,0,0,2947.9200,-652.0000,154.7730,5.65800,20.0
32820,0,0,0,2948.8300,-273.0000,27.4300,2.89700,20.0
32820,0,0,0,2953.5100,-717.0000,154.8580,2.90500,20.0
32820,0,0,0,2954.6400,315.1100,7.7770,1.49500,20.0
32820,0,0,0,2954.8100,1018.7900,103.1630,3.80700,20.0
32820,0,0,0,2956.0100,709.1200,105.9110,0.85500,20.0
32820,0,0,0,2956.1200,819.8630,101.7970,2.26700,20.0
32820,0,0,0,2967.5700,333.3070,8.1020,5.69000,20.0
32820,0,0,0,2968.3800,335.0470,8.0850,0.40100,20.0
32820,0,0,0,2969.3700,-292.0000,21.8710,4.81500,20.0
32820,0,0,0,2970.8100,274.3960,5.4390,4.33800,20.0
32820,0,0,0,2972.6200,-558.0000,111.9180,3.27700,20.0
32820,0,0,0,2974.0800,571.6100,94.6970,2.64600,20.0
32820,0,0,0,2974.7500,287.3100,4.2460,0.00100,20.0
32820,0,0,0,2978.0200,-540.0000,112.5390,3.73500,20.0
32820,0,0,0,2979.0200,1073.3400,85.6550,5.99000,20.0
32820,0,0,0,2979.2600,-17.0000,6.4610,2.41200,20.0
32820,0,0,0,2980.3700,-179.0000,18.6940,0.84000,20.0
32820,0,0,0,2981.0900,-307.0000,18.7620,0.87800,20.0
32820,0,0,0,2982.1800,601.3820,98.2531,2.72127,20.0
32820,0,0,0,2984.2300,918.1860,110.8320,5.33300,20.0
32820,0,0,0,2985.3400,978.4390,114.3230,6.25300,20.0
32820,0,0,0,2985.3500,-748.0000,157.9150,6.23100,20.0
32820,0,0,0,2986.5200,422.9340,19.4790,5.04200,20.0
32820,0,0,0,2990.1300,-66.0000,16.0910,4.71300,20.0
32820,0,0,0,2992.0500,698.9370,93.0510,5.16600,20.0
32820,0,0,0,2993.5100,640.4310,95.6329,3.82409,20.0
32820,0,0,0,2994.9500,383.6930,7.9010,5.36000,20.0
32820,0,0,0,3003.9100,-540.0000,115.8150,3.55300,20.0
32820,0,0,0,3004.7200,-494.0000,96.2240,1.05400,20.0
32820,0,0,0,3005.2600,804.1890,86.0700,3.82300,20.0
32820,0,0,0,3013.1200,367.3090,2.6250,3.23600,20.0
32820,0,0,0,3017.9200,-559.0000,118.9560,2.77700,20.0
32820,0,0,0,3019.2400,-345.0000,7.3870,2.22600,20.0
32820,0,0,0,3020.6000,705.7310,99.9982,3.81062,20.0
32820,0,0,0,3021.4200,-542.0000,119.4230,2.59800,20.0
32820,0,0,0,3022.3100,-143.0000,5.0120,2.79400,20.0
32820,0,0,0,3024.1100,652.8070,90.2530,5.44300,20.0
32820,0,0,0,3024.9300,-233.0000,7.3870,1.60000,20.0
32820,0,0,0,3026.0900,-249.0000,7.3870,4.48200,20.0
32820,0,0,0,3026.2500,-362.0000,4.4290,5.98600,20.0
32820,0,0,0,3027.0200,671.8360,90.4184,3.14605,20.0
32820,0,0,0,3027.1700,689.5000,65.9640,2.26400,20.0
32820,0,0,0,3028.9700,-179.0000,7.2840,4.56500,20.0
32820,0,0,0,3030.1900,-366.0000,2.7430,4.04900,20.0
32820,0,0,0,3032.9600,655.3870,75.3500,0.11400,20.0
32820,0,0,0,3033.1300,398.8020,0.9290,2.90600,20.0
32820,0,0,0,3038.0100,656.1000,75.3500,6.27500,20.0
32820,0,0,0,3040.6700,-31.0000,5.1430,5.69100,20.0
32820,0,0,0,3041.3000,660.5060,57.5060,2.14700,20.0
32820,0,0,0,3043.6400,684.0440,66.7350,4.72956,20.0
32820,0,0,0,3043.7900,657.2550,57.4230,1.61800,20.0
32820,0,0,0,3044.8100,671.0190,81.0471,4.74525,20.0
32820,0,0,0,3045.3100,417.4300,0.5670,5.65500,20.0
32820,0,0,0,3046.4500,11.1090,0.2340,4.48500,20.0
32820,0,0,0,3049.3200,661.1910,57.4230,1.82600,20.0
32820,0,0,0,3051.7100,-551.0000,126.5130,3.65100,20.0
32820,0,0,0,3052.1200,-566.0000,126.3970,2.45900,20.0
32820,0,0,0,3052.3600,426.2420,7.1030,4.06700,20.0
32820,0,0,0,3054.0200,-183.0000,1.9230,0.20200,20.0
32820,0,0,0,3056.7200,-559.0000,125.8420,2.51200,20.0
32820,0,0,0,3059.3800,655.8840,75.3527,3.07709,20.0
32820,0,0,0,3059.8600,691.6300,65.9640,1.09700,20.0
32820,0,0,0,3061.2800,-147.0000,-2.0000,2.92100,20.0
32820,0,0,0,3069.0000,-80.0000,0.5790,4.59000,20.0
32820,0,0,0,3076.7800,-562.0000,126.7210,2.86800,20.0
32820,0,0,0,3076.8400,-557.0000,126.8030,3.10800,20.0
32820,0,0,0,3076.9600,-562.5490,126.7210,3.01007,20.0
32820,0,0,0,3078.7500,-560.0000,126.7220,3.16500,20.0
32820,0,0,0,3088.7500,-10.0000,0.2350,2.42600,20.0
32820,0,0,0,3096.2600,-566.0000,126.8070,1.00600,20.0
32820,0,0,0,3102.0600,-553.0000,126.6270,0.17500,20.0
32820,0,0,0,3119.5200,-574.0000,128.9420,0.68100,20.0
32823,0,0,0,-12372.9000,156.4900,2.9497,0.00000,0.0
32823,0,0,0,-9440.1700,89.5000,57.3129,4.67748,0.0
32823,0,0,0,-9436.6500,97.3108,57.1632,0.00000,0.0
32823,0,0,0,-9423.0100,94.3663,57.4303,0.00000,0.0
32823,0,0,0,-9348.5000,-2270.7000,71.7254,0.00000,0.0
32823,0,0,0,-9125.1600,343.5950,94.2982,0.00000,0.0
32823,0,0,0,-9115.9200,334.3390,93.3733,1.27409,0.0
32823,0,0,0,-9106.7900,326.1980,93.4923,2.04204,0.0
32823,0,0,0,-7650.3300,-2140.3500,135.6220,0.00000,0.0
32823,0,0,0,-6702.5400,-2203.9100,249.0750,0.00000,0.0
32823,0,0,0,-5697.0400,-497.5160,396.7280,0.00000,0.0
32823,0,0,0,-5687.1900,-495.3350,396.3820,5.91667,0.0
32823,0,0,0,-5675.5500,-494.6320,396.5300,0.00000,0.0
32823,0,0,0,-5615.4400,-472.8390,397.1180,0.00000,0.0
32823,0,0,0,-5379.0000,-2881.0300,340.3030,0.00000,0.0
32823,0,0,0,-5093.8500,-796.4270,495.2100,0.05236,0.0
32823,0,0,0,-5083.2800,-797.2920,495.2970,1.76278,0.0
32823,0,0,0,-5072.6200,-797.6860,495.2100,1.04720,0.0
32823,0,0,0,-1020.4000,-3561.1400,56.9201,0.00000,0.0
32823,0,0,0,-607.1960,-4616.3100,10.0356,0.00000,0.0
32823,0,0,0,1785.8000,222.6790,59.5921,0.00000,0.0
32823,0,0,0,1786.5300,257.3070,59.5955,1.27409,0.0
32823,0,0,0,1827.8800,220.3230,60.7160,2.04204,0.0
32823,0,0,0,1827.9700,254.7260,59.8427,2.04204,0.0
32823,0,0,0,2246.0600,-5303.2700,82.2506,0.00000,0.0
32823,0,0,0,2292.4500,349.9510,34.3608,0.00000,0.0
32823,0,0,0,2293.9800,361.9720,34.3346,0.00000,0.0
32823,0,0,0,2294.8400,375.8820,34.4531,0.00000,0.0
32823,0,0,0,2302.4900,-5275.1500,81.9045,0.00000,0.0
32836,0,0,0,-9460.1700,26.0472,56.3399,5.44596,0.0
32836,0,0,0,-5604.8000,-527.2530,399.6590,2.43902,0.0
32837,0,0,0,2310.7300,296.8530,37.3108,4.44553,0.0
33068,0,0,0,-9506.0900,-372.5950,57.6330,5.55462,0.0
33996,0,0,0,2236.6100,297.8190,35.1893,5.49006,0.0
34238,0,0,0,2252.9000,319.8790,35.1892,0.23519,0.0
35169,0,0,0,2246.6900,329.0940,35.1892,5.59160,0.0
35244,0,0,0,1776.6900,227.5690,59.8571,0.05236,0.0
35244,0,0,0,1779.7100,249.8560,59.9255,1.37881,0.0
35244,0,0,0,1780.9900,264.3230,59.7177,5.35816,0.0
35244,0,0,0,1781.3800,257.1610,59.5828,4.59022,0.0
35244,0,0,0,1781.5800,230.7530,59.8896,5.86431,0.0
35244,0,0,0,1786.8000,208.7120,59.8241,1.16937,0.0
35244,0,0,0,1789.2200,213.6860,59.9723,4.18879,0.0
35244,0,0,0,1802.5500,215.5620,65.9556,1.65806,0.0
35244,0,0,0,1808.7600,215.5590,65.9556,1.62316,0.0
35244,0,0,0,1820.8700,261.9500,60.0683,0.10472,0.0
35244,0,0,0,1823.6100,218.8820,60.4760,1.29154,0.0
35244,0,0,0,1824.7900,210.5660,60.2041,0.22689,0.0
35244,0,0,0,1825.2700,257.4100,59.9535,1.93732,0.0
35244,0,0,0,1825.6700,249.7920,60.1263,0.48869,0.0
35244,0,0,0,1826.1200,263.0380,59.7778,3.42085,0.0
35244,0,0,0,1830.1100,221.4700,60.7924,2.63545,0.0
35244,0,0,0,1831.2900,213.1550,60.4589,3.64774,0.0
35244,0,0,0,1833.7900,247.5170,59.9253,2.02458,0.0
35244,0,0,0,1835.3700,257.9600,59.8749,4.04916,0.0
35247,0,0,0,-5166.6300,-874.4440,507.2130,0.83776,0.0
35247,0,0,0,-5162.0000,-863.6630,507.2820,4.83456,0.0
35247,0,0,0,-5157.5900,-864.2310,507.5030,3.99680,0.0
35247,0,0,0,-5154.4700,-866.9310,507.9000,3.42085,0.0
35248,0,0,0,-5167.7300,-870.4790,506.7500,0.27925,0.0
35248,0,0,0,-5165.8000,-866.6880,506.9000,5.82940,0.0
35248,0,0,0,-5162.4400,-877.1770,507.3540,1.43117,0.0
35248,0,0,0,-5157.1400,-875.7800,507.7670,2.07694,0.0
35248,0,0,0,-5153.8500,-872.1890,508.3020,2.77507,0.0
35249,0,0,0,-9350.7000,168.2520,61.6444,1.01229,0.0
35249,0,0,0,-9349.6600,175.8520,61.6412,0.48869,0.0
35249,0,0,0,-9348.5600,171.0800,61.6412,4.15388,0.0
35249,0,0,0,-9346.3400,177.3730,61.6412,3.56047,0.0
35249,0,0,0,-9343.9500,186.0890,61.6412,4.93928,0.0
35249,0,0,0,-9336.9600,174.1860,61.6484,0.73304,0.0
35249,0,0,0,-9332.0400,170.7070,61.7040,1.30900,0.0
35249,0,0,0,-9328.5600,163.6110,61.8954,2.54818,0.0
35249,0,0,0,-9328.5600,185.8890,62.8107,4.20624,0.0
35249,0,0,0,-9325.7100,167.4050,61.6692,2.94961,0.0
35249,0,0,0,-9324.3800,176.2570,61.7564,4.36332,0.0
35249,0,0,0,-9321.2900,172.7260,61.7033,4.06662,0.0
35365,0,0,0,-8420.9000,282.0680,120.9860,0.16292,0.0
35477,0,0,0,-8827.9800,515.4080,98.7826,6.00393,0.0
37214,0,0,0,-9489.8100,515.8350,55.6557,4.66113,0.0
37214,0,0,0,-9479.7900,528.5000,54.8443,5.59316,0.0
37214,0,0,0,-9468.0800,543.4580,54.0111,2.84258,0.0
37214,0,0,0,-9461.7400,495.6150,54.7051,5.60725,0.0
37214,0,0,0,-9440.9100,494.2660,53.2842,2.08658,0.0
37214,0,0,0,-9425.7600,524.4600,59.3753,6.28254,0.0
37214,0,0,0,-9424.8200,508.5760,57.2910,4.57425,0.0
37214,0,0,0,-9411.8800,490.5540,50.8087,2.38252,0.0
37887,0,0,0,-8864.0100,635.6460,96.0818,1.97249,0.0
37917,0,0,0,-109.3780,1122.5500,65.8380,0.73456,0.0
37917,0,0,0,-89.9340,1156.5500,63.4984,4.00253,0.0
37917,0,0,0,-81.5035,1142.0500,64.3736,1.69297,0.0
37917,0,0,0,-69.9479,1124.3000,65.8106,2.32129,0.0
37917,0,0,0,-42.2500,1171.0600,62.1666,2.68781,0.0
37917,0,0,0,-29.5972,1129.1400,66.6597,3.76991,0.0
37917,0,0,0,-21.8715,1150.5500,63.6521,2.58309,0.0
37917,0,0,0,-10.4444,1179.5300,62.3534,6.03884,0.0
38035,0,0,0,-9454.0900,522.8110,55.9014,0.00000,0.0
38035,0,0,0,-406.2830,163.5870,75.5320,0.00000,0.0
38035,0,0,0,-50.1858,1150.4000,66.0909,0.00000,0.0
38035,0,0,0,88.5833,-2477.9900,124.8400,0.00000,0.0
38041,0,0,0,-4915.4300,-979.5320,501.4480,2.31443,0.0
38045,0,0,0,1630.4800,236.0850,63.2574,0.38266,0.0
38340,0,0,0,-8911.1600,625.8340,99.5227,3.65088,0.0
38341,0,0,0,-8806.1500,664.6050,96.2000,1.56172,0.0
38342,0,0,0,-8754.0900,657.7780,105.0910,0.19905,0.0
39263,0,0,0,-5469.3500,-674.9460,392.5480,3.76991,0.0
39263,0,0,0,-5462.9400,-675.2730,392.8500,2.56563,0.0
39263,0,0,0,-5456.2600,-671.8510,393.0350,0.64577,0.0
39349,0,0,0,-5428.2900,-635.1670,394.5360,4.72984,0.0
39349,0,0,0,-5428.2000,-628.0230,394.8460,4.72984,0.0
39349,0,0,0,-5427.9900,-632.5570,394.6200,4.72984,0.0
39349,0,0,0,-5427.7900,-630.0750,394.7370,4.72984,0.0
39349,0,0,0,-5425.3600,-627.8120,395.0620,4.72984,0.0
39349,0,0,0,-5425.0800,-635.2950,394.4360,4.72984,0.0
39349,0,0,0,-5424.9300,-629.9250,394.9140,4.72984,0.0
39349,0,0,0,-5422.2800,-628.2450,395.1050,4.72984,0.0
39349,0,0,0,-5422.0500,-632.6670,394.7190,4.72984,0.0
39349,0,0,0,-5419.3800,-627.9200,395.0620,4.72984,0.0
39349,0,0,0,-5419.3200,-630.0310,394.8400,4.72984,0.0
39349,0,0,0,-5418.8500,-635.7010,394.3430,4.72984,0.0
39420,0,0,0,-5347.6700,647.5790,444.6260,3.16551,0.0
39420,0,0,0,-5303.1100,663.7930,448.8980,1.65362,0.0
39420,0,0,0,-5223.9500,624.7890,455.9770,1.55938,0.0
39420,0,0,0,-5158.0700,629.3490,466.2130,1.76354,0.0
39420,0,0,0,-5125.0300,595.1870,459.8850,0.83284,0.0
39420,0,0,0,-5019.3700,544.0600,472.7110,4.05297,0.0
39623,0,0,0,-4981.6600,-1256.7300,501.7700,1.43117,0.0
39623,0,0,0,-4981.4500,-1255.4600,501.7700,4.64258,0.0
39623,0,0,0,-4967.8300,-1275.9300,502.0530,3.57792,0.0
39623,0,0,0,-4916.4500,-1217.7100,501.7350,5.07891,0.0
39623,0,0,0,-4842.3900,-1245.9100,501.8540,5.39307,0.0
39623,0,0,0,-4842.0200,-1248.0100,501.8750,1.18682,0.0
39623,0,0,0,-4834.7100,-1245.8200,501.9090,4.57276,0.0
39623,0,0,0,-4815.4700,-1303.9400,501.9510,3.54302,0.0
39623,0,0,0,-4814.9500,-1287.9700,501.8680,1.43117,0.0
39623,0,0,0,-4814.4900,-1296.1000,501.9510,2.18166,0.0
39678,0,0,0,-5461.8300,-626.9580,393.6870,5.18363,0.0
39711,0,0,0,-5458.7000,-691.7170,397.3600,0.41888,0.0
39711,0,0,0,-5453.7100,-701.3040,397.9570,0.41888,0.0
39715,0,0,0,-5474.3400,-670.2730,392.7740,1.65806,0.0
39716,0,0,0,-5459.3300,-666.4500,392.8540,1.93732,0.0
39717,0,0,0,-5440.4100,-681.7290,395.9120,3.85718,0.0
