# kind,quest_id,creature_entry,display_id,x,y,z,orientation
giver,5,288,4325,-10731.4,337.138,38.4686,0.2883
giver,6,823,2072,-8947.64,-132.319,83.7199,3.33358
giver,7,197,1859,-8902.59,-162.606,82.0223,2.04204
giver,8,6784,5509,2126.65,1305.98,53.9885,2.83146
giver,9,233,1943,-10128.7,1055.21,36.4333,2.44346
giver,11,963,3279,-9662.75,694.321,36.9357,3.28122
giver,12,234,1690,-10508.8,1045.23,60.7013,1.95477
giver,13,234,1690,-10508.8,1045.23,60.7013,1.95477
giver,14,234,1690,-10508.8,1045.23,60.7013,1.95477
giver,15,197,1859,-8902.59,-162.606,82.0223,2.04204
giver,16,255,3324,-9918.6,39.3611,32.6858,3.14159
giver,18,823,2072,-8947.64,-132.319,83.7199,3.33358
giver,19,382,3454,-9284.03,-2298.16,67.5772,1.13446
giver,20,382,3454,-9284.03,-2298.16,67.5772,1.13446
giver,21,197,1859,-8902.59,-162.606,82.0223,2.04204
giver,22,235,1691,-10112.1,1042.1,37.5542,2.42601
giver,26,4217,2261,10179.0,2563.98,1340.13,1.22173
giver,27,3033,2106,-1039.41,-281.56,159.114,3.22886
giver,28,11802,11769,8020.0,-2678.74,524.532,5.88176
giver,29,11802,11769,8020.0,-2678.74,524.532,5.88176
giver,30,11799,11766,7874.23,-2224.18,469.159,3.57792
giver,31,11802,11769,8020.0,-2678.74,524.532,5.88176
giver,33,196,3251,-8869.22,-163.237,80.9719,0.959931
giver,34,342,1743,-9245.81,-2045.33,77.1861,5.23599
giver,35,240,1985,-9465.52,74.0069,56.7785,4.59022
giver,36,238,1692,-9853.05,919.542,30.4614,4.7822
giver,37,261,1984,-9610.23,-1032.05,41.3058,3.14159
giver,38,235,1691,-10112.1,1042.1,37.5542,2.42601
giver,39,261,1984,-9610.23,-1032.05,41.3058,3.14159
giver,40,241,3254,-9496.32,72.8264,56.598,6.23082
giver,46,261,1984,-9610.23,-1032.05,41.3058,3.14159
giver,47,241,3254,-9496.32,72.8264,56.598,6.23082
giver,52,261,1984,-9610.23,-1032.05,41.3058,3.14159
giver,54,197,1859,-8902.59,-162.606,82.0223,2.04204
giver,55,311,4327,-10329.9,623.241,26.8738,5.81832
giver,56,264,4322,-10560.8,-1153.7,28.0765,3.55585
giver,57,264,4322,-10560.8,-1153.7,28.0765,3.55585
giver,58,264,4322,-10560.8,-1153.7,28.0765,3.55585
giver,59,240,1985,-9465.52,74.0069,56.7785,4.59022
giver,60,253,5038,-9460.3,31.9389,57.0494,2.98451
giver,61,253,5038,-9460.3,31.9389,57.0494,2.98451
giver,62,240,1985,-9465.52,74.0069,56.7785,4.59022
giver,63,5901,4538,-1345.12,-4047.61,5.97224,4.34587
giver,64,237,1944,-9851.68,918.296,30.5143,4.64258
giver,65,234,1690,-10508.8,1045.23,60.7013,1.95477
giver,76,240,1985,-9465.52,74.0069,56.7785,4.59022
giver,83,278,3268,-9531.76,-1222.42,47.8379,5.35816
giver,84,246,3329,-9889.68,338.467,36.6486,2.75762
giver,85,246,3329,-9889.68,338.467,36.6486,2.75762
giver,86,247,221,-9923.68,38.3872,32.5951,3.14159
giver,87,247,221,-9923.68,38.3872,32.5951,3.14159
giver,88,244,3330,-9895.0,332.424,36.5505,2.11185
giver,89,341,1748,-9279.22,-2268.53,67.6306,5.25344
giver,90,272,1715,-10507.7,-1161.96,28.1995,4.57885
giver,91,900,5009,-9215.92,-2215.91,66.5231,1.78024
giver,92,343,3377,-9209.71,-2063.14,78.2817,3.54302
giver,93,272,1715,-10507.7,-1161.96,28.1995,4.57885
giver,94,313,3348,-9553.08,-728.152,99.2522,2.16421
giver,95,311,4327,-10329.9,623.241,26.8738,5.81832
giver,99,1938,1278,552.829,1593.87,130.219,1.31373
giver,100,7007,5767,430.385,1881.86,15.4168,5.13127
giver,101,265,4323,-10532.0,-1213.64,28.2175,0.150732
giver,102,821,2372,-10511.2,1041.84,60.7013,1.50098
giver,103,392,1279,-11407.1,1966.15,10.5123,3.14159
giver,104,392,1279,-11407.1,1966.15,10.5123,3.14159
giver,106,251,3323,-10014.0,37.605,35.2531,0.767945
giver,107,248,2959,-9880.63,322.619,37.8244,3.14159
giver,109,233,1943,-10128.7,1055.21,36.4333,2.44346
giver,111,252,3331,-9930.05,499.734,32.5204,3.14159
giver,112,253,5038,-9460.3,31.9389,57.0494,2.98451
giver,114,253,5038,-9460.3,31.9389,57.0494,2.98451
giver,115,382,3454,-9284.03,-2298.16,67.5772,1.13446
giver,116,346,3370,-9211.5,-2145.7,64.4372,3.62629
giver,117,239,3265,-11272.6,1455.03,89.6325,5.37561
giver,118,415,3358,-9259.44,-2243.22,64.0584,3.14159
giver,119,514,1288,-9456.65,87.8553,58.4271,2.40855
giver,120,344,1753,-9218.61,-2221.8,67.6227,1.5708
giver,121,466,1688,-8953.95,521.019,96.5399,3.83972
giver,122,415,3358,-9259.44,-2243.22,64.0584,3.14159
giver,124,415,3358,-9259.44,-2243.22,64.0584,3.14159
giver,125,341,1748,-9279.22,-2268.53,67.6306,5.25344
giver,126,415,3358,-9259.44,-2243.22,64.0584,3.14159
giver,127,381,3360,-9261.03,-2172.66,64.2033,1.27409
giver,128,903,3446,-9412.65,-2255.45,67.6043,3.735
giver,129,379,3367,-9218.02,-2148.62,64.3548,4.47915
giver,130,464,2150,-9609.64,-1902.4,59.8859,4.09018
giver,131,342,1743,-9245.81,-2045.33,77.1861,5.23599
giver,132,266,1741,-9231.59,-2145.62,71.3951,5.35816
giver,133,289,4328,-10283.0,74.4014,38.9313,2.02458
giver,134,289,4328,-10283.0,74.4014,38.9313,2.02458
giver,135,234,1690,-10508.8,1045.23,60.7013,1.95477
giver,141,332,1736,-8815.27,362.3,109.604,4.55531
giver,142,234,1690,-10508.8,1045.23,60.7013,1.95477
giver,143,344,1753,-9218.61,-2221.8,67.6227,1.5708
giver,144,234,1690,-10508.8,1045.23,60.7013,1.95477
giver,145,344,1753,-9218.61,-2221.8,67.6227,1.5708
giver,146,263,4321,-10552.2,-1108.79,31.5114,3.22886
giver,147,240,1985,-9465.52,74.0069,56.7785,4.59022
giver,148,289,4328,-10283.0,74.4014,38.9313,2.02458
giver,149,265,4323,-10532.0,-1213.64,28.2175,0.150732
giver,150,381,3360,-9261.03,-2172.66,64.2033,1.27409
giver,151,238,1692,-9853.05,919.542,30.4614,4.7822
giver,152,392,1279,-11407.1,1966.15,10.5123,3.14159
giver,153,878,2373,-10636.3,1127.26,33.8767,5.91667
giver,154,302,915,-10780.2,-1380.28,39.7193,0.113498
giver,155,467,2311,-10508.4,1068.0,55.2111,2.1293
giver,156,273,1731,-10517.4,-1158.66,28.1995,5.21853
giver,157,265,4323,-10532.0,-1213.64,28.2175,0.150732
giver,158,289,4328,-10283.0,74.4014,38.9313,2.02458
giver,159,273,1731,-10517.4,-1158.66,28.1995,5.21853
giver,160,289,4328,-10283.0,74.4014,38.9313,2.02458
giver,161,1093,1685,-4737.9,-3263.86,310.34,2.82743
giver,163,633,1571,-10593.1,-1200.6,28.4989,6.11116
giver,164,633,1571,-10593.1,-1200.6,28.4989,6.11116
giver,165,633,1571,-10593.1,-1200.6,28.4989,6.11116
giver,166,234,1690,-10508.8,1045.23,60.7013,1.95477
giver,167,656,2363,-8469.0,501.28,99.912,1.801
giver,168,656,2363,-8469.0,501.28,99.912,1.801
giver,170,713,1355,-6216.53,339.002,383.454,3.90954
giver,174,276,4326,-10581.1,-1321.31,50.3933,0.466017
giver,175,276,4326,-10581.1,-1321.31,50.3933,0.466017
giver,177,302,915,-10780.2,-1380.28,39.7193,0.113498
giver,179,658,1362,-6236.74,331.113,382.911,3.00197
giver,181,276,4326,-10581.1,-1321.31,50.3933,0.466017
giver,182,786,1354,-6363.0,567.085,385.851,2.47837
giver,183,714,1363,-6222.47,688.973,385.002,4.97419
giver,214,820,2374,-10504.8,1033.25,95.7958,4.43314
giver,217,1092,1630,-5842.82,-2634.58,323.051,6.03884
giver,218,786,1354,-6363.0,567.085,385.851,2.47837
giver,219,349,1826,-8756.77,-2187.12,139.975,2.96706
giver,220,5899,4536,-3617.51,-1776.77,135.658,3.54302
giver,224,1089,1628,-5832.74,-2602.53,314.068,0.191986
giver,226,893,4329,-10314.2,625.039,26.6238,0.854613
giver,233,658,1362,-6236.74,331.113,382.911,3.00197
giver,234,714,1363,-6222.47,688.973,385.002,4.97419
giver,235,10880,10186,1568.96,-4207.38,43.7314,2.88835
giver,237,1091,1625,-5893.03,-2642.99,311.015,1.88496
giver,239,240,1985,-9465.52,74.0069,56.7785,4.59022
giver,240,272,1715,-10507.7,-1161.96,28.1995,4.57885
giver,244,464,2150,-9609.64,-1902.4,59.8859,4.09018
giver,245,888,2384,-10923.2,-384.928,39.4344,0.942478
giver,246,1070,2151,-9443.69,-2238.0,70.6904,3.735
giver,247,12696,12970,2310.52,-2554.7,101.948,2.42601
giver,249,313,3348,-9553.08,-728.152,99.2522,2.16421
giver,250,1093,1685,-4737.9,-3263.86,310.34,2.82743
giver,251,263,4321,-10552.2,-1108.79,31.5114,3.22886
giver,252,268,4324,-10573.7,-1128.0,29.1669,3.47011
giver,253,263,4321,-10552.2,-1108.79,31.5114,3.22886
giver,255,1139,1597,-5305.5,-2948.04,334.277,4.95674
giver,257,1187,1356,-5691.63,-4296.11,407.828,5.72972
giver,258,1187,1356,-5691.63,-4296.11,407.828,5.72972
giver,262,311,4327,-10329.9,623.241,26.8738,5.81832
giver,263,1090,1629,-5858.19,-2641.15,309.157,3.05433
giver,264,5543,3371,-1033.71,215.326,110.899,3.24405
giver,265,265,4323,-10532.0,-1213.64,28.2175,0.150732
giver,266,267,1720,-10560.0,-1124.98,30.071,1.33736
giver,267,1092,1630,-5842.82,-2634.58,323.051,6.03884
giver,268,288,4325,-10731.4,337.138,38.4686,0.2883
giver,269,311,4327,-10329.9,623.241,26.8738,5.81832
giver,270,1212,5548,-8529.0,855.316,106.619,3.886
giver,271,1156,19826,-5667.48,-4248.17,407.194,4.67748
giver,272,11799,11766,7874.23,-2224.18,469.159,3.57792
giver,273,1105,1572,-5359.14,-3020.87,319.665,4.06662
giver,274,1073,1672,-2648.59,-2459.22,80.4825,0.401426
giver,275,1244,480,-3261.47,-2720.74,9.53705,5.38068
giver,276,1244,480,-3261.47,-2720.74,9.53705,5.38068
giver,277,1244,480,-3261.47,-2720.74,9.53705,5.38068
giver,278,1093,1685,-4737.9,-3263.86,310.34,2.82743
giver,279,1242,3461,-3761.23,-733.229,8.04967,1.36835
giver,280,1093,1685,-4737.9,-3263.86,310.34,2.82743
giver,281,1242,3461,-3761.23,-733.229,8.04967,1.36835
giver,282,786,1354,-6363.0,567.085,385.851,2.47837
giver,287,1252,1376,-5644.37,-499.163,396.752,1.79769
giver,291,1252,1376,-5644.37,-499.163,396.752,1.79769
giver,297,1345,3432,-5713.75,-3783.78,323.018,5.55015
giver,298,1344,3437,-5694.65,-3812.45,321.7,1.09956
giver,301,1105,1572,-5359.14,-3020.87,319.665,4.06662
giver,302,1356,3594,-4631.19,-1303.73,503.465,2.6529
giver,307,1343,1894,-4825.92,-2676.82,341.206,3.68265
giver,308,1373,3438,-5605.96,-544.451,392.53,0.977384
giver,309,1379,1417,-5764.81,-3433.93,305.89,5.3058
giver,310,1375,3405,-5372.03,315.428,394.444,4.57276
giver,312,1266,1683,-5573.01,99.3317,483.91,5.11381
giver,313,1377,5106,-5473.19,-641.798,393.3,0.174533
giver,314,1265,1651,-5513.78,-1304.71,404.609,3.50811
giver,315,1374,3398,-5378.4,315.291,394.289,4.46804
giver,317,1378,5105,-5466.53,-632.141,393.939,0.0
giver,318,1378,5105,-5466.53,-632.141,393.939,0.0
giver,319,1374,3398,-5378.4,315.291,394.289,4.46804
giver,320,1374,3398,-5378.4,315.291,394.289,4.46804
giver,321,1217,3460,-3818.05,-827.299,9.67523,5.91667
giver,322,1217,3460,-3818.05,-827.299,9.67523,5.91667
giver,323,311,4327,-10329.9,623.241,26.8738,5.81832
giver,325,1416,4998,-8387.0,685.202,95.356,2.286
giver,332,1432,5074,-8848.26,614.981,95.2698,5.11381
giver,333,1427,5551,-8782.9,640.188,97.4065,5.68977
giver,334,1428,5552,-8777.6,713.496,99.6172,0.593412
giver,343,1444,5549,-8623.24,766.655,97.4033,0.837758
giver,344,1440,5553,-8346.0,383.928,122.374,2.242
giver,345,951,3253,-8874.87,-186.332,82.1206,1.309
giver,346,951,3253,-8874.87,-186.332,82.1206,1.309
giver,347,341,1748,-9279.22,-2268.53,67.6306,5.25344
giver,350,332,1736,-8815.27,362.3,109.604,4.55531
giver,353,1416,4998,-8387.0,685.202,95.356,2.286
giver,354,1500,3516,2262.26,244.257,33.717,3.42085
giver,355,1500,3516,2262.26,244.257,33.717,3.42085
giver,356,1495,2858,2022.33,74.046,36.5297,0.0
giver,357,1498,4055,1766.27,66.6262,-46.2381,5.39307
giver,358,1499,3514,2305.91,265.164,38.7532,0.837758
giver,359,1499,3514,2305.91,265.164,38.7532,0.837758
giver,360,1495,2858,2022.33,74.046,36.5297,0.0
giver,362,1500,3516,2262.26,244.257,33.717,3.42085
giver,363,1568,1582,1671.89,1678.29,120.802,0.0349066
giver,364,1569,1584,1843.32,1639.9,97.8113,4.60767
giver,365,1519,1648,2205.75,1184.52,32.328,1.16937
giver,366,1498,4055,1766.27,66.6262,-46.2381,5.39307
giver,367,1518,1565,2259.04,347.048,36.1025,4.86947
giver,368,1518,1565,2259.04,347.048,36.1025,4.86947
giver,369,1518,1565,2259.04,347.048,36.1025,4.86947
giver,370,1515,1649,2278.08,295.587,35.3301,1.93731
giver,371,1515,1649,2278.08,295.587,35.3301,1.93731
giver,372,1515,1649,2278.08,295.587,35.3301,1.93731
giver,374,1652,1666,2270.7,279.998,35.3226,2.70526
giver,375,1521,3515,2249.06,236.785,41.2981,0.0
giver,376,1661,1593,1847.73,1638.65,97.0169,4.15388
giver,380,1570,1583,1848.82,1580.47,94.7451,1.79769
giver,381,1570,1583,1848.82,1580.47,94.7451,1.79769
giver,382,1570,1583,1848.82,1580.47,94.7451,1.79769
giver,383,1570,1583,1848.82,1580.47,94.7451,1.79769
giver,384,1267,1684,-5596.21,-504.132,400.714,2.44346
giver,385,1154,1596,-5621.8,-4248.88,408.011,4.34587
giver,389,1646,1357,-8550.24,719.661,101.802,2.53073
giver,391,1719,1865,-8799.57,828.396,97.754,0.968697
giver,392,1719,1865,-8799.57,828.396,97.754,0.968697
giver,393,1646,1357,-8550.24,719.661,101.802,2.53073
giver,394,482,3246,-8854.12,575.652,101.15,4.11898
giver,395,332,1736,-8815.27,362.3,109.604,4.55531
giver,396,1646,1357,-8550.24,719.661,101.802,2.53073
giver,399,1646,1357,-8550.24,719.661,101.802,2.53073
giver,400,1872,3415,-5573.78,-464.455,402.145,3.9968
giver,401,268,4324,-10573.7,-1128.0,29.1669,3.47011
giver,404,1496,2855,2287.66,403.372,34.0048,3.10669
giver,405,1499,3514,2305.91,265.164,38.7532,0.837758
giver,407,1518,1565,2259.04,347.048,36.1025,4.86947
giver,408,1499,3514,2305.91,265.164,38.7532,0.837758
giver,409,1497,3518,2574.63,-48.2606,33.7965,2.39245
giver,411,1497,3518,2574.63,-48.2606,33.7965,2.39245
giver,412,1269,3440,-5497.94,-455.835,395.438,5.63683
giver,413,1374,3398,-5378.4,315.291,394.289,4.46804
giver,414,1959,1891,-5479.75,-2447.09,400.675,3.54302
giver,415,1872,3415,-5573.78,-464.455,402.145,3.9968
giver,416,1340,1892,-5365.12,-2938.79,326.76,2.33269
giver,418,1963,1404,-5394.1,-2954.41,322.141,0.349066
giver,419,1960,5131,-5163.74,-2329.58,400.675,1.46608
giver,420,1965,1567,-6235.87,152.989,428.399,2.04204
giver,421,1938,1278,552.829,1593.87,130.219,1.31373
giver,422,1938,1278,552.829,1593.87,130.219,1.31373
giver,423,1938,1278,552.829,1593.87,130.219,1.31373
giver,424,1938,1278,552.829,1593.87,130.219,1.31373
giver,425,1950,3540,1290.69,1204.7,52.8049,2.98451
giver,426,1496,2855,2287.66,403.372,34.0048,3.10669
giver,427,1515,1649,2278.08,295.587,35.3301,1.93731
giver,428,1952,3545,522.449,1626.15,104.997,1.48353
giver,429,1950,3540,1290.69,1204.7,52.8049,2.98451
giver,430,1937,1661,522.449,1652.3,125.843,4.86947
giver,432,1254,1569,-5726.58,-1600.29,386.084,3.33358
giver,433,1977,1570,-5714.72,-1580.0,383.288,1.0472
giver,434,7766,6632,-8409.0,450.793,123.76,2.185
giver,435,1978,2684,1409.68,1090.26,53.7694,5.95157
giver,436,1105,1572,-5359.14,-3020.87,319.665,4.06662
giver,437,1952,3545,522.449,1626.15,104.997,1.48353
giver,438,1952,3545,522.449,1626.15,104.997,1.48353
giver,440,1952,3545,522.449,1626.15,104.997,1.48353
giver,441,1499,3514,2305.91,265.164,38.7532,0.837758
giver,442,1952,3545,522.449,1626.15,104.997,1.48353
giver,443,1952,3545,522.449,1626.15,104.997,1.48353
giver,444,1937,1661,522.449,1652.3,125.843,4.86947
giver,445,1518,1565,2259.04,347.048,36.1025,4.86947
giver,446,1498,4055,1766.27,66.6262,-46.2381,5.39307
giver,447,1937,1661,522.449,1652.3,125.843,4.86947
giver,448,1937,1661,522.449,1652.3,125.843,4.86947
giver,449,1950,3540,1290.69,1204.7,52.8049,2.98451
giver,450,2055,1680,1434.48,404.854,-85.1753,2.26893
giver,451,1937,1661,522.449,1652.3,125.843,4.86947
giver,452,2058,1679,-416.182,1496.91,19.8534,0.314159
giver,453,273,1731,-10517.4,-1158.66,28.1995,5.21853
giver,454,2057,1416,-5762.77,-3433.36,305.765,5.3058
giver,455,1342,1893,-4678.5,-2695.41,319.614,4.06662
giver,456,2079,1285,10314.0,829.83,1326.48,2.54818
giver,457,2079,1285,10314.0,829.83,1326.48,2.54818
giver,458,2077,4237,10389.8,763.477,1320.33,3.97935
giver,459,1992,10034,10296.9,870.227,1335.91,5.96477
giver,463,1239,1699,-3792.5,-840.038,9.90435,0.969448
giver,466,1377,5106,-5473.19,-641.798,393.3,0.174533
giver,467,1340,1892,-5365.12,-2938.79,326.76,2.33269
giver,468,1340,1892,-5365.12,-2938.79,326.76,2.33269
giver,469,2093,1409,-3232.96,-2453.78,15.471,3.82227
giver,470,2111,1407,-3746.29,-877.423,10.1325,1.18682
giver,471,2094,1408,-3684.2,-743.032,10.2493,5.06965
giver,475,2078,1896,9887.53,965.54,1313.9,3.66519
giver,476,2107,1854,9845.15,440.93,1317.27,3.15905
giver,477,2121,1948,520.624,1602.92,126.53,1.50098
giver,479,2121,1948,520.624,1602.92,126.53,1.50098
giver,480,2121,1948,520.624,1602.92,126.53,1.50098
giver,481,2121,1948,520.624,1602.92,126.53,1.50098
giver,482,1938,1278,552.829,1593.87,130.219,1.31373
giver,483,2078,1896,9887.53,965.54,1313.9,3.66519
giver,484,2094,1408,-3684.2,-743.032,10.2493,5.06965
giver,486,2078,1896,9887.53,965.54,1313.9,3.66519
giver,487,2151,1681,9852.4,972.153,1305.5,1.16423
giver,488,2150,10035,9920.41,735.951,1313.98,0.99163
giver,489,2081,1682,9811.15,963.279,1308.87,5.68977
giver,492,1518,1565,2259.04,347.048,36.1025,4.86947
giver,493,1937,1661,522.449,1652.3,125.843,4.86947
giver,494,2214,2863,-611.302,401.456,83.1437,0.401426
giver,496,2216,1660,-6.60232,-899.436,57.6278,0.191986
giver,498,2229,3685,-40.6782,-956.998,56.2796,2.05949
giver,499,2216,1660,-6.60232,-899.436,57.6278,0.191986
giver,516,2121,1948,520.624,1602.92,126.53,1.50098
giver,526,1217,3460,-3818.05,-827.299,9.67523,5.91667
giver,527,2215,1645,-33.3555,-927.892,54.5261,1.54421
giver,528,2215,1645,-33.3555,-927.892,54.5261,1.54421
giver,529,2215,1645,-33.3555,-927.892,54.5261,1.54421
giver,530,2050,4011,1604.32,278.268,-55.2596,3.61283
giver,531,1187,1356,-5691.63,-4296.11,407.828,5.72972
giver,532,2215,1645,-33.3555,-927.892,54.5261,1.54421
giver,538,1440,5553,-8346.0,383.928,122.374,2.242
giver,539,2215,1645,-33.3555,-927.892,54.5261,1.54421
giver,540,2277,3702,-817.945,-551.606,15.4026,1.79769
giver,541,2215,1645,-33.3555,-927.892,54.5261,1.54421
giver,542,2277,3702,-817.945,-551.606,15.4026,1.79769
giver,546,2418,1646,-20.3249,-920.868,55.449,6.14526
giver,579,2504,1573,-8347.0,418.2,122.374,0.634
giver,590,6784,5509,2126.65,1305.98,53.9885,2.83146
giver,593,2530,4663,-13650.9,-268.997,8.30007,2.29079
giver,729,2913,1286,6506.35,489.304,6.8245,4.31096
giver,730,2912,1665,9641.92,2607.69,1337.38,0.017453
giver,731,2917,1277,4678.63,601.614,18.4972,2.21657
giver,741,2913,1286,6506.35,489.304,6.8245,4.31096
giver,742,10881,10188,-1231.21,136.75,133.132,3.44483
giver,743,2985,3822,-2397.07,-384.831,-2.19496,5.72468
giver,744,2987,4516,-1264.42,123.301,131.731,3.08923
giver,745,2993,3792,-2333.54,-393.073,-7.92932,3.90954
giver,746,2993,3792,-2333.54,-393.073,-7.92932,3.90954
giver,747,2980,3808,-2912.7,-257.54,53.0241,3.1765
giver,748,2948,3826,-2341.4,-445.449,-6.4173,2.94961
giver,749,2988,1624,-2369.16,-876.936,-9.42208,4.55148
giver,750,2980,3808,-2912.7,-257.54,53.0241,3.1765
giver,752,2981,3809,-2877.95,-221.83,54.9039,4.34587
giver,753,2991,3841,-3052.54,-522.498,27.0143,0.977384
giver,754,2948,3826,-2341.4,-445.449,-6.4173,2.94961
giver,755,2981,3809,-2877.95,-221.83,54.9039,4.34587
giver,756,2948,3826,-2341.4,-445.449,-6.4173,2.94961
giver,757,2982,3813,-3430.31,-139.28,103.16,0.715585
giver,758,2948,3826,-2341.4,-445.449,-6.4173,2.94961
giver,759,2948,3826,-2341.4,-445.449,-6.4173,2.94961
giver,760,2948,3826,-2341.4,-445.449,-6.4173,2.94961
giver,761,2947,3821,-2304.79,-454.809,-5.35507,1.79769
giver,763,2981,3809,-2877.95,-221.83,54.9039,4.34587
giver,764,2988,1624,-2369.16,-876.936,-9.42208,4.55148
giver,765,2988,1624,-2369.16,-876.936,-9.42208,4.55148
giver,766,3055,1678,-2227.54,-365.72,-9.27941,4.86947
giver,767,2993,3792,-2333.54,-393.073,-7.92932,3.90954
giver,768,3050,4517,-1161.03,53.3542,145.878,1.27409
giver,769,3050,4517,-1161.03,53.3542,145.878,1.27409
giver,771,3054,3814,-2243.48,-405.843,-9.34157,1.3439
giver,772,3054,3814,-2243.48,-405.843,-9.34157,1.3439
giver,773,2984,3815,-1508.91,367.215,62.8244,4.45059
giver,775,2994,3824,-992.732,-1109.12,44.4989,2.84489
giver,776,3057,4307,-1209.64,-112.698,163.882,1.5708
giver,780,2980,3808,-2912.7,-257.54,53.0241,3.1765
giver,783,823,2072,-8947.64,-132.319,83.7199,3.33358
giver,784,3139,3736,274.988,-4709.3,17.5719,5.67232
giver,786,3140,4070,-774.774,-4830.36,19.8326,1.29704
giver,787,3144,1619,1905.75,-4161.37,41.2471,0.488692
giver,788,3143,1653,-600.132,-4186.19,41.2663,4.15388
giver,789,3143,1653,-600.132,-4186.19,41.2663,4.15388
giver,790,3287,2025,-397.761,-4108.99,50.2876,1.41372
giver,791,3147,1275,384.743,-4600.13,76.1716,3.89208
giver,792,3145,1875,-629.052,-4228.06,38.2334,5.0091
giver,794,3145,1875,-629.052,-4228.06,38.2334,5.0091
giver,804,3287,2025,-397.761,-4108.99,50.2876,1.41372
giver,805,3145,1875,-629.052,-4228.06,38.2334,5.0091
giver,806,3142,1877,287.265,-4724.88,13.2142,5.2709
giver,808,3188,4072,-825.636,-4920.76,19.7409,0.261799
giver,809,3216,3754,1800.66,-4374.51,-17.1039,4.57276
giver,812,3190,4075,1279.03,-4188.68,28.0245,3.52557
giver,813,3189,4073,1772.72,-4343.18,-7.57187,0.715585
giver,815,3191,3751,312.099,-4664.95,16.4254,4.17134
giver,816,3193,3750,742.385,-4241.65,18.762,2.75762
giver,817,3194,4074,-797.523,-4921.17,22.9571,2.26893
giver,818,3304,4086,-813.994,-4920.57,19.4341,2.94961
giver,821,3292,3851,-981.24,-3686.49,9.50553,4.86947
giver,822,3292,3851,-981.24,-3686.49,9.50553,4.86947
giver,823,3188,4072,-825.636,-4920.76,19.7409,0.261799
giver,825,3139,3736,274.988,-4709.3,17.5719,5.67232
giver,826,3188,4072,-825.636,-4920.76,19.7409,0.261799
giver,827,3208,3752,1102.09,-4945.36,15.6857,2.35619
giver,828,3142,1877,287.265,-4724.88,13.2142,5.2709
giver,829,3208,3752,1102.09,-4945.36,15.6857,2.35619
giver,831,3139,3736,274.988,-4709.3,17.5719,5.67232
giver,833,3233,3817,-1150.41,-1027.37,3.57968,5.70723
giver,834,3293,7129,999.763,-4414.4,14.4718,5.42797
giver,835,3293,7129,999.763,-4414.4,14.4718,5.42797
giver,837,3139,3736,274.988,-4709.3,17.5719,5.67232
giver,840,3336,3884,271.805,-4650.83,11.7894,4.81711
giver,842,3337,3852,303.432,-3686.16,27.1502,5.09636
giver,843,3341,3844,-3589.96,-2027.71,91.7917,5.78916
giver,844,3338,3850,-482.475,-2670.19,97.522,0.733038
giver,845,3338,3850,-482.475,-2670.19,97.522,0.733038
giver,846,3341,3844,-3589.96,-2027.71,91.7917,5.78916
giver,848,3390,1965,-424.542,-2589.88,95.9052,6.23082
giver,849,3341,3844,-3589.96,-2027.71,91.7917,5.78916
giver,850,3389,3847,-307.136,-1971.95,96.48,4.64258
giver,851,3389,3847,-307.136,-1971.95,96.48,4.64258
giver,852,3389,3847,-307.136,-1971.95,96.48,4.64258
giver,853,3390,1965,-424.542,-2589.88,95.9052,6.23082
giver,854,3418,3818,-2347.39,-1925.27,95.8728,2.6529
giver,855,3389,3847,-307.136,-1971.95,96.48,4.64258
giver,858,3439,11912,1109.15,-3104.11,82.4108,2.86234
giver,860,3441,4520,-1413.06,-125.633,159.018,0.890118
giver,861,3052,3823,-2335.79,-354.018,-8.70432,5.0091
giver,862,3443,3857,-534.982,-2982.22,93.0775,1.3439
giver,863,3439,11912,1109.15,-3104.11,82.4108,2.86234
giver,865,3446,7034,-928.982,-3697.23,8.06642,3.08923
giver,866,3446,7034,-928.982,-3697.23,8.06642,3.08923
giver,867,3449,3849,-474.894,-2607.74,127.885,5.74213
giver,868,3428,4092,-389.282,-2552.14,98.9925,5.37561
giver,869,3464,3846,-435.952,-2639.21,96.3588,3.35103
giver,870,3448,3914,-544.992,-2672.77,95.8709,1.16937
giver,871,3429,3856,-473.202,-2595.7,103.806,5.67232
giver,872,3429,3856,-473.202,-2595.7,103.806,5.67232
giver,873,3388,3848,-1350.74,-4048.38,6.23952,5.3058
giver,874,3387,3845,-2382.81,-1922.69,95.8663,0.017453
giver,875,3449,3849,-474.894,-2607.74,127.885,5.74213
giver,876,3449,3849,-474.894,-2607.74,127.885,5.74213
giver,877,3448,3914,-544.992,-2672.77,95.8709,1.16937
giver,878,3430,1346,-2391.57,-1891.09,95.7874,5.44543
giver,879,3430,1346,-2391.57,-1891.09,95.7874,5.44543
giver,880,3448,3914,-544.992,-2672.77,95.8709,1.16937
giver,881,3338,3850,-482.475,-2670.19,97.522,0.733038
giver,882,3387,3845,-2382.81,-1922.69,95.8663,0.017453
giver,886,5769,4519,-1048.74,-303.954,159.114,1.8675
giver,887,3391,7052,-835.563,-3728.66,26.3746,3.21141
giver,888,3391,7052,-835.563,-3728.66,26.3746,3.21141
giver,889,3430,1346,-2391.57,-1891.09,95.7874,5.44543
giver,890,3391,7052,-835.563,-3728.66,26.3746,3.21141
giver,891,3339,19801,-1024.59,-3688.91,23.1962,2.26893
giver,892,3453,7053,-985.599,-3796.71,5.20934,0.244346
giver,893,3433,3858,-2284.69,-1947.39,96.0461,2.72271
giver,894,3442,7054,-902.036,-3759.4,11.6138,1.309
giver,896,3453,7053,-985.599,-3796.71,5.20934,0.244346
giver,898,3465,19805,-2100.96,-3656.17,61.9386,0.942478
giver,899,3432,3855,-520.983,-2641.41,95.8708,4.43314
giver,903,3338,3850,-482.475,-2670.19,97.522,0.733038
giver,905,3338,3850,-482.475,-2670.19,97.522,0.733038
giver,906,3430,1346,-2391.57,-1891.09,95.7874,5.44543
giver,907,3387,3845,-2382.81,-1922.69,95.8663,0.017453
giver,913,3387,3845,-2382.81,-1922.69,95.8663,0.017453
giver,914,5770,4513,-1069.95,-272.894,159.114,6.21337
giver,916,2082,2458,10417.7,871.194,1319.49,3.50811
giver,917,2082,2458,10417.7,871.194,1319.49,3.50811
giver,918,2080,2484,9506.92,713.766,1255.99,0.279253
giver,919,2080,2484,9506.92,713.766,1255.99,0.279253
giver,920,2082,2458,10417.7,871.194,1319.49,3.50811
giver,921,3514,1527,10492.5,807.28,1397.35,5.55015
giver,922,2080,2484,9506.92,713.766,1255.99,0.279253
giver,923,3517,5071,10085.6,2534.25,1317.64,4.60767
giver,924,3521,3887,256.258,-3693.95,26.4771,5.3058
giver,928,3514,1527,10492.5,807.28,1397.35,5.55015
giver,929,3515,1528,9736.91,956.063,1294.19,6.21337
giver,932,3567,2686,9898.59,984.968,1354.89,1.22173
giver,933,3515,1528,9736.91,956.063,1294.19,6.21337
giver,935,3515,1528,9736.91,956.063,1294.19,6.21337
giver,937,3519,1543,10665.1,1863.57,1324.51,2.86234
giver,938,3568,599,10758.4,2208.9,1331.64,4.2237
giver,940,3519,1543,10665.1,1863.57,1324.51,2.86234
giver,941,2080,2484,9506.92,713.766,1255.99,0.279253
giver,942,2912,1665,9641.92,2607.69,1337.38,0.017453
giver,943,2911,1650,-3813.62,-837.888,17.1641,1.43117
giver,944,3616,1455,5002.01,88.8183,52.7788,1.74533
giver,945,3584,2723,4519.74,410.481,33.8577,2.48947
giver,947,3583,4414,6427.71,497.148,8.10494,4.74729
giver,948,3583,4414,6427.71,497.148,8.10494,4.74729
giver,951,3616,1455,5002.01,88.8183,52.7788,1.74533
giver,952,3516,1542,10173.0,2569.92,1366.96,5.17417
giver,953,3639,1750,5725.03,301.931,21.0405,2.46091
giver,954,3649,1770,6580.97,492.292,8.31743,0.331613
giver,955,3650,1771,6748.64,48.6158,48.7179,4.2586
giver,956,3650,1771,6748.64,48.6158,48.7179,4.2586
giver,957,3650,1771,6748.64,48.6158,48.7179,4.2586
giver,958,3649,1770,6580.97,492.292,8.31743,0.331613
giver,959,3665,7051,-928.34,-3769.83,6.39278,2.47837
giver,961,3616,1455,5002.01,88.8183,52.7788,1.74533
giver,962,3419,1814,-995.383,278.552,111.994,4.55531
giver,963,3644,1757,6424.76,600.451,9.65306,0.690706
giver,965,3657,2529,6431.5,384.179,23.4134,1.98968
giver,966,3661,2530,7246.63,-658.966,34.622,1.76278
giver,967,3661,2530,7246.63,-658.966,34.622,1.76278
giver,970,3663,2531,3185.46,189.38,4.7517,0.471239
giver,971,2786,3599,-4598.87,-1115.45,505.022,1.76278
giver,972,5901,4538,-1345.12,-4047.61,5.97224,4.34587
giver,973,3663,2531,3185.46,189.38,4.7517,0.471239
giver,976,4484,2594,3178.51,188.551,3.94626,0.523599
giver,981,3661,2530,7246.63,-658.966,34.622,1.76278
giver,982,6301,5023,6535.77,445.551,7.12758,4.36332
giver,983,3666,4474,6406.11,519.815,23.9674,0.436332
giver,984,3693,1956,6434.59,362.807,14.0243,1.09956
giver,985,3693,1956,6434.59,362.807,14.0243,1.09956
giver,986,3693,1956,6434.59,362.807,14.0243,1.09956
giver,991,3691,1980,2767.16,-411.611,111.466,2.09439
giver,993,3693,1956,6434.59,362.807,14.0243,1.09956
giver,994,3692,1899,4608.44,-6.32595,69.7473,1.85005
giver,995,3692,1899,4608.44,-6.32595,69.7473,1.85005
giver,997,2083,2459,9872.26,959.278,1308.15,5.18363
giver,1007,3846,4173,3470.04,847.092,5.45882,1.22173
giver,1008,3845,4126,2795.75,-299.374,107.183,1.71042
giver,1009,3846,4173,3470.04,847.092,5.45882,1.22173
giver,1010,3847,4180,3189.6,175.47,4.68551,0.244346
giver,1013,2934,5751,1529.36,357.607,-61.4169,4.99164
giver,1014,1938,1278,552.829,1593.87,130.219,1.31373
giver,1016,3885,2867,2089.5,-1171.56,101.876,2.54818
giver,1017,3885,2867,2089.5,-1171.56,101.876,2.54818
giver,1020,3847,4180,3189.6,175.47,4.68551,0.244346
giver,1023,3891,1983,3045.78,528.706,4.94823,1.95477
giver,1024,3691,1980,2767.16,-411.611,111.466,2.09439
giver,1025,3691,1980,2767.16,-411.611,111.466,2.09439
giver,1026,3916,2721,2896.49,-1387.24,208.145,5.70683
giver,1027,3916,2721,2896.49,-1387.24,208.145,5.70683
giver,1028,3916,2721,2896.49,-1387.24,208.145,5.70683
giver,1029,3916,2721,2896.49,-1387.24,208.145,5.70683
giver,1030,3691,1980,2767.16,-411.611,111.466,2.09439
giver,1033,3894,4169,2682.14,-454.808,109.333,1.88496
giver,1034,3894,4169,2682.14,-454.808,109.333,1.88496
giver,1035,3894,4169,2682.14,-454.808,109.333,1.88496
giver,1045,3897,1010,1787.09,-1231.98,150.916,5.28835
giver,1046,3897,1010,1787.09,-1231.98,150.916,5.28835
giver,1054,3691,1980,2767.16,-411.611,111.466,2.09439
giver,1056,3996,4172,2785.48,-362.46,107.42,2.60054
giver,1057,3994,150,2652.91,1433.92,226.773,3.94444
giver,1058,3995,4104,-272.48,-394.084,17.2051,6.19592
giver,1059,3994,150,2652.91,1433.92,226.773,3.94444
giver,1060,3449,3849,-474.894,-2607.74,127.885,5.74213
giver,1061,4047,4514,1914.65,-4226.58,42.4225,0.663225
giver,1062,4049,3897,-270.0,-951.0,14.372,5.552
giver,1063,4049,3897,-270.0,-951.0,14.372,5.552
giver,1064,4046,4510,-1065.08,-212.398,159.114,4.95674
giver,1065,3419,1814,-995.383,278.552,111.994,4.55531
giver,1066,2216,1660,-6.60232,-899.436,57.6278,0.191986
giver,1067,2216,1660,-6.60232,-899.436,57.6278,0.191986
giver,1068,4049,3897,-270.0,-951.0,14.372,5.552
giver,1069,3446,7034,-928.982,-3697.23,8.06642,3.08923
giver,1070,4079,2182,2758.97,-312.097,110.88,5.16617
giver,1071,4077,2180,730.224,339.513,64.4819,0.890118
giver,1072,4077,2180,730.224,339.513,64.4819,0.890118
giver,1073,4081,2184,-4842.96,-1283.51,501.951,1.55334
giver,1074,4081,2184,-4842.96,-1283.51,501.951,1.55334
giver,1075,4077,2180,730.224,339.513,64.4819,0.890118
giver,1076,4078,2181,-8999.45,801.736,105.47,6.03884
giver,1077,4078,2181,-8999.45,801.736,105.47,6.03884
giver,1078,4078,2181,-8999.45,801.736,105.47,6.03884
giver,1079,4077,2180,730.224,339.513,64.4819,0.890118
giver,1080,4077,2180,730.224,339.513,64.4819,0.890118
giver,1081,4079,2182,2758.97,-312.097,110.88,5.16617
giver,1082,4080,2183,739.977,320.772,63.4123,5.74213
giver,1083,4080,2183,739.977,320.772,63.4123,5.74213
giver,1085,4080,2183,739.977,320.772,63.4123,5.74213
giver,1086,3419,1814,-995.383,278.552,111.994,4.55531
giver,1087,4198,19846,949.228,1002.23,103.836,2.32129
giver,1088,4198,19846,949.228,1002.23,103.836,2.32129
giver,1089,4198,19846,949.228,1002.23,103.836,2.32129
giver,1090,4276,7157,962.967,-263.785,-5.31819,5.32325
giver,1091,4077,2180,730.224,339.513,64.4819,0.890118
giver,1092,4276,7157,962.967,-263.785,-5.31819,5.32325
giver,1093,4201,7156,878.289,365.192,23.2634,6.16101
giver,1094,4201,7156,878.289,365.192,23.2634,6.16101
giver,1095,3442,7054,-902.036,-3759.4,11.6138,1.309
giver,1096,4201,7156,878.289,365.192,23.2634,6.16101
giver,1097,415,3358,-9259.44,-2243.22,64.0584,3.14159
giver,1098,1952,3545,522.449,1626.15,104.997,1.48353
giver,1103,7007,5767,430.385,1881.86,15.4168,5.13127
giver,1130,3387,3845,-2382.81,-1922.69,95.8663,0.017453
giver,1131,3441,4520,-1413.06,-125.633,159.018,0.890118
giver,1134,3845,4126,2795.75,-299.374,107.183,1.71042
giver,1138,10216,9550,6371.34,577.405,0.162417,0.959931
giver,1140,3663,2531,3185.46,189.38,4.7517,0.471239
giver,1141,10216,9550,6371.34,577.405,0.162417,0.959931
giver,1143,3661,2530,7246.63,-658.966,34.622,1.76278
giver,1167,3663,2531,3185.46,189.38,4.7517,0.471239
giver,1195,4721,2738,-1207.75,-57.0394,158.601,4.74729
giver,1196,4721,2738,-1207.75,-57.0394,158.601,4.74729
giver,1197,4722,2739,-5483.62,-2463.44,89.3671,0.331613
giver,1198,4786,5225,10061.7,2352.46,1331.97,4.72984
giver,1199,4784,5084,10069.0,2353.78,1331.97,0.663225
giver,1200,4787,4946,-531.6,318.992,-49.9643,5.81195
giver,1221,3446,7034,-928.982,-3697.23,8.06642,3.08923
giver,1275,8997,8229,6453.96,431.299,13.7312,4.24115
giver,1338,1343,1894,-4825.92,-2676.82,341.206,3.68265
giver,1339,1340,1892,-5365.12,-2938.79,326.76,2.33269
giver,1358,5204,4056,1442.86,392.127,-84.8985,2.3911
giver,1359,1937,1661,522.449,1652.3,125.843,4.86947
giver,1442,3649,1770,6580.97,492.292,8.31743,0.331613
giver,1462,5888,4533,-2882.26,-250.201,53.9893,4.46804
giver,1463,5887,4532,-630.02,-4204.55,38.2173,5.44543
giver,1464,5900,4537,-269.97,-4000.87,168.355,3.37875
giver,1471,5675,3948,1711.59,57.1672,-62.2059,4.88692
giver,1472,5675,3948,1711.59,57.1672,-62.2059,4.88692
giver,1473,5675,3948,1711.59,57.1672,-62.2059,4.88692
giver,1474,5675,3948,1711.59,57.1672,-62.2059,4.88692
giver,1476,5693,4020,1782.99,59.5277,-61.4065,3.14937
giver,1478,5724,4107,2250.62,248.955,41.1981,6.02139
giver,1483,3442,7054,-902.036,-3759.4,11.6138,1.309
giver,1486,5767,4289,-796.8,-2037.08,96.8029,2.86234
giver,1487,5768,4290,-802.192,-2039.24,96.6199,1.79769
giver,1489,3448,3914,-544.992,-2672.77,95.8709,1.16937
giver,1490,5769,4519,-1048.74,-303.954,159.114,1.8675
giver,1491,3446,7034,-928.982,-3697.23,8.06642,3.08923
giver,1492,3390,1965,-424.542,-2589.88,95.9052,6.23082
giver,1498,5810,4391,185.746,-3597.21,27.3383,0.226893
giver,1499,5765,4209,-624.024,-4214.41,38.2173,5.61996
giver,1501,5875,4492,1850.31,-4357.3,-14.6936,5.32325
giver,1502,5810,4391,185.746,-3597.21,27.3383,0.226893
giver,1503,5878,4521,-437.62,-3176.26,211.385,0.820305
giver,1504,5875,4492,1850.31,-4357.3,-14.6936,5.32325
giver,1505,3063,3794,-2347.98,-495.92,-8.96404,4.79274
giver,1506,3294,1654,352.948,-4837.45,10.8906,1.29154
giver,1507,5875,4492,1850.31,-4357.3,-14.6936,5.32325
giver,1508,5909,4545,1839.54,-4340.73,-15.1912,3.59538
giver,1509,5910,4546,1717.78,-4200.11,51.9804,4.43314
giver,1510,3464,3846,-435.952,-2639.21,96.3588,3.35103
giver,1511,4197,4105,-180.86,-331.135,9.7653,0.977384
giver,1512,5908,4544,-1622.75,-1765.32,91.75,4.01426
giver,1513,5875,4492,1850.31,-4357.3,-14.6936,5.32325
giver,1515,5911,4547,-2392.16,-1898.79,95.9604,0.244346
giver,1516,5887,4532,-630.02,-4204.55,38.2173,5.44543
giver,1517,5887,4532,-630.02,-4204.55,38.2173,5.44543
giver,1518,5891,12110,-877.79,-4290.36,72.7066,0.541052
giver,1519,5888,4533,-2882.26,-250.201,53.9893,4.46804
giver,1520,5888,4533,-2882.26,-250.201,53.9893,4.46804
giver,1521,5891,12110,-877.79,-4290.36,72.7066,0.541052
giver,1522,5892,4534,1920.95,-4212.99,42.4218,5.41052
giver,1523,3032,2082,-980.841,287.174,138.084,4.43314
giver,1524,5907,4543,268.899,-3055.15,97.3926,5.48952
giver,1525,5900,4537,-269.97,-4000.87,168.355,3.37875
giver,1526,5900,4537,-269.97,-4000.87,168.355,3.37875
giver,1528,5892,4534,1920.95,-4212.99,42.4218,5.41052
giver,1529,5906,4542,-992.724,254.05,138.147,3.66519
giver,1530,5901,4538,-1345.12,-4047.61,5.97224,4.34587
giver,1534,5899,4536,-3617.51,-1776.77,135.658,3.54302
giver,1535,5899,4536,-3617.51,-1776.77,135.658,3.54302
giver,1536,5899,4536,-3617.51,-1776.77,135.658,3.54302
giver,1578,6031,4950,-4793.38,-1098.17,498.89,4.60767
giver,1579,3666,4474,6406.11,519.815,23.9674,0.436332
giver,1580,3666,4474,6406.11,519.815,23.9674,0.436332
giver,1581,2083,2459,9872.26,959.278,1308.15,5.18363
giver,1582,6034,5186,10081.5,2256.75,1343.39,0.645772
giver,1618,6031,4950,-4793.38,-1098.17,498.89,4.60767
giver,1638,913,1300,-9461.85,109.353,57.8784,2.6529
giver,1639,6089,4996,-8612.75,382.771,103.011,1.22173
giver,1640,6090,5000,-8604.47,389.102,103.025,5.67232
giver,1641,6171,4885,-8546.0,845.796,106.601,4.73
giver,1643,6171,4885,-8546.0,845.796,106.601,4.73
giver,1644,6174,4888,-8832.27,613.706,94.2841,2.05949
giver,1645,6179,4892,-4633.52,-932.023,524.778,0.698132
giver,1647,6179,4892,-4633.52,-932.023,524.778,0.698132
giver,1648,6175,4889,-5015.19,-1054.03,501.733,1.27628
giver,1650,6171,4885,-8546.0,845.796,106.601,4.73
giver,1651,6182,4894,-11482.3,1557.41,48.7058,4.28651
giver,1652,6182,4894,-11482.3,1557.41,48.7058,4.28651
giver,1653,6171,4885,-8546.0,845.796,106.601,4.73
giver,1654,6181,4893,-5089.28,-782.95,495.279,5.77704
giver,1655,6241,4911,-5313.59,-2985.5,322.204,0.942478
giver,1656,6775,5506,-3066.02,68.8002,79.4688,4.17134
giver,1665,6090,5000,-8604.47,389.102,103.025,5.67232
giver,1666,6089,4996,-8612.75,382.771,103.011,1.22173
giver,1667,294,1689,-9545.33,-1401.1,54.1478,3.14159
giver,1678,6114,4995,-5045.53,-1273.09,510.408,0.837758
giver,1679,1229,3431,-5605.73,-530.385,399.738,0.174533
giver,1680,6114,4995,-5045.53,-1273.09,510.408,0.837758
giver,1681,6031,4950,-4793.38,-1098.17,498.89,4.60767
giver,1682,6031,4950,-4793.38,-1098.17,498.89,4.60767
giver,1683,4088,2197,9994.09,2331.89,1330.87,3.14159
giver,1684,2151,1681,9852.4,972.153,1305.5,1.16423
giver,1685,6121,4866,-9473.43,-8.58822,49.8779,6.23082
giver,1686,4088,2197,9994.09,2331.89,1330.87,3.14159
giver,1688,6122,4867,-8983.0,1041.52,101.487,4.66
giver,1689,6122,4867,-8983.0,1041.52,101.487,4.66
giver,1692,4088,2197,9994.09,2331.89,1330.87,3.14159
giver,1693,6142,5083,9918.03,2308.6,1330.87,1.71042
giver,1698,5479,3280,-8689.32,323.237,109.521,1.29154
giver,1699,6166,4944,-9222.58,-2147.87,63.814,3.92699
giver,1700,5413,4997,-8427.0,600.092,94.8158,3.281
giver,1701,5413,4997,-8427.0,600.092,94.8158,3.281
giver,1702,6166,4944,-9222.58,-2147.87,63.814,3.92699
giver,1703,5413,4997,-8427.0,600.092,94.8158,3.281
giver,1704,5413,4997,-8427.0,600.092,94.8158,3.281
giver,1705,1416,4998,-8387.0,685.202,95.356,2.286
giver,1706,1416,4998,-8387.0,685.202,95.356,2.286
giver,1708,6169,4999,-4812.48,-1250.62,502.014,4.62512
giver,1709,6169,4999,-4812.48,-1250.62,502.014,4.62512
giver,1710,6142,5083,9918.03,2308.6,1330.87,1.71042
giver,1711,6142,5083,9918.03,2308.6,1330.87,1.71042
giver,1715,6120,4865,-4618.12,-1090.13,501.452,3.26377
giver,1716,6122,4867,-8983.0,1041.52,101.487,4.66
giver,1717,6120,4865,-4618.12,-1090.13,501.452,3.26377
giver,1738,6244,4928,-2245.07,-2373.57,91.75,2.24601
giver,1739,6122,4867,-8983.0,1041.52,101.487,4.66
giver,1740,6247,4931,-2252.13,-2373.95,91.6672,0.72806
giver,1778,6175,4889,-5015.19,-1054.03,501.733,1.27628
giver,1779,6179,4892,-4633.52,-932.023,524.778,0.698132
giver,1780,6174,4888,-8832.27,613.706,94.2841,2.05949
giver,1781,6171,4885,-8546.0,845.796,106.601,4.73
giver,1782,5413,4997,-8427.0,600.092,94.8158,3.281
giver,1783,6178,4891,-4613.03,-899.694,524.778,3.1765
giver,1784,6177,4890,-5784.32,-2055.22,408.232,0.05236
giver,1785,6178,4891,-4613.03,-899.694,524.778,3.1765
giver,1786,6173,4887,-8516.0,862.654,109.939,6.206
giver,1787,6172,4886,-9129.59,-984.313,76.1811,2.05949
giver,1788,6173,4887,-8516.0,862.654,109.939,6.206
giver,1789,6179,4892,-4633.52,-932.023,524.778,0.698132
giver,1790,6171,4885,-8546.0,845.796,106.601,4.73
giver,1793,6171,4885,-8546.0,845.796,106.601,4.73
giver,1794,5149,3087,-4601.65,-896.468,502.85,4.55531
giver,1806,6181,4893,-5089.28,-782.95,495.279,5.77704
giver,1818,2131,1599,2254.76,238.445,33.717,0.506145
giver,1819,1496,2855,2287.66,403.372,34.0048,3.10669
giver,1820,1496,2855,2287.66,403.372,34.0048,3.10669
giver,1821,1500,3516,2262.26,244.257,33.717,3.42085
giver,1822,1500,3516,2262.26,244.257,33.717,3.42085
giver,1823,3041,2103,-1457.96,-80.8058,159.101,4.95674
giver,1824,6394,5373,-2402.35,-1904.08,96.8255,4.92183
giver,1825,6394,5373,-2402.35,-1904.08,96.8255,4.92183
giver,1838,5878,4521,-437.62,-3176.26,211.385,0.820305
giver,1839,5878,4521,-437.62,-3176.26,211.385,0.820305
giver,1840,5878,4521,-437.62,-3176.26,211.385,0.820305
giver,1841,5878,4521,-437.62,-3176.26,211.385,0.820305
giver,1842,6408,5370,-811.913,-4940.15,20.6154,3.45575
giver,1843,6408,5370,-811.913,-4940.15,20.6154,3.45575
giver,1844,6410,5372,-1239.84,110.585,129.74,1.8326
giver,1845,6410,5372,-1239.84,110.585,129.74,1.8326
giver,1846,6411,5235,1627.44,277.051,-43.0192,4.34587
giver,1847,6411,5235,1627.44,277.051,-43.0192,4.34587
giver,1848,5878,4521,-437.62,-3176.26,211.385,0.820305
giver,1858,6446,5190,1772.94,-4279.93,8.19479,5.35816
giver,1859,3170,3749,268.13,-4710.94,17.572,3.87463
giver,1860,328,1294,-9471.67,34.451,63.9038,4.62512
giver,1861,5497,3292,-8990.0,862.929,29.621,4.858
giver,1879,1228,10215,-5586.94,-537.173,403.624,5.89921
giver,1880,5144,3108,-4613.03,-929.032,501.152,1.3439
giver,1881,2128,1600,2256.81,233.219,41.1981,1.06465
giver,1882,4568,2657,1813.74,56.4138,-47.3038,3.05433
giver,1883,7311,6060,1466.88,-4229.92,43.286,1.18682
giver,1884,5880,10171,-839.287,-4939.83,21.0857,1.97222
giver,1885,2130,1603,2271.04,242.997,41.1981,2.19912
giver,1919,328,1294,-9471.67,34.451,63.9038,4.62512
giver,1920,5497,3292,-8990.0,862.929,29.621,4.858
giver,1921,5497,3292,-8990.0,862.929,29.621,4.858
giver,1941,1309,1483,-8963.0,822.517,109.447,3.846
giver,1959,2128,1600,2256.81,233.219,41.1981,1.06465
giver,1960,4568,2657,1813.74,56.4138,-47.3038,3.05433
giver,1961,4568,2657,1813.74,56.4138,-47.3038,3.05433
giver,1962,4576,2634,1681.49,194.356,-62.0865,0.458519
giver,1963,6446,5190,1772.94,-4279.93,8.19479,5.35816
giver,1978,6467,5206,1435.6,71.9724,-62.1954,1.01229
giver,1998,6467,5206,1435.6,71.9724,-62.1954,1.01229
giver,1999,6467,5206,1435.6,71.9724,-62.1954,1.01229
giver,2019,6467,5206,1435.6,71.9724,-62.1954,1.01229
giver,2038,6577,5376,-5368.99,-3746.97,304.797,2.00713
giver,2039,6569,5377,-4835.97,-1260.58,501.951,4.55531
giver,2040,6579,5378,-8391.0,634.764,94.89,3.194
giver,2041,6569,5377,-4835.97,-1260.58,501.951,4.55531
giver,2078,6667,5485,7744.51,-769.238,5.44451,3.69623
giver,2098,6667,5485,7744.51,-769.238,5.44451,3.69623
giver,2118,3701,4485,6437.48,397.48,11.7883,1.91986
giver,2138,3701,4485,6437.48,397.48,11.7883,1.91986
giver,2139,3701,4485,6437.48,397.48,11.7883,1.91986
giver,2158,6774,5526,-9044.56,-45.9817,88.4193,3.08923
giver,2159,6780,5748,10214.3,700.553,1360.68,5.77704
giver,2160,6782,9211,-6248.84,135.042,431.673,1.5708
giver,2161,6786,5729,-599.449,-4715.32,35.2296,1.20428
giver,2178,3702,4487,6557.88,472.97,9.0979,2.61799
giver,2205,917,1297,-9465.79,12.6454,63.9038,1.09956
giver,2206,332,1736,-8815.27,362.3,109.604,4.55531
giver,2218,1234,3436,-5604.44,-540.323,399.18,5.23599
giver,2238,5165,3101,-4647.56,-1124.38,501.967,1.55334
giver,2239,6886,5648,-5336.66,562.818,395.897,6.0912
giver,2241,3599,1704,9790.31,943.87,1308.86,1.01229
giver,2242,4163,2231,10083.7,2546.87,1295.12,1.22173
giver,2259,3599,1704,9790.31,943.87,1308.86,1.01229
giver,2260,4214,2252,10055.3,2573.02,1282.55,5.63741
giver,2281,6946,7613,-8819.92,362.534,109.604,5.2709
giver,2282,6966,5752,-9328.45,-2180.02,64.0383,1.93731
giver,2298,5165,3101,-4647.56,-1124.38,501.967,1.55334
giver,2299,1234,3436,-5604.44,-540.323,399.18,5.23599
giver,2300,917,1297,-9465.79,12.6454,63.9038,1.09956
giver,2358,7009,5768,-9332.6,-2180.06,62.0734,1.309
giver,2359,7024,5783,-11035.2,619.354,35.4196,3.97935
giver,2360,332,1736,-8815.27,362.3,109.604,4.55531
giver,2378,6467,5206,1435.6,71.9724,-62.1954,1.01229
giver,2379,3401,4360,1771.21,-4284.42,8.08015,5.75959
giver,2380,3170,3749,268.13,-4710.94,17.572,3.87463
giver,2381,7161,7154,-841.132,-3767.78,17.9708,3.08923
giver,2382,3402,4361,1778.55,-4279.88,7.83356,4.62512
giver,2383,3143,1653,-600.132,-4186.19,41.2663,4.15388
giver,2438,3567,2686,9898.59,984.968,1354.89,1.22173
giver,2458,3401,4360,1771.21,-4284.42,8.08015,5.75959
giver,2459,3567,2686,9898.59,984.968,1354.89,1.22173
giver,2460,3401,4360,1771.21,-4284.42,8.08015,5.75959
giver,2478,7233,5986,1236.78,-2994.62,91.7917,4.46804
giver,2479,3401,4360,1771.21,-4284.42,8.08015,5.75959
giver,2480,2391,3678,-9.28586,-905.473,57.5575,1.37881
giver,2498,3517,5071,10085.6,2534.25,1317.64,4.60767
giver,2499,2080,2484,9506.92,713.766,1255.99,0.279253
giver,2518,7313,6348,9631.88,2550.45,1354.89,4.79965
giver,2519,7316,6349,9915.08,2632.12,1316.87,5.75959
giver,2520,7313,6348,9631.88,2550.45,1354.89,4.79965
giver,2541,7317,6230,9740.98,1526.17,1280.4,6.12611
giver,2561,7317,6230,9740.98,1526.17,1280.4,6.12611
giver,2607,332,1736,-8815.27,362.3,109.604,4.55531
giver,2608,7207,6446,-8805.56,331.968,95.1986,3.15905
giver,2609,7207,6446,-8805.56,331.968,95.1986,3.15905
giver,2745,482,3246,-8854.12,575.652,101.15,4.11898
giver,2746,7766,6632,-8409.0,450.793,123.76,2.185
giver,2842,3413,7136,2036.63,-4739.49,29.4867,3.83972
giver,2843,7853,7036,-14464.9,459.585,15.2488,3.735
giver,2904,7850,7132,-639.869,71.6499,-183.184,2.47837
giver,2922,7944,7028,-4834.77,-1263.45,501.951,4.72984
giver,2923,7917,7008,-8556.0,835.86,106.602,5.323
giver,2926,1268,3441,-5498.29,-457.874,395.644,0.10472
giver,2927,6569,5377,-4835.97,-1260.58,501.951,4.55531
giver,2928,6579,5378,-8391.0,634.764,94.89,3.194
giver,2962,1268,3441,-5498.29,-457.874,395.644,0.10472
giver,2983,3173,3746,307.114,-4839.91,10.6075,1.27409
giver,2984,3066,3816,-2298.96,-437.742,-5.35507,3.89208
giver,2985,3173,3746,307.114,-4839.91,10.6075,1.27409
giver,2986,3066,3816,-2298.96,-437.742,-5.35507,3.89208
giver,2997,1232,1622,-5586.76,-542.163,403.624,1.09956
giver,2998,927,1299,-9468.14,108.976,57.6606,1.79769
giver,2999,5149,3087,-4601.65,-896.468,502.85,4.55531
giver,3000,928,1499,-8577.0,881.698,106.519,5.433
giver,3065,3143,1653,-600.132,-4186.19,41.2663,4.15388
giver,3082,3143,1653,-600.132,-4186.19,41.2663,4.15388
giver,3083,3143,1653,-600.132,-4186.19,41.2663,4.15388
giver,3084,3143,1653,-600.132,-4186.19,41.2663,4.15388
giver,3085,3143,1653,-600.132,-4186.19,41.2663,4.15388
giver,3086,3143,1653,-600.132,-4186.19,41.2663,4.15388
giver,3087,3143,1653,-600.132,-4186.19,41.2663,4.15388
giver,3088,3143,1653,-600.132,-4186.19,41.2663,4.15388
giver,3089,3143,1653,-600.132,-4186.19,41.2663,4.15388
giver,3090,3143,1653,-600.132,-4186.19,41.2663,4.15388
giver,3091,2980,3808,-2912.7,-257.54,53.0241,3.1765
giver,3092,2980,3808,-2912.7,-257.54,53.0241,3.1765
giver,3093,2980,3808,-2912.7,-257.54,53.0241,3.1765
giver,3094,2980,3808,-2912.7,-257.54,53.0241,3.1765
giver,3095,1569,1584,1843.32,1639.9,97.8113,4.60767
giver,3096,1569,1584,1843.32,1639.9,97.8113,4.60767
giver,3097,1569,1584,1843.32,1639.9,97.8113,4.60767
giver,3098,1569,1584,1843.32,1639.9,97.8113,4.60767
giver,3099,1569,1584,1843.32,1639.9,97.8113,4.60767
giver,3100,197,1859,-8902.59,-162.606,82.0223,2.04204
giver,3101,197,1859,-8902.59,-162.606,82.0223,2.04204
giver,3102,197,1859,-8902.59,-162.606,82.0223,2.04204
giver,3103,197,1859,-8902.59,-162.606,82.0223,2.04204
giver,3104,197,1859,-8902.59,-162.606,82.0223,2.04204
giver,3105,197,1859,-8902.59,-162.606,82.0223,2.04204
giver,3106,658,1362,-6236.74,331.113,382.911,3.00197
giver,3107,658,1362,-6236.74,331.113,382.911,3.00197
giver,3108,658,1362,-6236.74,331.113,382.911,3.00197
giver,3109,658,1362,-6236.74,331.113,382.911,3.00197
giver,3110,658,1362,-6236.74,331.113,382.911,3.00197
giver,3112,658,1362,-6236.74,331.113,382.911,3.00197
giver,3113,658,1362,-6236.74,331.113,382.911,3.00197
giver,3114,658,1362,-6236.74,331.113,382.911,3.00197
giver,3115,658,1362,-6236.74,331.113,382.911,3.00197
giver,3116,2079,1285,10314.0,829.83,1326.48,2.54818
giver,3117,2079,1285,10314.0,829.83,1326.48,2.54818
giver,3118,2079,1285,10314.0,829.83,1326.48,2.54818
giver,3119,2079,1285,10314.0,829.83,1326.48,2.54818
giver,3120,2079,1285,10314.0,829.83,1326.48,2.54818
giver,3221,1952,3545,522.449,1626.15,104.997,1.48353
giver,3261,3338,3850,-482.475,-2670.19,97.522,0.733038
giver,3281,3464,3846,-435.952,-2639.21,96.3588,3.35103
giver,3301,3448,3914,-544.992,-2672.77,95.8709,1.16937
giver,3361,8416,7852,-6098.09,396.074,395.64,5.66209
giver,3364,12738,12967,-6371.13,571.816,385.827,3.21141
giver,3365,836,3406,-6056.38,385.213,392.845,3.1765
giver,3369,8418,7870,-602.266,-2259.71,211.579,2.70526
giver,3370,8418,7870,-602.266,-2259.71,211.579,2.70526
giver,3376,3209,3770,-2893.19,-239.584,53.6285,4.1973
giver,3514,8582,7889,1246.34,-2253.31,108.372,2.96706
giver,3519,8584,7901,10711.6,1034.91,1347.34,4.90438
giver,3521,8583,7895,10407.2,713.794,1321.7,4.27606
giver,3522,8583,7895,10407.2,713.794,1321.7,4.27606
giver,3524,10219,9551,6342.4,543.005,16.073,0.15708
giver,3526,4586,2630,1409.82,150.423,-62.3224,4.93928
giver,3629,5174,3117,-4798.97,-1254.84,502.086,5.21853
giver,3630,5518,3314,-8347.0,644.134,95.755,3.84
giver,3632,5174,3117,-4798.97,-1254.84,502.086,5.21853
giver,3633,3494,7073,-840.882,-3727.2,19.9711,4.7822
giver,3634,3494,7073,-840.882,-3727.2,19.9711,4.7822
giver,3635,4586,2630,1409.82,150.423,-62.3224,4.93928
giver,3637,3494,7073,-840.882,-3727.2,19.9711,4.7822
giver,3639,8126,7340,-7131.99,-3839.67,9.14882,1.39626
giver,3641,7944,7028,-4834.77,-1263.45,501.951,4.72984
giver,3643,7406,6710,-14417.0,411.288,22.7816,1.25664
giver,3681,5149,3087,-4601.65,-896.468,502.85,4.55531
giver,3741,8965,221,-9351.62,-2207.26,62.1803,3.08923
giver,3765,4984,5078,-8779.0,1093.35,92.611,4.817
giver,3861,620,304,-4714.08,-12375.3,11.7246,0.878926
giver,3901,1569,1584,1843.32,1639.9,97.8113,4.60767
giver,3902,1740,3523,1861.17,1605.02,95.0318,3.5194
giver,3903,823,2072,-8947.64,-132.319,83.7199,3.33358
giver,3904,9296,8489,-8850.29,-224.03,81.7778,4.93928
giver,3905,9296,8489,-8850.29,-224.03,81.7778,4.93928
giver,3921,3442,7054,-902.036,-3759.4,11.6138,1.309
giver,3922,9316,8630,858.144,-2347.64,91.9167,2.72271
giver,3923,9316,8630,858.144,-2347.64,91.9167,2.72271
giver,3924,9317,8631,2045.53,-4753.81,29.4867,1.11701
giver,4021,3389,3847,-307.136,-1971.95,96.48,4.64258
giver,4161,6286,4989,9751.02,906.196,1295.6,6.02139
giver,4181,5518,3314,-8347.0,644.134,95.755,3.84
giver,4295,9503,8654,891.198,-197.924,-43.6204,3.21141
giver,4402,9796,9151,-561.628,-4221.8,41.6737,3.03687
giver,4495,8583,7895,10407.2,713.794,1321.7,4.27606
giver,4641,10176,9470,-610.073,-4253.52,39.0393,3.28122
giver,4681,10219,9551,6342.4,543.005,16.073,0.15708
giver,4761,3693,1956,6434.59,362.807,14.0243,1.09956
giver,4762,3649,1770,6580.97,492.292,8.31743,0.331613
giver,4763,3649,1770,6580.97,492.292,8.31743,0.331613
giver,4811,2930,2865,6438.62,471.896,8.12515,1.91474
giver,4812,2930,2865,6438.62,471.896,8.12515,1.91474
giver,4921,3432,3855,-520.983,-2641.41,95.8708,4.43314
giver,5041,3429,3856,-473.202,-2595.7,103.806,5.67232
giver,5042,3430,1346,-2391.57,-1891.09,95.7874,5.44543
giver,5043,3430,1346,-2391.57,-1891.09,95.7874,5.44543
giver,5044,3430,1346,-2391.57,-1891.09,95.7874,5.44543
giver,5045,3430,1346,-2391.57,-1891.09,95.7874,5.44543
giver,5046,3430,1346,-2391.57,-1891.09,95.7874,5.44543
giver,5052,3430,1346,-2391.57,-1891.09,95.7874,5.44543
giver,5061,11802,11769,8020.0,-2678.74,524.532,5.88176
giver,5261,823,2072,-8947.64,-132.319,83.7199,3.33358
giver,5321,11218,10858,4995.83,33.5645,51.5915,2.49582
giver,5441,11378,12089,-611.587,-4322.08,40.0927,1.16937
giver,5481,10666,10006,2242.45,599.449,33.3335,2.52821
giver,5482,10665,9999,2326.31,398.818,33.6847,6.25477
giver,5541,1694,3392,-5499.7,-664.575,395.395,0.453786
giver,5545,10616,10995,-9469.79,-1289.22,41.1855,3.24631
giver,5621,3600,1708,9905.44,985.433,1313.92,2.44346
giver,5622,3595,1733,10458.8,801.623,1346.84,3.75246
giver,5623,375,3344,-8853.59,-193.336,82.1157,2.54818
giver,5624,377,1295,-9460.75,33.1338,63.9038,4.36332
giver,5625,1226,3429,-5590.56,-529.657,399.735,2.23402
giver,5626,837,3401,-6056.74,393.548,392.843,3.68265
giver,5648,3706,1897,294.884,-4831.49,10.6074,0.645772
giver,5649,3707,4068,-617.395,-4202.4,38.2966,4.86947
giver,5650,2129,1602,2265.2,251.054,41.1981,5.34071
giver,5651,2123,1579,1848.32,1627.63,97.0169,3.33358
giver,5713,11711,11663,4390.68,-67.312,86.7177,2.32129
giver,5722,11833,11754,-1055.55,-217.179,159.062,1.50903
giver,5723,11833,11754,-1055.55,-217.179,159.062,1.50903
giver,5724,11834,11755,-148.075,23.5742,-38.6318,4.11898
giver,5726,4949,4527,1919.9,-4123.8,44.3715,4.79965
giver,5727,4949,4527,1919.9,-4123.8,44.3715,4.79965
giver,5728,4949,4527,1919.9,-4123.8,44.3715,4.79965
giver,5729,4949,4527,1919.9,-4123.8,44.3715,4.79965
giver,5730,3216,3754,1800.66,-4374.51,-17.1039,4.57276
giver,5761,3216,3754,1800.66,-4374.51,-17.1039,4.57276
giver,5921,4217,2261,10179.0,2563.98,1340.13,1.22173
giver,5922,3033,2106,-1039.41,-281.56,159.114,3.22886
giver,5923,3602,1706,9741.91,966.0,1293.78,5.35816
giver,5924,5505,3301,-8742.0,1095.41,93.812,5.353
giver,5925,16721,16858,-4274.81,-11495.3,9.4874,0.017453
giver,5926,3064,3820,-2315.75,-442.634,-5.35507,6.07375
giver,5927,3060,3819,-2873.57,-268.591,54.0531,2.68781
giver,5928,16655,16739,9706.56,-7261.66,16.6175,0.595148
giver,5929,11802,11769,8020.0,-2678.74,524.532,5.88176
giver,5930,11802,11769,8020.0,-2678.74,524.532,5.88176
giver,5931,11802,11769,8020.0,-2678.74,524.532,5.88176
giver,5932,11802,11769,8020.0,-2678.74,524.532,5.88176
giver,6001,4217,2261,10179.0,2563.98,1340.13,1.22173
giver,6002,3033,2106,-1039.41,-281.56,159.114,3.22886
giver,6061,3065,3811,-2180.22,-408.816,-4.51826,1.0472
giver,6062,3171,3744,275.341,-4704.0,11.7122,4.62512
giver,6063,3601,1703,9812.33,928.806,1308.19,4.17134
giver,6064,1231,3558,-5618.54,-454.071,407.842,5.3058
giver,6065,3171,3744,275.341,-4704.0,11.7122,4.62512
giver,6066,3038,2112,-1464.61,-93.7802,159.101,0.471239
giver,6067,3061,3810,-2865.4,-225.731,54.9617,3.10669
giver,6068,3038,2112,-1464.61,-93.7802,159.101,0.471239
giver,6069,3061,3810,-2865.4,-225.731,54.9617,3.10669
giver,6070,3407,4241,2107.35,-4633.78,58.981,2.11185
giver,6071,3596,1723,10458.5,827.868,1381.02,2.11185
giver,6072,895,3395,-6091.79,365.141,395.623,2.33874
giver,6073,5515,3312,-8415.0,553.182,95.703,3.923
giver,6074,3596,1723,10458.5,827.868,1381.02,2.11185
giver,6075,895,3395,-6091.79,365.141,395.623,2.33874
giver,6076,5515,3312,-8415.0,553.182,95.703,3.923
giver,6081,3171,3744,275.341,-4704.0,11.7122,4.62512
giver,6082,3171,3744,275.341,-4704.0,11.7122,4.62512
giver,6083,3171,3744,275.341,-4704.0,11.7122,4.62512
giver,6084,1231,3558,-5618.54,-454.071,407.842,5.3058
giver,6085,1231,3558,-5618.54,-454.071,407.842,5.3058
giver,6086,1231,3558,-5618.54,-454.071,407.842,5.3058
giver,6087,3065,3811,-2180.22,-408.816,-4.51826,1.0472
giver,6088,3065,3811,-2180.22,-408.816,-4.51826,1.0472
giver,6089,3065,3811,-2180.22,-408.816,-4.51826,1.0472
giver,6101,3601,1703,9812.33,928.806,1308.19,4.17134
giver,6102,3601,1703,9812.33,928.806,1308.19,4.17134
giver,6103,3601,1703,9812.33,928.806,1308.19,4.17134
giver,6121,4217,2261,10179.0,2563.98,1340.13,1.22173
giver,6122,11802,11769,8020.0,-2678.74,524.532,5.88176
giver,6123,3702,4487,6557.88,472.97,9.0979,2.61799
giver,6124,3702,4487,6557.88,472.97,9.0979,2.61799
giver,6125,11802,11769,8020.0,-2678.74,524.532,5.88176
giver,6126,3033,2106,-1039.41,-281.56,159.114,3.22886
giver,6127,11802,11769,8020.0,-2678.74,524.532,5.88176
giver,6128,3448,3914,-544.992,-2672.77,95.8709,1.16937
giver,6129,3448,3914,-544.992,-2672.77,95.8709,1.16937
giver,6130,11802,11769,8020.0,-2678.74,524.532,5.88176
giver,6181,491,3342,-10500.6,1021.59,60.6106,1.8326
giver,6261,1323,1515,-8702.28,382.052,103.909,2.70526
giver,6281,523,3263,-10628.3,1037.27,34.1915,2.28638
giver,6282,11860,11797,925.298,940.918,105.575,0.645772
giver,6283,11860,11797,925.298,940.918,105.575,0.645772
giver,6285,352,5128,-8835.76,490.084,109.699,4.04916
giver,6301,11864,11796,1015.68,928.041,103.519,1.29154
giver,6321,6389,5345,499.653,1626.22,125.748,5.35816
giver,6322,4556,2629,1610.45,283.261,-43.0189,4.92183
giver,6323,2226,3832,473.939,1533.95,131.96,0.453786
giver,6324,4551,2638,1567.12,266.345,-43.0194,0.820305
giver,6341,10118,9344,8694.04,950.259,12.9087,5.46288
giver,6342,3838,1931,8640.58,841.118,23.3464,0.05236
giver,6343,4200,9549,6399.57,533.387,8.73894,4.04916
giver,6344,4241,2262,9918.06,2190.34,1328.27,0.575959
giver,6361,3483,3872,-350.079,-2566.59,97.4414,2.68781
giver,6362,3615,1652,-437.137,-2596.0,95.8708,3.7001
giver,6363,8359,7623,-1238.58,38.971,127.147,2.05949
giver,6364,2995,2098,-1196.75,26.0777,177.033,1.71042
giver,6365,3489,3877,-403.68,-2709.34,97.7294,1.85005
giver,6381,11864,11796,1015.68,928.041,103.519,1.29154
giver,6382,3387,3845,-2382.81,-1922.69,95.8663,0.017453
giver,6383,12696,12970,2310.52,-2554.7,101.948,2.42601
giver,6384,3615,1652,-437.137,-2596.0,95.8708,3.7001
giver,6385,6929,5706,1633.99,-4439.37,15.7597,2.75762
giver,6386,3310,1311,1676.25,-4313.45,61.8944,5.25344
giver,6387,1681,1822,-5366.93,-3014.87,319.665,0.139626
giver,6388,4256,3093,-4708.06,-1120.93,504.531,1.44862
giver,6391,1572,5037,-5424.85,-2929.87,347.645,1.64061
giver,6392,1573,3007,-4821.13,-1152.4,502.295,4.31096
giver,6393,11862,5562,820.882,938.539,154.973,5.33142
giver,6394,11378,12089,-611.587,-4322.08,40.0927,1.16937
giver,6395,1661,1593,1847.73,1638.65,97.0169,4.15388
giver,6401,11857,11790,-263.0,-943.0,12.439,4.752
giver,6421,11861,11795,831.234,939.914,155.071,2.14675
giver,6442,12719,12958,3331.24,1025.91,6.36169,6.03884
giver,6461,12816,12709,-177.568,-233.317,8.87961,5.84685
giver,6462,12721,12960,3333.34,1028.3,6.36169,5.02655
giver,6481,11861,11795,831.234,939.914,155.071,2.14675
giver,6482,12818,12969,3347.35,-694.701,159.926,3.05433
giver,6503,12867,12956,2054.63,-2400.39,87.825,4.06662
giver,6523,11856,11789,129.705,-342.522,3.67976,3.59538
giver,6541,3429,3856,-473.202,-2595.7,103.806,5.67232
giver,6542,11821,11751,-173.265,-331.165,9.80138,2.30383
giver,6543,8582,7889,1246.34,-2253.31,108.372,2.96706
giver,6544,12858,12809,1778.68,-2241.09,107.942,0.314159
giver,6545,12863,11872,3357.72,995.135,4.76615,0.698132
giver,6546,12864,11871,2616.19,-3019.0,161.171,2.304
giver,6547,12862,11869,2045.41,-2396.98,87.8666,1.99619
giver,6548,11857,11790,-263.0,-943.0,12.439,4.752
giver,6561,4787,4946,-531.6,318.992,-49.9643,5.81195
giver,6562,11862,5562,820.882,938.539,154.973,5.33142
giver,6563,12736,12953,3355.07,1033.14,6.03463,1.50098
giver,6565,12736,12953,3355.07,1033.14,6.03463,1.50098
giver,6629,11857,11790,-263.0,-943.0,12.439,4.752
giver,6641,12717,12961,3341.65,1004.38,3.89818,0.715585
giver,6661,12997,5485,-19.6312,40.0752,-4.21403,4.79965
giver,6662,12997,5485,-19.6312,40.0752,-4.21403,4.79965
giver,6721,5117,3073,-5006.6,-1266.04,507.837,3.78736
giver,6722,5515,3312,-8415.0,553.182,95.703,3.923
giver,6961,13418,13342,1651.95,-4428.67,17.1488,2.07694
giver,6962,13445,13370,1626.74,-4416.81,15.7806,5.84685
giver,6964,9550,8669,1663.45,-4393.85,22.461,4.45059
giver,7021,13431,13348,-1234.51,73.4529,129.591,2.80998
giver,7022,13433,13349,-4923.96,-980.013,501.554,0.994838
giver,7023,13435,13356,-8807.95,641.736,94.312,3.31613
giver,7024,13429,13346,1629.23,218.479,-43.0193,2.21657
giver,7025,13444,13369,-4914.36,-976.11,501.453,1.93731
giver,7061,13417,13341,1937.84,-4222.84,42.4217,3.78736
giver,7062,1365,14092,-4882.52,-952.796,501.547,3.28122
giver,7063,2916,3595,-4631.63,-1326.66,503.465,1.76278
giver,7383,3515,1528,9736.91,956.063,1294.19,6.21337
giver,7791,14722,14753,-8942.03,785.805,97.4045,0.20944
giver,7792,20604,19693,-4087.02,-11737.5,-139.428,1.69297
giver,7802,14723,14754,-4735.8,-1055.28,502.296,3.80482
giver,7807,14724,14752,-4823.65,-1299.36,501.951,0.959931
giver,7813,14729,14756,1690.83,185.738,-62.0883,5.58505
giver,7820,14728,14758,-1147.28,67.3353,145.949,3.24631
giver,7826,14726,14757,1794.68,-4572.71,23.1064,0.925025
giver,7833,14727,14759,1451.64,-4209.35,43.8887,5.53269
giver,7838,14508,14561,-13184.5,332.671,40.3307,4.41568
giver,7881,14833,14875,-9579.25,21.7913,60.7461,5.05203
giver,7882,14833,14875,-9579.25,21.7913,60.7461,5.05203
giver,7883,14833,14875,-9579.25,21.7913,60.7461,5.05203
giver,7889,14832,14876,-2265.31,5201.85,-9.90473,0.785398
giver,7890,14832,14876,-2265.31,5201.85,-9.90473,0.785398
giver,7891,14832,14876,-2265.31,5201.85,-9.90473,0.785398
giver,7894,14841,14877,-2253.41,5245.01,-9.89211,4.46804
giver,7895,14841,14877,-2253.41,5245.01,-9.89211,4.46804
giver,7896,14841,14877,-2253.41,5245.01,-9.89211,4.46804
giver,7899,14829,14856,-2286.25,5229.44,-9.90171,3.76991
giver,7900,14829,14856,-2286.25,5229.44,-9.90171,3.76991
giver,7901,14829,14856,-2286.25,5229.44,-9.90171,3.76991
giver,7905,14842,14878,-4982.69,-963.739,501.659,0.802197
giver,7926,14843,14879,1651.27,-4422.53,16.243,6.28295
giver,7930,14828,14854,-2236.82,5210.82,-9.90524,3.14159
giver,7931,14828,14854,-2236.82,5210.82,-9.90524,3.14159
giver,7934,14828,14854,-2236.82,5210.82,-9.90524,3.14159
giver,7946,14871,14943,-2293.46,5265.4,-9.89653,5.07891
giver,8158,14984,15143,-1220.17,-2518.3,21.7949,3.76991
giver,8165,15022,15141,-847.556,-3511.22,73.2761,3.89208
giver,8168,14983,15142,-1224.39,-2516.14,21.6434,3.56047
giver,8171,15021,15140,-846.947,-3503.78,73.9011,3.33358
giver,8193,15077,15235,-14438.5,474.107,15.9379,3.98345
giver,8194,15078,15236,-14436.5,472.915,15.3351,3.3859
giver,8221,15079,15200,-14438.8,476.682,15.2708,3.69613
giver,8224,15079,15200,-14438.8,476.682,15.2708,3.69613
giver,8225,15079,15200,-14438.8,476.682,15.2708,3.69613
giver,8311,15310,338,-8595.41,740.665,101.987,3.92699
giver,8312,15309,14616,2060.53,-4682.64,25.7762,1.41372
giver,8325,15278,15516,10352.0,-6359.93,34.1146,2.07694
giver,8326,15278,15516,10352.0,-6359.93,34.1146,2.07694
giver,8327,15278,15516,10352.0,-6359.93,34.1146,2.07694
giver,8328,15278,15516,10352.0,-6359.93,34.1146,2.07694
giver,8330,15295,15517,10406.0,-6396.24,52.1757,5.18363
giver,8334,15281,15515,10302.3,-6229.3,26.7049,6.19592
giver,8335,15281,15515,10302.3,-6229.3,26.7049,6.19592
giver,8336,15296,15532,10413.7,-6372.46,35.7242,5.14872
giver,8345,15295,15517,10406.0,-6396.24,52.1757,5.18363
giver,8346,15297,15528,10419.7,-6318.62,35.6568,1.32645
giver,8347,15281,15515,10302.3,-6229.3,26.7049,6.19592
giver,8350,15301,15514,9984.04,-6478.02,1.07989,5.5676
giver,8353,5111,3047,-4840.67,-857.094,501.997,4.86947
giver,8354,6741,5449,1635.4,223.331,-43.0198,2.84489
giver,8355,6826,5647,-4588.3,-1001.21,503.657,3.31613
giver,8357,6735,5439,10127.9,2224.79,1328.81,2.21657
giver,8358,11814,11734,-808.565,-4930.14,23.0651,3.66519
giver,8359,6929,5706,1633.99,-4439.37,15.7597,2.75762
giver,8360,6746,5487,-1300.28,38.4858,129.292,0.558505
giver,8463,15403,15906,9531.33,-6859.75,18.7898,1.81514
giver,8472,15418,15912,9521.17,-6814.85,16.5752,1.69297
giver,8473,15398,15908,8414.19,-6165.0,61.3986,1.8675
giver,8475,15416,15913,9374.84,-6966.58,18.1612,3.40339
giver,8476,15399,15911,8980.84,-7458.36,86.7743,2.40855
giver,8477,15400,15907,8986.43,-7419.07,89.4855,2.21657
giver,8479,15406,15424,8666.61,-7960.89,151.876,2.84489
giver,8480,15404,15915,8849.25,-6278.24,8.02033,2.28638
giver,8483,15403,15906,9531.33,-6859.75,18.7898,1.81514
giver,8486,15401,15910,9155.78,-6294.84,21.1295,3.7001
giver,8487,15402,15930,8711.23,-7160.89,43.6012,1.02974
giver,8488,15402,15930,8711.23,-7160.89,43.6012,1.02974
giver,8490,16362,15912,8235.5,-6664.06,84.5585,4.43314
giver,8491,15417,15914,8755.61,-6690.05,69.6853,2.18166
giver,8492,15383,15441,-4924.37,-1222.73,501.718,3.92699
giver,8493,15383,15441,-4924.37,-1222.73,501.718,3.92699
giver,8494,15431,15442,-4914.17,-1227.49,501.733,3.59538
giver,8495,15431,15442,-4914.17,-1227.49,501.733,3.59538
giver,8499,15432,15443,-4930.29,-1218.75,501.719,3.75246
giver,8500,15432,15443,-4930.29,-1218.75,501.719,3.75246
giver,8503,15434,15445,-4952.25,-1274.45,501.757,1.79769
giver,8504,15434,15445,-4952.25,-1274.45,501.757,1.79769
giver,8505,15437,15447,-4945.42,-1282.02,501.758,1.02974
giver,8506,15437,15447,-4945.42,-1282.02,501.758,1.02974
giver,8509,15445,15449,-4948.33,-1273.8,501.755,1.06465
giver,8510,15445,15449,-4948.33,-1273.8,501.755,1.06465
giver,8511,15446,15450,-4972.2,-1169.06,501.72,3.28122
giver,8512,15446,15450,-4972.2,-1169.06,501.72,3.28122
giver,8513,15448,15451,-4966.09,-1176.06,501.743,3.29867
giver,8514,15448,15451,-4966.09,-1176.06,501.743,3.29867
giver,8515,15450,15453,-4969.46,-1180.24,501.743,3.24631
giver,8516,15450,15453,-4969.46,-1180.24,501.743,3.24631
giver,8517,15451,15454,-4971.57,-1151.56,501.739,3.56047
giver,8518,15451,15454,-4971.57,-1151.56,501.739,3.56047
giver,8520,15452,15455,-4979.12,-1149.51,501.733,3.36849
giver,8521,15452,15455,-4979.12,-1149.51,501.733,3.36849
giver,8522,15453,15456,-4979.93,-1142.17,501.743,3.68264
giver,8523,15453,15456,-4979.93,-1142.17,501.743,3.68264
giver,8524,15455,15457,-4938.0,-1275.12,501.752,2.46091
giver,8525,15455,15457,-4938.0,-1275.12,501.752,2.46091
giver,8526,15456,15458,-4940.39,-1277.7,501.754,1.98968
giver,8527,15456,15458,-4940.39,-1277.7,501.754,1.98968
giver,8528,15457,15459,-4933.8,-1279.16,501.749,2.42601
giver,8529,15457,15459,-4933.8,-1279.16,501.749,2.42601
giver,8532,15459,15461,1650.33,-4124.29,31.4523,2.6529
giver,8533,15459,15461,1650.33,-4124.29,31.4523,2.6529
giver,8542,15460,15462,1665.76,-4117.5,34.3746,2.44346
giver,8543,15460,15462,1665.76,-4117.5,34.3746,2.44346
giver,8545,15469,15466,1655.77,-4119.16,32.6951,1.32645
giver,8546,15469,15466,1655.77,-4119.16,32.6951,1.32645
giver,8549,15477,15472,1615.01,-4145.53,35.132,1.37881
giver,8550,15477,15472,1615.01,-4145.53,35.132,1.37881
giver,8563,15278,15516,10352.0,-6359.93,34.1146,2.07694
giver,8564,15278,15516,10352.0,-6359.93,34.1146,2.07694
giver,8580,15508,15502,1625.95,-4149.42,36.3958,1.90241
giver,8581,15508,15502,1625.95,-4149.42,36.3958,1.90241
giver,8582,15512,15503,1633.26,-4142.12,34.7099,2.11185
giver,8583,15512,15503,1633.26,-4142.12,34.7099,2.11185
giver,8588,15515,15508,1588.17,-4179.9,39.9849,2.89725
giver,8589,15515,15508,1588.17,-4179.9,39.9849,2.89725
giver,8590,15522,15535,1593.27,-4159.44,36.9024,2.94961
giver,8591,15522,15535,1593.27,-4159.44,36.9024,2.94961
giver,8600,15525,15536,1595.76,-4174.4,39.7667,2.72271
giver,8601,15525,15536,1595.76,-4174.4,39.7667,2.72271
giver,8604,15528,15537,1580.17,-4116.11,34.4158,5.60251
giver,8605,15528,15537,1580.17,-4116.11,34.4158,5.60251
giver,8607,15529,15539,1571.15,-4118.66,36.5842,5.02655
giver,8608,15529,15539,1571.15,-4118.66,36.5842,5.02655
giver,8609,15532,15541,1565.07,-4123.99,37.4408,0.0
giver,8610,15532,15541,1565.07,-4123.99,37.4408,0.0
giver,8611,15533,15542,1643.43,-4085.09,37.3372,4.67748
giver,8612,15533,15542,1643.43,-4085.09,37.3372,4.67748
giver,8613,15534,15543,1629.79,-4089.15,35.6329,5.25344
giver,8614,15534,15543,1629.79,-4089.15,35.6329,5.25344
giver,8615,15535,15544,1634.12,-4084.99,36.5257,5.21853
giver,8616,15535,15544,1634.12,-4084.99,36.5257,5.21853
giver,8619,15549,15622,596.586,-188.771,-54.0721,0.10472
giver,8635,15556,15637,-139.935,-363.996,-170.336,6.16101
giver,8636,15557,15630,-7938.57,-2674.64,209.226,3.75246
giver,8642,15558,15632,-5343.72,-2912.94,345.191,4.43314
giver,8643,15559,15616,233.456,-3499.97,161.033,0.785398
giver,8644,15560,15641,67.8133,-537.544,32.1637,2.63545
giver,8645,15561,15625,514.754,1560.97,130.145,4.39823
giver,8646,15562,15614,-8761.99,1092.71,94.8771,5.13127
giver,8647,15563,15600,-11791.8,-3181.73,-30.0804,1.0821
giver,8648,15564,15606,1633.3,233.931,62.6749,0.401426
giver,8649,15565,15643,-9413.27,154.286,57.1548,2.14675
giver,8650,15566,15636,2237.86,-5340.41,84.7113,1.13446
giver,8651,15567,15617,-7276.75,-797.924,296.582,5.8294
giver,8652,15568,15612,2215.43,237.536,34.1998,1.69297
giver,8653,15569,15611,-5571.58,-503.608,403.093,1.91986
giver,8654,15570,15626,-6233.34,1733.29,5.12093,3.7001
giver,8670,15572,15631,269.454,-4777.18,11.9039,1.6057
giver,8671,15573,15628,-9579.68,-2723.7,13.9323,5.53269
giver,8672,15574,15642,6746.22,-4679.31,725.611,1.5708
giver,8673,15575,15604,-2103.06,-438.984,-7.22764,1.44862
giver,8674,15576,15648,-14424.6,531.775,24.88,5.16617
giver,8675,15577,15633,-10498.7,1034.05,95.6965,1.43117
giver,8676,15578,15645,1689.04,1147.57,8.96011,2.37365
giver,8677,15579,15607,1957.36,-4257.51,31.6109,1.23918
giver,8678,15580,28420,-1012.62,-245.095,159.361,0.244346
giver,8679,15581,15613,-4122.6,110.454,75.8846,5.77704
giver,8680,15582,15647,-869.85,-3725.6,24.4655,4.62512
giver,8681,15583,15644,-7845.33,-1330.45,-264.405,3.15905
giver,8682,15584,15635,-5435.71,-2431.92,89.3615,5.42797
giver,8683,15585,15608,-7500.86,-2154.59,145.989,2.72271
giver,8684,15586,15609,-7155.9,-3769.91,9.1562,2.37365
giver,8685,15587,15619,-3806.54,1093.72,132.053,6.26573
giver,8686,15588,15615,-2297.67,-1948.05,96.3634,3.61283
giver,8688,15592,15646,1853.99,-3721.45,162.308,1.27409
giver,8713,15593,15639,-414.836,5.38781,-90.772,2.11185
giver,8714,15594,15620,1261.16,-2558.27,118.29,0.506145
giver,8715,15595,15601,9768.04,895.38,1297.14,1.25664
giver,8716,15596,15638,-11954.2,-1168.82,77.7486,0.506145
giver,8717,15597,15621,-460.237,-2586.04,99.476,5.13127
giver,8718,15598,15603,10137.4,2583.92,1325.58,4.38078
giver,8719,15599,15602,-6832.99,831.573,49.5379,2.61799
giver,8720,15600,15634,2465.04,-6955.1,112.323,1.76278
giver,8721,15601,15640,6292.08,530.671,16.3725,5.61996
giver,8722,15602,15618,1995.88,-2420.17,59.3823,2.72271
giver,8723,15603,15624,5101.41,-527.394,334.471,4.53786
giver,8724,15604,15623,-6226.63,-3917.87,-59.7434,1.18682
giver,8725,15605,15629,2793.03,-349.605,108.471,2.21657
giver,8726,15606,15605,6466.88,-4265.45,663.761,0.767945
giver,8727,15607,15610,3705.22,-3466.81,130.794,0.0
giver,8792,15702,15664,-1209.58,100.22,134.661,3.15905
giver,8793,15703,15665,1572.58,272.707,-43.0193,5.02655
giver,8794,15704,15666,1653.07,-4403.81,18.5819,4.45059
giver,8795,15707,15668,-4956.09,-931.133,503.347,5.37561
giver,8797,15709,15670,9945.15,2494.24,1317.52,4.20624
giver,8811,15731,15707,-4935.17,-1197.7,501.622,2.46091
giver,8812,15733,15711,-4952.53,-1176.97,501.639,5.39307
giver,8813,15734,15714,-4975.34,-1196.76,501.746,1.88496
giver,8814,15735,15718,-4934.99,-1214.31,501.718,3.33358
giver,8815,15736,15716,1584.77,-4112.94,33.3777,5.41052
giver,8816,15737,15701,1618.44,-4101.76,32.9524,5.23599
giver,8817,15767,15730,-1246.48,74.2627,128.368,5.02655
giver,8818,15739,15720,1603.89,-4142.9,33.7818,2.44346
giver,8819,15731,15707,-4935.17,-1197.7,501.622,2.46091
giver,8820,15733,15711,-4952.53,-1176.97,501.639,5.39307
giver,8821,15734,15714,-4975.34,-1196.76,501.746,1.88496
giver,8822,15735,15718,-4934.99,-1214.31,501.718,3.33358
giver,8823,15736,15716,1584.77,-4112.94,33.3777,5.41052
giver,8824,15737,15701,1618.44,-4101.76,32.9524,5.23599
giver,8825,15739,15720,1603.89,-4142.9,33.7818,2.44346
giver,8826,15738,15722,1660.36,-4107.45,34.6203,2.05949
giver,8827,15732,13349,-3756.64,-770.746,9.69369,3.21141
giver,8828,15732,13349,-3756.64,-770.746,9.69369,3.21141
giver,8832,15765,15724,1911.7,-4276.77,31.6557,4.88692
giver,8833,15765,15724,1911.7,-4276.77,31.6557,4.88692
giver,8834,15764,15726,-4814.48,-1055.52,502.267,6.21337
giver,8835,15764,15726,-4814.48,-1055.52,502.267,6.21337
giver,8836,15762,15727,9965.52,2533.72,1319.0,0.471239
giver,8837,15762,15727,9965.52,2533.72,1319.0,0.471239
giver,8838,15763,15729,-4811.98,-1264.85,501.951,3.05433
giver,8839,15763,15729,-4811.98,-1264.85,501.951,3.05433
giver,8840,15768,15725,1587.89,279.28,-43.0193,4.85202
giver,8841,15768,15725,1587.89,279.28,-43.0193,4.85202
giver,8842,15738,15722,1660.36,-4107.45,34.6203,2.05949
giver,8843,15767,15730,-1246.48,74.2627,128.368,5.02655
giver,8844,15761,15731,1945.32,-4330.31,22.1011,3.50811
giver,8845,15761,15731,1945.32,-4330.31,22.1011,3.50811
giver,8846,15701,15662,-4977.5,-1172.42,501.732,2.28201
giver,8847,15701,15662,-4977.5,-1172.42,501.732,2.28201
giver,8851,15700,15661,1581.54,-4184.57,39.5738,1.56362
giver,8852,15700,15661,1581.54,-4184.57,39.5738,1.56362
giver,8866,15871,15625,-4659.2,-944.427,500.461,4.24115
giver,8867,15895,15865,5824.65,657.071,647.614,3.24631
giver,8870,15892,15864,5825.6,642.92,647.876,3.10669
giver,8871,15892,15864,5825.6,642.92,647.876,3.10669
giver,8872,15892,15864,5825.6,642.92,647.876,3.10669
giver,8873,15891,15863,1614.23,-4395.6,10.6106,3.29867
giver,8874,15891,15863,1614.23,-4395.6,10.6106,3.29867
giver,8875,15891,15863,1614.23,-4395.6,10.6106,3.29867
giver,8883,15895,15865,5824.65,657.071,647.614,3.24631
giver,8884,15920,15916,9123.11,-5959.77,32.6951,0.383692
giver,8885,15920,15916,9123.11,-5959.77,32.6951,0.383692
giver,8886,15921,16036,8854.16,-6278.03,7.87398,1.98968
giver,8888,15951,16658,9026.38,-7457.56,103.374,4.86994
giver,8889,15924,15919,9186.27,-7827.28,98.2947,2.54818
giver,8890,15924,15919,9186.27,-7827.28,98.2947,2.54818
giver,8892,15939,15906,8716.27,-6622.22,80.7642,4.85202
giver,8894,15969,16655,9500.11,-7871.48,16.2059,1.98968
giver,8895,15418,15912,9521.17,-6814.85,16.5752,1.69297
giver,8982,16108,16008,1595.41,230.539,-52.1545,4.63121
giver,8984,16109,16009,1678.2,196.21,-62.173,6.27787
giver,9026,16105,16005,-8869.25,650.809,95.8618,5.12972
giver,9028,16106,16006,-8691.85,840.514,98.6851,2.19234
giver,9035,15941,17289,9188.76,-6712.91,25.997,3.87463
giver,9062,15945,17290,9037.79,-6697.62,12.6447,2.16421
giver,9064,15945,17290,9037.79,-6697.62,12.6447,2.16421
giver,9066,15970,17224,9251.98,-7230.74,16.4737,6.07375
giver,9067,16144,16037,8626.61,-6366.06,55.4326,5.91667
giver,9076,15404,15915,8849.25,-6278.24,8.02033,2.28638
giver,9119,15405,15909,9297.13,-6685.43,22.5423,3.78736
giver,9130,16187,16073,7622.97,-6845.61,83.9717,0.855211
giver,9133,16189,16057,7595.16,-6782.24,86.878,4.62512
giver,9134,16191,16058,9580.71,-7054.05,18.7269,4.69494
giver,9135,16192,16059,9376.4,-7164.92,9.0194,3.1765
giver,9138,16197,16079,7642.22,-6819.37,79.4759,4.31808
giver,9139,16197,16079,7642.22,-6819.37,79.4759,4.31808
giver,9140,16197,16079,7642.22,-6819.37,79.4759,4.31808
giver,9143,16219,16069,7932.62,-7573.55,145.501,0.523599
giver,9144,16210,16065,8718.34,-6655.9,72.8381,5.65487
giver,9145,16213,16067,7552.85,-6784.15,89.417,1.85005
giver,9146,16219,16069,7932.62,-7573.55,145.501,0.523599
giver,9147,16196,16062,8118.0,-6901.53,70.427,1.32645
giver,9148,16183,16055,8119.71,-6899.62,70.8429,3.42085
giver,9149,16198,16071,7499.65,-6856.24,85.4783,1.18682
giver,9150,16199,16470,7563.71,-6802.08,87.118,4.99164
giver,9151,16199,16470,7563.71,-6802.08,87.118,4.99164
giver,9152,16224,16072,7644.05,-6838.9,84.0038,4.69922
giver,9155,16200,16127,7528.07,-6801.9,83.4496,5.51524
giver,9157,16201,16123,7846.54,-7668.93,147.561,0.226893
giver,9158,16202,16120,7559.69,-7675.63,151.369,1.15192
giver,9159,16202,16120,7559.69,-7675.63,151.369,1.15192
giver,9160,16231,16080,7551.52,-6764.35,91.3361,5.2709
giver,9161,16203,16121,7548.63,-7657.9,167.829,4.90438
giver,9163,16231,16080,7551.52,-6764.35,91.3361,5.2709
giver,9164,16198,16071,7499.65,-6856.24,85.4783,1.18682
giver,9166,16231,16080,7551.52,-6764.35,91.3361,5.2709
giver,9167,16239,16471,7192.36,-7100.57,57.1446,2.51327
giver,9169,16237,16083,7484.22,-7273.52,98.1402,3.97111
giver,9170,16204,16472,7198.52,-7093.96,66.5416,0.366519
giver,9171,16253,16103,7586.1,-6881.42,95.1048,1.23918
giver,9172,16203,16121,7548.63,-7657.9,167.829,4.90438
giver,9173,16252,16099,7552.8,-6760.88,91.3371,4.85202
giver,9174,16201,16123,7846.54,-7668.93,147.561,0.226893
giver,9176,16239,16471,7192.36,-7100.57,57.1446,2.51327
giver,9180,16252,16099,7552.8,-6760.88,91.3371,4.85202
giver,9189,16287,16112,1298.25,319.007,-58.3698,3.48013
giver,9192,16251,16100,7556.46,-6759.95,91.3061,4.24115
giver,9193,16289,16117,7544.94,-6763.04,91.3372,5.89921
giver,9199,16251,16100,7556.46,-6759.95,91.3061,4.24115
giver,9207,16293,16119,7203.48,-6320.68,33.5638,1.3439
giver,9212,16295,16122,7544.91,-7359.97,162.44,0.034907
giver,9214,16220,16070,7614.6,-7671.46,154.08,2.74697
giver,9216,16205,16115,7577.79,-6897.55,111.997,2.23402
giver,9217,16205,16115,7577.79,-6897.55,111.997,2.23402
giver,9218,16205,16115,7577.79,-6897.55,111.997,2.23402
giver,9219,16205,16115,7577.79,-6897.55,111.997,2.23402
giver,9220,16204,16472,7198.52,-7093.96,66.5416,0.366519
giver,9252,15942,15520,8684.63,-6798.71,94.0984,2.35619
giver,9253,15942,15520,8684.63,-6798.71,94.0984,2.35619
giver,9254,16210,16065,8718.34,-6655.9,72.8381,5.65487
giver,9255,15402,15930,8711.23,-7160.89,43.6012,1.02974
giver,9256,15403,15906,9531.33,-6859.75,18.7898,1.81514
giver,9258,16397,18828,8703.9,-6633.56,72.8276,5.18363
giver,9260,16478,16204,-8955.32,523.414,96.44,3.78736
giver,9261,16484,16212,-5027.18,-806.981,496.484,3.00197
giver,9262,16495,16221,9939.37,2114.4,1328.61,6.10865
giver,9263,16493,16219,1512.34,-4403.79,19.7539,5.77704
giver,9264,16490,16218,-1346.69,192.28,61.5735,4.38078
giver,9265,16494,16220,1736.87,239.556,62.7903,6.26573
giver,9267,16418,16171,-944.93,-3580.12,27.5845,3.68265
giver,9274,16462,16192,7611.57,-7666.11,154.08,5.81195
giver,9275,16464,16195,7572.2,-7679.56,167.829,2.3911
giver,9276,16463,16193,7579.23,-7670.07,151.757,2.98451
giver,9277,16463,16193,7579.23,-7670.07,151.757,2.98451
giver,9279,16475,16203,-3962.0,-13926.3,101.238,4.1889
giver,9280,16477,16201,-4039.4,-13773.7,75.3083,5.18363
giver,9281,16480,16207,7025.41,-6814.6,42.1224,3.12414
giver,9282,16239,16471,7192.36,-7100.57,57.1446,2.51327
giver,9283,16502,16225,-4120.99,-13762.1,73.588,0.511774
giver,9287,16501,16224,-4103.19,-13744.2,74.7326,3.75246
giver,9288,16499,16222,-4143.19,-13752.0,74.632,6.17846
giver,9289,16503,16226,-4136.04,-13739.8,74.6439,5.60251
giver,9290,16500,16223,-4117.47,-13739.6,74.7147,4.92183
giver,9291,16502,16225,-4120.99,-13762.1,73.588,0.511774
giver,9293,16514,16227,-4057.03,-13721.6,72.9162,0.314159
giver,9294,16514,16227,-4057.03,-13721.6,72.9162,0.314159
giver,9303,16535,16246,-4195.09,-13735.8,73.8058,0.523599
giver,9305,17071,16805,-4184.55,-13733.1,74.2699,1.91986
giver,9309,16535,16246,-4195.09,-13735.8,73.8058,0.523599
giver,9311,16546,16253,-4445.66,-13430.9,51.337,5.58505
giver,9312,16535,16246,-4195.09,-13735.8,73.8058,0.523599
giver,9313,17071,16805,-4184.55,-13733.1,74.2699,1.91986
giver,9314,16554,16262,-4260.66,-13125.4,37.1331,4.69494
giver,9315,16601,16319,7938.38,-7182.34,133.754,2.79253
giver,9327,16197,16079,7642.22,-6819.37,79.4759,4.31808
giver,9328,16239,16471,7192.36,-7100.57,57.1446,2.51327
giver,9329,16197,16079,7642.22,-6819.37,79.4759,4.31808
giver,9352,15403,15906,9531.33,-6859.75,18.7898,1.81514
giver,9358,15397,15924,8700.38,-6638.36,72.8276,5.51524
giver,9359,15939,15906,8716.27,-6622.22,80.7642,4.85202
giver,9363,15399,15911,8980.84,-7458.36,86.7743,2.40855
giver,9369,16477,16201,-4039.4,-13773.7,75.3083,5.18363
giver,9371,16477,16201,-4039.4,-13773.7,75.3083,5.18363
giver,9392,15278,15516,10352.0,-6359.93,34.1146,2.07694
giver,9393,15278,15516,10352.0,-6359.93,34.1146,2.07694
giver,9394,15924,15919,9186.27,-7827.28,98.2947,2.54818
giver,9395,16210,16065,8718.34,-6655.9,72.8381,5.65487
giver,9402,15970,17224,9251.98,-7230.74,16.4737,6.07375
giver,9403,15970,17224,9251.98,-7230.74,16.4737,6.07375
giver,9404,15970,17224,9251.98,-7230.74,16.4737,6.07375
giver,9409,16477,16201,-4039.4,-13773.7,75.3083,5.18363
giver,9421,17089,17598,-4127.28,-13727.2,74.758,4.72984
giver,9425,16287,16112,1298.25,319.007,-58.3698,3.48013
giver,9428,17098,16850,1914.83,-4123.96,43.3204,5.32325
giver,9429,17103,16854,-8442.97,325.454,122.246,1.93731
giver,9432,17105,16856,9664.36,2528.67,1360.08,5.65487
giver,9449,17089,17598,-4127.28,-13727.2,74.758,4.72984
giver,9450,17087,16840,-3855.21,-13403.1,77.2317,3.82876
giver,9451,17087,16840,-3855.21,-13403.1,77.2317,3.82876
giver,9452,17101,16853,-4266.38,-12985.1,2.29031,5.5232
giver,9453,17101,16853,-4266.38,-12985.1,2.29031,5.5232
giver,9454,17110,16860,-4203.65,-12526.5,45.5265,4.90438
giver,9456,17116,16862,-4167.46,-12417.9,41.9126,1.0821
giver,9460,17224,16918,8020.9,-6371.51,59.9664,4.67748
giver,9461,17212,17599,-4162.33,-12456.1,44.3411,4.13643
giver,9462,17219,16914,-3777.9,-11407.2,-137.934,1.06381
giver,9463,17214,16911,-4199.11,-12469.9,45.7105,3.29055
giver,9464,17212,17599,-4162.33,-12456.1,44.3411,4.13643
giver,9465,17205,12129,-3285.64,-12924.1,11.7715,3.51984
giver,9467,17205,12129,-3285.64,-12924.1,11.7715,3.51984
giver,9468,17205,12129,-3285.64,-12924.1,11.7715,3.51984
giver,9473,17215,16912,-4191.15,-12470.0,45.6375,3.80482
giver,9484,15399,15911,8980.84,-7458.36,86.7743,2.40855
giver,9485,15399,15911,8980.84,-7458.36,86.7743,2.40855
giver,9486,15399,15911,8980.84,-7458.36,86.7743,2.40855
giver,9487,16197,16079,7642.22,-6819.37,79.4759,4.31808
giver,9488,16197,16079,7642.22,-6819.37,79.4759,4.31808
giver,9489,16276,16707,9466.62,-6844.23,28.4612,4.64258
giver,9491,16268,16678,7511.88,-6841.08,83.7494,1.27409
giver,9500,17219,16914,-3777.9,-11407.2,-137.934,1.06381
giver,9501,17204,17600,-3804.5,-11396.9,-104.253,6.011
giver,9502,23127,21265,-4720.26,-1150.07,502.448,3.75844
giver,9503,17275,13444,-1110.26,-11128.9,-78.3828,5.49779
giver,9504,17275,13444,-1110.26,-11128.9,-78.3828,5.49779
giver,9505,17215,16912,-4191.15,-12470.0,45.6375,3.80482
giver,9506,17240,16931,-4699.57,-12414.8,11.6456,4.38078
giver,9508,17275,13444,-1110.26,-11128.9,-78.3828,5.49779
giver,9509,17275,13444,-1110.26,-11128.9,-78.3828,5.49779
giver,9512,17246,16947,-4708.59,-12400.3,11.9429,0.994838
giver,9513,17241,16932,-4701.66,-12418.5,11.7104,0.994838
giver,9515,17241,16932,-4701.66,-12418.5,11.7104,0.994838
giver,9523,17242,16933,-4693.81,-12423.1,11.8935,6.26573
giver,9527,17311,16974,-5357.79,-11175.3,6.43216,3.76991
giver,9528,17312,16976,-4781.36,-11054.6,2.47597,2.26893
giver,9529,16647,16800,9773.28,-7301.98,14.7505,0.820305
giver,9530,17240,16931,-4699.57,-12414.8,11.6456,4.38078
giver,9531,17240,16931,-4699.57,-12414.8,11.6456,4.38078
giver,9532,16684,16767,9732.89,-7366.4,24.4147,1.58825
giver,9537,17240,16931,-4699.57,-12414.8,11.6456,4.38078
giver,9538,17232,16928,-4177.22,-12510.2,44.4447,2.79253
giver,9539,17360,16997,-4177.67,-12512.5,44.403,2.82743
giver,9540,17361,16998,-3924.22,-12748.4,96.785,1.93731
giver,9541,17362,16986,-3873.31,-13124.5,7.06856,1.72788
giver,9542,17363,16987,-4636.21,-13069.5,-14.6107,0.017453
giver,9544,17364,16988,-4487.45,-11644.2,11.3351,5.18363
giver,9548,17421,17014,-1219.88,-11450.0,1.08143,0.977384
giver,9549,17421,17014,-1219.88,-11450.0,1.08143,0.977384
giver,9555,17468,17822,-3993.71,-11413.7,-122.136,1.22173
giver,9559,17114,16861,-4180.54,-12509.6,44.4447,6.05629
giver,9560,17442,6211,-3442.68,-12322.2,14.1547,6.12611
giver,9561,17424,17021,-1931.62,-11858.3,51.4339,2.77507
giver,9562,17441,16993,-3431.17,-12316.5,14.2924,4.53786
giver,9565,17440,9491,-3353.36,-12400.5,26.0876,2.35619
giver,9567,17433,17026,-2019.67,-11872.1,46.5847,2.40855
giver,9569,17433,17026,-2019.67,-11872.1,46.5847,2.40855
giver,9570,17443,6830,-3398.19,-12412.1,19.1152,1.62316
giver,9571,17443,6830,-3398.19,-12412.1,19.1152,1.62316
giver,9573,17445,6829,-3368.17,-12409.4,24.0562,1.82019
giver,9574,17434,17027,-2014.22,-11812.1,53.9252,4.88692
giver,9578,17434,17027,-2014.22,-11812.1,53.9252,4.88692
giver,9579,17508,17046,-2090.25,-11298.4,63.4649,5.68977
giver,9580,17642,17141,-1998.1,-11897.5,50.5003,0.069813
giver,9581,17423,17020,-1915.55,-11790.6,64.6045,4.32842
giver,9582,17480,17215,-4165.05,-12536.4,44.9161,1.69297
giver,9584,17423,17020,-1915.55,-11790.6,64.6045,4.32842
giver,9585,17423,17020,-1915.55,-11790.6,64.6045,4.32842
giver,9586,17482,17232,-4131.66,-12478.6,44.6574,1.51844
giver,9591,17614,17124,-4269.01,-11484.5,8.90955,0.174533
giver,9592,17614,17124,-4269.01,-11484.5,8.90955,0.174533
giver,9593,17614,17124,-4269.01,-11484.5,8.90955,0.174533
giver,9595,17481,17233,-4149.62,-12530.1,45.1902,2.61799
giver,9598,17509,17226,-4191.51,-11471.8,-130.79,4.64258
giver,9600,17509,17226,-4191.51,-11471.8,-130.79,4.64258
giver,9602,17240,16931,-4699.57,-12414.8,11.6456,4.38078
giver,9603,17553,17083,-2059.2,-11897.0,45.7415,0.959931
giver,9604,17554,17084,-1930.02,-11956.8,57.4743,2.54818
giver,9605,16768,17500,-3962.58,-11668.9,-138.778,2.35619
giver,9606,17555,17085,-4057.15,-11788.6,8.87662,5.59502
giver,9612,17587,17113,-4366.61,-12204.1,6.78363,2.86416
giver,9617,3038,2112,-1464.61,-93.7802,159.101,0.471239
giver,9618,17224,16918,8020.9,-6371.51,59.9664,4.67748
giver,9620,17423,17020,-1915.55,-11790.6,64.6045,4.32842
giver,9621,16802,17122,9990.5,-7052.52,45.4464,4.60241
giver,9622,17440,9491,-3353.36,-12400.5,26.0876,2.35619
giver,9623,17116,16862,-4167.46,-12417.9,41.9126,1.0821
giver,9624,17599,17118,-2689.54,-12144.5,14.6154,0.959931
giver,9625,17584,17110,-3972.18,-11927.5,-0.670018,3.66519
giver,9626,10181,28213,1290.41,316.247,-57.2376,1.309
giver,9627,4949,4527,1919.9,-4123.8,44.3715,4.79965
giver,9628,17600,17119,-1818.55,-12070.9,32.7632,4.15388
giver,9629,17434,17027,-2014.22,-11812.1,53.9252,4.88692
giver,9632,17424,17021,-1931.62,-11858.3,51.4339,2.77507
giver,9633,17614,17124,-4269.01,-11484.5,8.90955,0.174533
giver,9634,17586,17112,-2670.2,-12131.4,17.2069,4.08407
giver,9641,17684,17181,-1960.39,-11883.2,48.9848,4.67748
giver,9642,17684,17181,-1960.39,-11883.2,48.9848,4.67748
giver,9643,17642,17141,-1998.1,-11897.5,50.5003,0.069813
giver,9647,17642,17141,-1998.1,-11897.5,50.5003,0.069813
giver,9648,17663,17169,-1994.23,-11915.8,51.5202,5.35816
giver,9649,17663,17169,-1994.23,-11915.8,51.5202,5.35816
giver,9663,17649,17155,-2662.24,-12130.1,17.4634,4.18879
giver,9666,17649,17155,-2662.24,-12130.1,17.4634,4.18879
giver,9667,17682,9491,-2519.77,-12301.9,14.2378,3.19395
giver,9668,17649,17155,-2662.24,-12130.1,17.4634,4.18879
giver,9669,17676,17173,-1998.69,-11812.1,54.7612,3.735
giver,9670,17686,17182,-1505.5,-10886.6,64.9206,2.28638
giver,9671,17703,17193,-1951.89,-11896.6,48.8616,0.419529
giver,9673,15399,15911,8980.84,-7458.36,86.7743,2.40855
giver,9674,17712,1279,-1251.07,-12657.3,0.88492,1.76278
giver,9675,17614,17124,-4269.01,-11484.5,8.90955,0.174533
giver,9676,15278,15516,10352.0,-6359.93,34.1146,2.07694
giver,9677,16275,16685,9516.05,-6870.96,18.8333,6.14356
giver,9678,17717,17199,9869.7,-7482.1,15.0325,4.10152
giver,9681,17717,17199,9869.7,-7482.1,15.0325,4.10152
giver,9682,17712,1279,-1251.07,-12657.3,0.88492,1.76278
giver,9683,17712,1279,-1251.07,-12657.3,0.88492,1.76278
giver,9684,17718,17201,9861.31,-7516.01,-7.97752,2.26893
giver,9685,17717,17199,9869.7,-7482.1,15.0325,4.10152
giver,9686,17807,17257,10099.6,-6599.11,3.73867,2.16421
giver,9687,17674,17171,-1507.09,-12525.4,4.84157,4.24377
giver,9688,17674,17171,-1507.09,-12525.4,4.84157,4.24377
giver,9689,17674,17171,-1507.09,-12525.4,4.84157,4.24377
giver,9690,17717,17199,9869.7,-7482.1,15.0325,4.10152
giver,9691,17807,17257,10099.6,-6599.11,3.73867,2.16421
giver,9692,17717,17199,9869.7,-7482.1,15.0325,4.10152
giver,9693,17658,17161,-1915.68,-11793.8,64.6045,3.22886
giver,9694,17684,17181,-1960.39,-11883.2,48.9848,4.67748
giver,9696,17684,17181,-1960.39,-11883.2,48.9848,4.67748
giver,9698,17825,17269,-1942.65,-11851.0,51.5281,4.17134
giver,9699,17468,17822,-3993.71,-11413.7,-122.136,1.22173
giver,9700,17684,17181,-1960.39,-11883.2,48.9848,4.67748
giver,9703,17843,17277,-1959.44,-11890.1,49.2366,1.5708
giver,9704,15301,15514,9984.04,-6478.02,1.07989,5.5676
giver,9705,17849,17284,9871.0,-6557.19,10.3874,0.261799
giver,9707,17717,17199,9869.7,-7482.1,15.0325,4.10152
giver,9710,16669,16762,9841.98,-7362.39,18.5945,4.79965
giver,9711,17843,17277,-1959.44,-11890.1,49.2366,1.5708
giver,9740,17844,17276,-1963.4,-11887.4,49.0988,0.279253
giver,9741,17926,17326,-1755.93,-11061.5,77.1203,4.08407
giver,9746,17844,17276,-1963.4,-11887.4,49.0988,0.279253
giver,9748,17844,17276,-1963.4,-11887.4,49.0988,0.279253
giver,9751,17240,16931,-4699.57,-12414.8,11.6456,4.38078
giver,9753,17844,17276,-1963.4,-11887.4,49.0988,0.279253
giver,9756,17658,17161,-1915.68,-11793.8,64.6045,3.22886
giver,9757,895,3395,-6091.79,365.141,395.623,2.33874
giver,9758,16252,16099,7552.8,-6760.88,91.3371,4.85202
giver,9759,17982,17384,-1772.81,-11080.6,77.6202,4.2586
giver,9760,17658,17161,-1915.68,-11793.8,64.6045,3.22886
giver,9761,17986,17388,-1777.24,-11078.2,76.5136,4.72984
giver,9762,17468,17822,-3993.71,-11413.7,-122.136,1.22173
giver,9779,17684,17181,-1960.39,-11883.2,48.9848,4.67748
giver,9799,20233,19510,-4059.43,-13718.8,72.9697,3.26377
giver,9811,16239,16471,7192.36,-7100.57,57.1446,2.51327
giver,9812,16802,17122,9990.5,-7052.52,45.4464,4.60241
giver,9813,10181,28213,1290.41,316.247,-57.2376,1.309
giver,9877,16240,16116,7203.16,-7092.56,66.7918,2.86234
giver,10063,18804,18210,-1937.86,-11912.5,48.1426,1.90241
giver,10064,17423,17020,-1915.55,-11790.6,64.6045,4.32842
giver,10065,17927,17327,-1757.13,-11062.2,77.0563,4.38078
giver,10066,17986,17388,-1777.24,-11078.2,76.5136,4.72984
giver,10067,17986,17388,-1777.24,-11078.2,76.5136,4.72984
giver,10068,15279,15522,10337.2,-6419.45,38.6156,6.10865
giver,10069,15280,15521,10366.7,-6431.53,38.6157,0.733038
giver,10070,15513,15520,10384.7,-6410.67,38.6156,3.19395
giver,10071,15285,15519,10384.5,-6404.99,38.6156,3.42085
giver,10072,15284,15518,10372.4,-6428.84,38.6155,3.33358
giver,10073,15283,15524,10337.6,-6405.03,38.6156,5.98648
giver,10166,15398,15908,8414.19,-6165.0,61.3986,1.8675
giver,10302,16514,16227,-4057.03,-13721.6,72.9162,0.314159
giver,10303,16546,16253,-4445.66,-13430.9,51.337,5.58505
giver,10304,16514,16227,-4057.03,-13721.6,72.9162,0.314159
giver,10324,17110,16860,-4203.65,-12526.5,45.5265,4.90438
giver,10350,17480,17215,-4165.05,-12536.4,44.9161,1.69297
giver,10352,14725,14755,10076.0,2260.77,1333.08,0.436332
giver,10359,20612,19703,9730.46,-7086.01,16.7664,3.33358
giver,10366,17483,17234,-4138.98,-12468.5,44.6632,6.00393
giver,10371,16771,17212,-4198.85,-11648.6,-99.673,5.81195
giver,10372,16684,16767,9732.89,-7366.4,24.4147,1.58825
giver,10428,17488,17230,-4179.89,-12493.1,44.4446,1.72788
giver,10490,20407,19598,-9031.63,549.8,73.4711,5.18363
giver,10548,16268,16678,7511.88,-6841.08,83.7494,1.27409
giver,10605,16646,16787,9775.05,-7286.25,14.752,5.42797
giver,10752,3649,1770,6580.97,492.292,8.31743,0.331613
giver,10788,5675,3948,1711.59,57.1672,-62.2059,4.88692
giver,10789,5875,4492,1850.31,-4357.3,-14.6936,5.32325
giver,10790,5675,3948,1711.59,57.1672,-62.2059,4.88692
giver,10794,16684,16767,9732.89,-7366.4,24.4147,1.58825
giver,10919,20206,19422,-684.603,2626.44,89.1955,2.22254
giver,11117,23486,21574,-5172.92,-562.567,397.26,3.45575
giver,11118,23486,21574,-5172.92,-562.567,397.26,3.45575
giver,11120,24657,22553,1194.8,-4342.57,21.3794,0.261799
giver,11122,23558,22454,-5200.16,-491.549,388.559,3.19395
giver,11129,23618,21641,-2097.52,-430.539,-6.62822,0.977384
giver,11131,24519,22504,-9429.92,56.1355,56.7913,2.98451
giver,11219,23973,22499,9515.57,-6814.63,16.5557,4.41568
giver,11293,23627,22450,-5184.13,-611.797,397.26,0.488692
giver,11294,23628,22451,-5146.56,-633.554,397.264,1.64061
giver,11318,23558,22454,-5200.16,-491.549,388.559,3.19395
giver,11360,24519,22504,-9429.92,56.1355,56.7913,2.98451
giver,11361,23973,22499,9515.57,-6814.63,16.5557,4.41568
giver,11407,24498,22488,1176.86,-4309.27,21.3625,0.628319
giver,11408,24499,22489,1189.05,-4267.56,21.2987,5.11381
giver,11409,24497,22487,1279.69,-4411.26,26.4771,1.97222
giver,11412,24497,22487,1279.69,-4411.26,26.4771,1.97222
giver,11431,24657,22553,1194.8,-4342.57,21.3794,0.261799
giver,11439,24519,22504,-9429.92,56.1355,56.7913,2.98451
giver,11440,24519,22504,-9429.92,56.1355,56.7913,2.98451
giver,11442,24710,22603,-5184.68,-562.372,397.26,2.11185
giver,11447,24711,22605,1200.99,-4372.89,24.8457,4.62512
giver,11449,23973,22499,9515.57,-6814.63,16.5557,4.41568
giver,11450,23973,22499,9515.57,-6814.63,16.5557,4.41568
giver,11486,23872,21824,891.839,-129.183,-49.6599,5.25344
giver,11487,23872,21824,891.839,-129.183,-49.6599,5.25344
giver,11882,25962,23791,-8247.7,-2608.94,133.238,2.98451
giver,11915,25994,23789,-2332.08,-612.706,-8.2112,2.63545
giver,12022,27215,24419,-5185.46,-539.37,397.092,3.26083
giver,12135,24519,22504,-9429.92,56.1355,56.7913,2.98451
giver,12139,23973,22499,9515.57,-6814.63,16.5557,4.41568
giver,12191,27216,24420,1197.28,-4355.3,21.3794,0.261799
giver,12816,29441,16221,9348.69,-7286.93,14.666,4.17134
giver,12817,29442,16219,-4039.06,-11923.4,-1.13312,4.86947
giver,13012,30348,26949,2375.05,5164.53,3.88408,1.11701
giver,13013,30357,26950,4547.97,-4290.28,174.118,1.90241
giver,13014,30358,26951,3484.46,1958.78,64.9327,3.92699
giver,13015,30359,26952,6702.6,-212.842,975.866,3.71755
giver,13016,30360,26953,3577.13,6622.45,195.557,1.3439
giver,13017,30531,27094,174.692,75.9099,74.3549,3.47321
giver,13018,30362,26954,5439.8,4760.64,-198.603,1.22173
giver,13019,30363,26955,2651.55,891.997,4.45811,0.226893
giver,13020,30375,26966,8414.43,-381.994,903.202,3.31613
giver,13021,30536,27098,323.178,-214.713,-14.0055,4.46804
giver,13022,30533,27095,575.44,558.982,291.963,3.59538
giver,13023,30534,27096,-509.596,-734.34,30.3297,1.6057
giver,13024,30365,26956,5863.82,4149.81,-93.8164,4.90438
giver,13025,30367,26957,4217.82,-5338.1,11.6819,1.5708
giver,13026,30368,26958,5440.31,2870.63,418.758,3.68264
giver,13027,30369,26959,5805.49,-3541.65,391.736,3.61283
giver,13028,30370,26960,6180.66,-1085.65,415.44,2.87979
giver,13029,30371,26961,2992.49,6095.72,141.789,5.46288
giver,13030,30372,26962,3872.13,-4479.92,222.808,4.2586
giver,13031,30373,26963,3766.99,1658.78,119.168,5.60251
giver,13032,30374,26964,7763.62,-2752.57,1164.59,6.07375
giver,13033,30364,27003,3217.41,5261.7,48.0169,1.90241
giver,13065,30537,27099,1697.6,751.785,142.85,3.80482
giver,13066,30535,27097,995.1,856.152,185.062,5.16617
giver,13067,30538,27100,468.646,-416.338,75.0085,0.296706
giver,13265,27001,24287,2117.3,5261.07,19.5305,4.81711
giver,13268,26914,24154,588.854,-4938.71,28.1742,4.45059
giver,13269,26964,24211,1875.43,-6198.47,23.8265,0.226893
giver,13270,26969,24194,2842.94,6170.93,104.895,1.11701
giver,13272,28699,25615,5881.01,752.591,640.486,4.93928
giver,13479,32798,28304,317.219,-4677.94,16.1175,3.80143
giver,13480,32799,28302,-5607.53,-511.287,402.237,1.0253
giver,13502,32836,28306,-5604.8,-527.253,399.659,2.43902
giver,13503,32837,28308,354.242,-4684.24,16.4578,3.5501
giver,13571,32516,28006,5885.2,674.205,615.378,2.68781
giver,13931,24510,22498,1285.1,-4409.89,26.5416,2.05949
giver,13932,24468,22455,-5200.87,-484.704,388.881,3.42085
giver,13952,34435,29226,-9338.03,186.135,61.6233,4.20624
giver,14023,34675,29337,-9130.26,351.837,93.8495,2.26893
giver,14024,34744,29444,-9115.44,359.269,93.5546,2.6529
giver,14028,34644,29392,-5062.74,-791.941,495.798,0.0174533
giver,14030,34744,29444,-9115.44,359.269,93.5546,2.6529
giver,14033,34676,29391,9960.45,2241.05,1333.94,3.22886
giver,14035,34675,29337,-9130.26,351.837,93.8495,2.26893
giver,14037,34768,29403,1786.79,247.382,60.4293,2.0944
giver,14040,34768,29403,1786.79,247.382,60.4293,2.0944
giver,14041,34679,29395,1321.89,-4425.74,27.3724,3.45575
giver,14043,34678,29339,-1293.6,194.462,59.8279,0.907571
giver,14044,34679,29395,1321.89,-4425.74,27.3724,3.45575
giver,14047,34677,29338,1804.59,259.785,61.6442,4.90438
giver,14048,34708,29324,-5061.73,-803.346,495.816,1.41372
giver,14051,34708,29324,-5061.73,-803.346,495.816,1.41372
giver,14053,34710,29400,-9111.5,365.264,94.7468,2.21657
giver,14054,34711,29388,9990.42,2234.54,1331.2,3.15905
giver,14055,34744,29444,-9115.44,359.269,93.5546,2.6529
giver,14058,34768,29403,1786.79,247.382,60.4293,2.0944
giver,14059,34712,29365,1820.82,266.868,60.8283,4.57276
giver,14060,34714,29399,-1335.95,193.462,61.4233,6.14356
giver,14061,34713,29401,1319.87,-4414.03,27.08,3.22886
giver,14062,34713,29401,1319.87,-4414.03,27.08,3.22886
giver,14064,34653,29341,-5387.29,-2881.86,341.308,2.53073
giver,14065,34654,29330,-1018.71,-3554.53,56.493,1.32645
giver,14166,35256,29719,5855.54,766.549,641.567,3.78736
giver,14167,34478,29230,-5160.72,-882.705,507.359,1.78024
giver,14168,34481,29233,-5166.08,-881.127,507.391,1.0821
giver,14169,34484,29236,-4307.63,-12420.6,17.6499,4.92183
giver,14170,34479,29231,10055.2,2133.33,1329.74,3.15905
giver,14171,34483,29235,9417.51,-6851.21,15.0948,3.42085
giver,14172,35260,29732,-1784.9,4934.79,-22.4792,3.54302
giver,14173,35261,29733,-1801.12,4913.88,-21.8949,2.26893
giver,14174,34476,29228,1778.54,218.241,59.7678,1.0821
giver,14175,34477,29229,1186.83,-4472.39,21.4995,1.69297
giver,14176,34480,29232,-979.089,-79.9653,19.9662,1.06465
giver,14177,34482,29234,1178.86,-4471.87,21.1731,1.37881
giver,14351,2215,1645,-33.3555,-927.892,54.5261,1.54421
giver,14356,36273,30075,1287.7,333.589,-59.9998,4.86748
giver,14418,6467,5206,1435.6,71.9724,-62.1954,1.01229
giver,14419,6467,5206,1435.6,71.9724,-62.1954,1.01229
giver,14420,6467,5206,1435.6,71.9724,-62.1954,1.01229
giver,14421,6522,5346,1389.34,347.315,-65.9567,0.715585
giver,24536,37172,30728,1658.82,-4392.51,23.3589,4.6346
giver,24541,37172,30728,1658.82,-4392.51,23.3589,4.6346
giver,24576,38328,31041,1776.14,-4507.72,27.7458,0.701323
giver,24597,37887,15990,-8864.01,635.646,96.0818,1.97249
giver,24609,38041,15990,-4915.43,-979.532,501.448,2.31443
giver,24610,38039,15990,9871.16,2488.28,1315.88,0.547356
giver,24611,38040,15990,-4010.12,-11846.9,0.135113,5.42082
giver,24612,38042,15990,1648.48,-4434.6,17.6364,1.10031
giver,24613,38045,15990,1630.48,236.085,63.2574,0.382657
giver,24614,38044,15990,-1223.83,62.5435,129.123,3.29929
giver,24615,38043,15990,9617.42,-7181.72,14.2958,2.39329
giver,24629,37675,30712,-1224.81,67.5514,130.815,3.13043
giver,24635,37675,30712,-1224.81,67.5514,130.815,3.13043
giver,24636,37675,30712,-1224.81,67.5514,130.815,3.13043
giver,24638,37172,30728,1658.82,-4392.51,23.3589,4.6346
giver,24645,37172,30728,1658.82,-4392.51,23.3589,4.6346
giver,24655,38066,30728,-8867.86,652.647,97.0113,4.84704
giver,24656,38066,30728,-8867.86,652.647,97.0113,4.84704
giver,24657,38325,31040,-8881.19,669.006,105.834,0.696214
giver,24658,38066,30728,-8867.86,652.647,97.0113,4.84704
giver,24659,38066,30728,-8867.86,652.647,97.0113,4.84704
giver,24803,38294,23657,5699.04,617.319,646.797,0.855211
giver,24804,38293,31016,9885.37,2494.31,1315.92,3.01351
giver,24805,38295,31016,-1239.7,55.8489,127.02,0.969017
giver,24806,38294,23657,5699.04,617.319,646.797,0.855211
giver,24848,38066,30728,-8867.86,652.647,97.0113,4.84704
giver,24849,38325,31040,-8881.19,669.006,105.834,0.696214
giver,24850,37172,30728,1658.82,-4392.51,23.3589,4.6346
giver,24851,38328,31041,1776.14,-4507.72,27.7458,0.701323
giver,25199,39675,31683,-5464.72,-668.715,393.602,1.85005
giver,25212,39386,31677,-5444.32,-665.155,393.801,2.16421
giver,25283,39678,31676,-5461.83,-626.958,393.687,5.18363
giver,25500,39678,31676,-5461.83,-626.958,393.687,5.18363
objective,1,0,0,2148,-5252,0,0
objective,2,0,0,2148,-2816,0,0
objective,5,0,0,-10499,-1158,0,0
objective,6,0,0,-9056,-461,0,0
objective,7,0,0,-8797,-259,0,0
objective,8,0,0,2270,245,0,0
objective,9,0,0,-9934,1166,0,0
objective,11,0,0,-9983,549,0,0
objective,12,0,0,-10179,1878,0,0
objective,13,0,0,-10727,1659,0,0
objective,14,0,0,-11258,1506,0,0
objective,15,0,0,-8782,-274,0,0
objective,16,0,0,-9983,549,0,0
objective,18,0,0,-9052,-458,0,0
objective,19,0,0,-9435,-3079,0,0
objective,20,0,0,-9816,-3260,0,0
objective,21,0,0,-8561,-218,0,0
objective,22,0,0,-10448,872,0,0
objective,23,0,0,2026,-824,0,0
objective,24,0,0,2759,-1901,0,0
objective,26,0,0,8020,-2679,0,0
objective,27,0,0,8020,-2679,0,0
objective,28,0,0,7708,-2733,0,0
objective,29,0,0,7708,-2733,0,0
objective,30,0,0,8020,-2679,0,0
objective,31,0,0,-1039,-282,0,0
objective,33,0,0,-8837,-305,0,0
objective,34,0,0,-9289,-1919,0,0
objective,35,0,0,-9610,-1032,0,0
objective,36,0,0,-10112,1042,0,0
objective,37,0,0,-9336,-986,0,0
objective,38,0,0,-10586,816,0,0
objective,39,0,0,-9466,74,0,0
objective,40,0,0,-9466,74,0,0
objective,45,0,0,-9224,-1234,0,0
objective,46,0,0,-8986,-1251,0,0
objective,47,0,0,-9317,-717,0,0
objective,52,0,0,-9717,-1612,0,0
objective,54,0,0,-9466,74,0,0
objective,55,0,0,-10318,377,0,0
objective,56,0,0,-10954,-1376,0,0
objective,57,0,0,-10509,191,0,0
objective,58,0,0,-10333,121,0,0
objective,59,0,0,-9532,-1222,0,0
objective,60,0,0,-9317,-717,0,0
objective,61,0,0,-8858,625,0,0
objective,62,0,0,-9844,92,0,0
objective,63,0,0,419,1832,0,0
objective,64,0,0,-9850,1290,0,0
objective,65,0,0,-9232,-2146,0,0
objective,71,0,0,-9610,-1032,0,0
objective,76,0,0,-9029,-644,0,0
objective,83,0,0,-9866,-223,0,0
objective,84,0,0,-9924,38,0,0
objective,85,0,0,-9924,38,0,0
objective,86,0,0,-9785,-1050,0,0
objective,87,0,0,-9746,88,0,0
objective,88,0,0,-9783,-885,0,0
objective,89,0,0,-8980,-2338,0,0
objective,90,0,0,-8822,518,0,0
objective,91,0,0,-9267,-3355,0,0
objective,92,0,0,-9493,-2346,0,0
objective,93,0,0,-10051,-1250,0,0
objective,94,0,0,-9253,-3405,0,0
objective,95,0,0,-11116,-513,0,0
objective,96,0,0,-1345,-4048,0,0
objective,99,0,0,-354,1422,0,0
objective,100,0,0,417,1823,0,0
objective,101,0,0,-10332,108,0,0
objective,102,0,0,-10587,1913,0,0
objective,103,0,0,-9974,1081,0,0
objective,104,0,0,-11358,1812,0,0
objective,106,0,0,-9930,500,0,0
objective,107,0,0,-9460,32,0,0
objective,109,0,0,-10509,1045,0,0
objective,111,0,0,-9881,323,0,0
objective,112,0,0,-9518,-486,0,0
objective,114,0,0,-10014,38,0,0
objective,115,0,0,-9374,-3083,0,0
objective,116,0,0,-10510,-1157,0,0
objective,117,0,0,-9974,1081,0,0
objective,118,0,0,-9457,88,0,0
objective,119,0,0,-9259,-2243,0,0
objective,120,0,0,-8954,521,0,0
objective,121,0,0,-9219,-2222,0,0
objective,122,0,0,-9634,-2381,0,0
objective,123,0,0,-9466,74,0,0
objective,124,0,0,-9123,-2089,0,0
objective,125,0,0,-9366,-2472,0,0
objective,126,0,0,-8893,-2172,0,0
objective,127,0,0,-9350,-2845,0,0
objective,128,0,0,-8731,-2350,0,0
objective,129,0,0,-9611,-1904,0,0
objective,130,0,0,-9246,-2045,0,0
objective,131,0,0,-9224,-2155,0,0
objective,132,0,0,-10509,1045,0,0
objective,133,0,0,-10332,108,0,0
objective,134,0,0,-11091,-69,0,0
objective,135,0,0,-8815,362,0,0
objective,136,0,0,-10514,2110,0,0
objective,137,0,0,-8954,521,0,0
objective,138,0,0,-10515,1599,0,0
objective,139,0,0,-9797,1595,0,0
objective,140,0,0,-9794,2108,0,0
objective,141,0,0,-10509,1045,0,0
objective,142,0,0,-11025,1460,0,0
objective,143,0,0,-10509,1045,0,0
objective,144,0,0,-9219,-2222,0,0
objective,145,0,0,-10552,-1109,0,0
objective,146,0,0,-9219,-2222,0,0
objective,147,0,0,-9806,-932,0,0
objective,148,0,0,-10532,-1213,0,0
objective,149,0,0,-10786,-1381,0,0
objective,150,0,0,-9350,-2845,0,0
objective,151,0,0,-10164,1324,0,0
objective,152,0,0,-9595,1424,0,0
objective,153,0,0,-10278,1345,0,0
objective,154,0,0,-10532,-1213,0,0
objective,155,0,0,-10509,1045,0,0
objective,156,0,0,-10565,355,0,0
objective,157,0,0,-10283,74,0,0
objective,158,0,0,-10517,-1159,0,0
objective,159,0,0,-10283,74,0,0
objective,160,0,0,-10552,-1109,0,0
objective,161,0,0,-2649,-2459,0,0
objective,163,0,0,-10732,337,0,0
objective,164,0,0,-10330,623,0,0
objective,165,0,0,-10283,74,0,0
objective,166,0,0,-10509,1045,0,0
objective,167,0,0,-11327,1539,0,0
objective,168,0,0,-11343,1531,0,0
objective,169,0,0,-9383,-3082,0,0
objective,170,0,0,-6353,159,0,0
objective,171,0,0,-8621,744,0,0
objective,172,0,0,2038,-4673,0,0
objective,174,0,0,-10582,-1321,0,0
objective,175,0,0,-10786,-1381,0,0
objective,176,0,0,-10107,618,0,0
objective,177,0,0,-10582,-1321,0,0
objective,178,0,0,-9553,-728,0,0
objective,179,0,0,-6204,215,0,0
objective,180,0,0,-9122,-3308,0,0
objective,181,0,0,-11168,-141,0,0
objective,182,0,0,-6515,633,0,0
objective,183,0,0,-6280,417,0,0
objective,184,0,0,-9852,918,0,0
objective,199,0,0,-4738,-3264,0,0
objective,214,0,0,-11199,1471,0,0
objective,217,0,0,-6151,-2953,0,0
objective,218,0,0,-6509,301,0,0
objective,219,0,0,-9284,-2298,0,0
objective,220,0,0,-1345,-4048,0,0
objective,224,0,0,-5794,-2971,0,0
objective,226,0,0,-10016,-482,0,0
objective,230,0,0,-10330,623,0,0
objective,233,0,0,-6222,689,0,0
objective,234,0,0,-6363,567,0,0
objective,235,0,0,2311,-2555,0,0
objective,237,0,0,-6028,-2824,0,0
objective,239,0,0,-9663,694,0,0
objective,240,0,0,-10732,337,0,0
objective,244,0,0,-9444,-2238,0,0
objective,245,0,0,-10685,515,0,0
objective,246,0,0,-9604,-2518,0,0
objective,247,0,0,2311,-2555,0,0
objective,248,0,0,-9297,-2944,0,0
objective,249,0,0,-9553,-728,0,0
objective,250,0,0,-4731,-3540,0,0
objective,251,0,0,-10574,-1127,0,0
objective,252,0,0,-10552,-1109,0,0
objective,253,0,0,-10270,54,0,0
objective,254,0,0,-10266,54,0,0
objective,255,0,0,-5084,-4083,0,0
objective,256,0,0,-4757,-4191,0,0
objective,257,0,0,-5900,-4163,0,0
objective,258,0,0,-5186,-3918,0,0
objective,259,0,0,-5676,-4254,0,0
objective,260,0,0,-5676,-4254,0,0
objective,262,0,0,-10532,-1213,0,0
objective,263,0,0,-4984,-3516,0,0
objective,264,0,0,472,1594,0,0
objective,265,0,0,-10560,-1125,0,0
objective,266,0,0,-10517,-1159,0,0
objective,267,0,0,-6100,-3050,0,0
objective,268,0,0,-10330,623,0,0
objective,269,0,0,-8529,855,0,0
objective,270,0,0,-3818,-827,0,0
objective,271,0,0,-5612,-3008,0,0
objective,272,0,0,8020,-2679,0,0
objective,273,0,0,-5764,-3469,0,0
objective,274,0,0,-4738,-3264,0,0
objective,275,0,0,-3180,-2409,0,0
objective,276,0,0,-4277,-2714,0,0
objective,277,0,0,-3882,-3085,0,0
objective,278,0,0,-5230,-4212,0,0
objective,279,0,0,-3282,-1247,0,0
objective,280,0,0,-4751,-3389,0,0
objective,281,0,0,-3288,-949,0,0
objective,282,0,0,-6236,153,0,0
objective,283,0,0,-4738,-3264,0,0
objective,284,0,0,-3201,-952,0,0
objective,285,0,0,-3107,-966,0,0
objective,286,0,0,-3762,-735,0,0
objective,287,0,0,-5566,514,0,0
objective,291,0,0,-4873,-1026,0,0
objective,297,0,0,-5667,-4015,0,0
objective,298,0,0,-5352,-3014,0,0
objective,301,0,0,-4631,-1304,0,0
objective,302,0,0,-5352,-3014,0,0
objective,307,0,0,-4967,-3007,0,0
objective,308,0,0,-5602,-531,0,0
objective,309,0,0,-5695,-3812,0,0
objective,310,0,0,-5607,-548,0,0
objective,311,0,0,-5372,315,0,0
objective,312,0,0,-5648,-95,0,0
objective,313,0,0,-5506,-344,0,0
objective,314,0,0,-5390,-1279,0,0
objective,315,0,0,-5054,-317,0,0
objective,317,0,0,-5467,-632,0,0
objective,318,0,0,-5378,315,0,0
objective,319,0,0,-5304,-95,0,0
objective,320,0,0,-5467,-632,0,0
objective,321,0,0,-3917,-890,0,0
objective,322,0,0,-8387,685,0,0
objective,323,0,0,-10428,327,0,0
objective,324,0,0,-3915,-949,0,0
objective,325,0,0,-10330,623,0,0
objective,327,0,0,-5622,-4249,0,0
objective,332,0,0,-8885,676,0,0
objective,333,0,0,-8778,713,0,0
objective,334,0,0,-8962,809,0,0
objective,337,0,0,-10251,142,0,0
objective,343,0,0,-8346,384,0,0
objective,344,0,0,-8875,-186,0,0
objective,345,0,0,-9279,-2269,0,0
objective,346,0,0,-8623,767,0,0
objective,347,0,0,-8892,-1933,0,0
objective,350,0,0,-8854,576,0,0
objective,353,0,0,-4826,-2677,0,0
objective,354,0,0,2952,964,0,0
objective,355,0,0,2306,265,0,0
objective,356,0,0,2016,-518,0,0
objective,357,0,0,2569,-38,0,0
objective,358,0,0,2552,411,0,0
objective,359,0,0,2022,74,0,0
objective,360,0,0,2306,265,0,0
objective,361,0,0,2253,251,0,0
objective,362,0,0,2632,899,0,0
objective,363,0,0,1843,1640,0,0
objective,364,0,0,1907,1456,0,0
objective,365,0,0,2351,1325,0,0
objective,366,0,0,2575,-48,0,0
objective,367,0,0,2259,347,0,0
objective,368,0,0,3055,-384,0,0
objective,369,0,0,2350,-1114,0,0
objective,370,0,0,1795,721,0,0
objective,371,0,0,2146,-528,0,0
objective,372,0,0,3080,-560,0,0
objective,373,0,0,-8550,720,0,0
objective,374,0,0,3102,-582,0,0
objective,375,0,0,2113,296,0,0
objective,376,0,0,2098,1584,0,0
objective,380,0,0,2136,1652,0,0
objective,381,0,0,1748,1282,0,0
objective,382,0,0,1764,1384,0,0
objective,383,0,0,1764,1384,0,0
objective,384,0,0,-5617,-749,0,0
objective,385,0,0,-5183,-3549,0,0
objective,389,0,0,-8792,817,0,0
objective,391,0,0,-8792,817,0,0
objective,392,0,0,-8550,720,0,0
objective,393,0,0,-8815,362,0,0
objective,394,0,0,-8815,362,0,0
objective,395,0,0,-8550,720,0,0
objective,396,0,0,-8441,333,0,0
objective,398,0,0,2911,383,0,0
objective,399,0,0,-10672,1748,0,0
objective,400,0,0,-5489,-682,0,0
objective,401,0,0,-10574,-1127,0,0
objective,402,0,0,-10574,-1127,0,0
objective,403,0,0,-5607,-548,0,0
objective,404,0,0,2441,487,0,0
objective,405,0,0,1766,67,0,0
objective,407,0,0,2292,233,0,0
objective,408,0,0,2936,537,0,0
objective,409,0,0,2471,15,0,0
objective,410,0,0,2485,22,0,0
objective,411,0,0,1766,67,0,0
objective,412,0,0,-5057,418,0,0
objective,413,0,0,-5480,-2447,0,0
objective,414,0,0,-5402,-2895,0,0
objective,415,0,0,-5378,315,0,0
objective,416,0,0,-4669,-3115,0,0
objective,417,0,0,-5117,-2056,0,0
objective,418,0,0,-5749,-3283,0,0
objective,419,0,0,-5065,-2122,0,0
objective,420,0,0,-5644,-499,0,0
objective,421,0,0,1101,1081,0,0
objective,422,0,0,866,1231,0,0
objective,423,0,0,866,1500,0,0
objective,424,0,0,411,990,0,0
objective,425,0,0,1277,1286,0,0
objective,426,0,0,2850,717,0,0
objective,427,0,0,2398,1349,0,0
objective,428,0,0,1291,1205,0,0
objective,429,0,0,-715,1347,0,0
objective,430,0,0,1314,1206,0,0
objective,431,0,0,2572,-47,0,0
objective,432,0,0,-5634,-1806,0,0
objective,433,0,0,-5600,-1856,0,0
objective,434,0,0,-8854,576,0,0
objective,435,0,0,1291,1205,0,0
objective,436,0,0,-5714,-3784,0,0
objective,437,0,0,1074,1543,0,0
objective,438,0,0,690,996,0,0
objective,439,0,0,522,1626,0,0
objective,440,0,0,2306,265,0,0
objective,441,0,0,1604,278,0,0
objective,442,0,0,1004,690,0,0
objective,443,0,0,632,522,0,0
objective,444,0,0,1766,67,0,0
objective,445,0,0,522,1652,0,0
objective,446,0,0,522,1652,0,0
objective,447,0,0,1114,1249,0,0
objective,448,0,0,522,1626,0,0
objective,449,0,0,522,1626,0,0
objective,450,0,0,-382,1645,0,0
objective,451,0,0,597,397,0,0
objective,452,0,0,-416,1497,0,0
objective,453,0,0,-10732,337,0,0
objective,454,0,0,-5765,-3434,0,0
objective,455,0,0,-4314,-2521,0,0
objective,456,0,0,10447,535,0,0
objective,457,0,0,10515,585,0,0
objective,458,0,0,10298,875,0,0
objective,459,0,0,10266,943,0,0
objective,460,0,0,632,522,0,0
objective,461,0,0,972,705,0,0
objective,462,0,0,-4207,-2377,0,0
objective,463,0,0,-3263,-2719,0,0
objective,466,0,0,-5473,-642,0,0
objective,467,0,0,-5473,-642,0,0
objective,468,0,0,-4679,-2695,0,0
objective,469,0,0,-3684,-742,0,0
objective,470,0,0,-2821,-2382,0,0
objective,471,0,0,-3783,-1217,0,0
objective,475,0,0,9845,441,0,0
objective,476,0,0,9888,966,0,0
objective,477,0,0,-22,1355,0,0
objective,478,0,0,521,1603,0,0
objective,479,0,0,-176,769,0,0
objective,480,0,0,-133,787,0,0
objective,481,0,0,553,1593,0,0
objective,482,0,0,521,1603,0,0
objective,483,0,0,9882,1490,0,0
objective,484,0,0,-3378,-1279,0,0
objective,486,0,0,9100,1839,0,0
objective,487,0,0,9986,1350,0,0
objective,488,0,0,9449,582,0,0
objective,489,0,0,9718,750,0,0
objective,490,0,0,10029,233,0,0
objective,491,0,0,1766,67,0,0
objective,492,0,0,2289,234,0,0
objective,493,0,0,-7,-899,0,0
objective,494,0,0,-33,-928,0,0
objective,496,0,0,-18,-916,0,0
objective,497,0,0,-41,-957,0,0
objective,498,0,0,-485,-1344,0,0
objective,499,0,0,-9,-902,0,0
objective,516,0,0,-354,897,0,0
objective,526,0,0,-3915,-949,0,0
objective,527,0,0,-448,-98,0,0
objective,528,0,0,-590,-108,0,0
objective,529,0,0,-548,39,0,0
objective,530,0,0,-705,1575,0,0
objective,531,0,0,-5612,-3008,0,0
objective,532,0,0,-488,117,0,0
objective,538,0,0,-818,-552,0,0
objective,539,0,0,-795,68,0,0
objective,540,0,0,484,-778,0,0
objective,541,0,0,-1335,-1263,0,0
objective,542,0,0,-8346,384,0,0
objective,546,0,0,-544,-121,0,0
objective,549,0,0,-683,-1081,0,0
objective,550,0,0,1288,334,0,0
objective,566,0,0,-33,-928,0,0
objective,567,0,0,-505,122,0,0
objective,579,0,0,-8345,419,0,0
objective,590,0,0,2127,1305,0,0
objective,593,0,0,-13650,-270,0,0
objective,619,0,0,-14452,495,0,0
objective,729,0,0,4679,602,0,0
objective,730,0,0,6506,489,0,0
objective,731,0,0,6506,489,0,0
objective,740,0,0,-5065,-1289,0,0
objective,741,0,0,9642,2608,0,0
objective,742,0,0,2311,-2555,0,0
objective,743,0,0,-2716,-1449,0,0
objective,744,0,0,-1117,383,0,0
objective,745,0,0,-2451,216,0,0
objective,746,0,0,-1885,282,0,0
objective,747,0,0,-3215,-749,0,0
objective,748,0,0,-2450,-1050,0,0
objective,749,0,0,-1923,-713,0,0
objective,750,0,0,-3430,-931,0,0
objective,751,0,0,-2299,-595,0,0
objective,752,0,0,-3053,-522,0,0
objective,753,0,0,-3067,-539,0,0
objective,754,0,0,-2341,-445,0,0
objective,755,0,0,-3430,-139,0,0
objective,756,0,0,-2450,-1050,0,0
objective,757,0,0,-2938,-1347,0,0
objective,758,0,0,-2341,-445,0,0
objective,759,0,0,-2449,-1450,0,0
objective,760,0,0,-2341,-445,0,0
objective,761,0,0,-2649,-1150,0,0
objective,763,0,0,-2334,-393,0,0
objective,764,0,0,-1605,-1395,0,0
objective,765,0,0,-1757,-1287,0,0
objective,766,0,0,-2450,-1050,0,0
objective,767,0,0,-2243,-406,0,0
objective,768,0,0,-1161,53,0,0
objective,769,0,0,-1161,53,0,0
objective,770,0,0,-2336,-354,0,0
objective,771,0,0,-1827,-268,0,0
objective,772,0,0,-1509,367,0,0
objective,773,0,0,-993,-1109,0,0
objective,774,0,0,-2336,-354,0,0
objective,775,0,0,-1210,-113,0,0
objective,776,0,0,-912,-477,0,0
objective,780,0,0,-2942,-1323,0,0
objective,781,0,0,-2878,-222,0,0
objective,783,0,0,-8903,-163,0,0
objective,784,0,0,-282,-5181,0,0
objective,785,0,0,-774,-4830,0,0
objective,786,0,0,-1057,-4596,0,0
objective,787,0,0,-600,-4186,0,0
objective,788,0,0,-483,-4453,0,0
objective,789,0,0,-449,-4480,0,0
objective,790,0,0,-566,-4100,0,0
objective,791,0,0,-1000,-4766,0,0
objective,792,0,0,-210,-4447,0,0
objective,794,0,0,-167,-4355,0,0
objective,798,0,0,-12441,215,0,0
objective,799,0,0,-12441,215,0,0
objective,800,0,0,2055,242,0,0
objective,801,0,0,2055,242,0,0
objective,804,0,0,-600,-4186,0,0
objective,805,0,0,-826,-4921,0,0
objective,806,0,0,869,-4189,0,0
objective,807,0,0,287,-4725,0,0
objective,808,0,0,-1287,-5530,0,0
objective,809,0,0,256,-3694,0,0
objective,810,0,0,1805,-4285,0,0
objective,811,0,0,1805,-4285,0,0
objective,812,0,0,1232,-4123,0,0
objective,813,0,0,851,-3918,0,0
objective,814,0,0,312,-4665,0,0
objective,815,0,0,-672,-5648,0,0
objective,816,0,0,1247,-3918,0,0
objective,817,0,0,-1350,-5216,0,0
objective,818,0,0,-616,-5552,0,0
objective,819,0,0,-981,-3686,0,0
objective,820,0,0,-814,-4921,0,0
objective,821,0,0,-650,-3715,0,0
objective,822,0,0,-3584,-2482,0,0
objective,823,0,0,287,-4725,0,0
objective,825,0,0,-80,-5386,0,0
objective,826,0,0,-1135,-5587,0,0
objective,827,0,0,1463,-4871,0,0
objective,828,0,0,1102,-4945,0,0
objective,829,0,0,1801,-4375,0,0
objective,830,0,0,275,-4709,0,0
objective,831,0,0,1939,-4184,0,0
objective,832,0,0,1801,-4375,0,0
objective,833,0,0,-991,-1156,0,0
objective,834,0,0,829,-4696,0,0
objective,835,0,0,847,-4819,0,0
objective,837,0,0,83,-4651,0,0
objective,840,0,0,303,-3686,0,0
objective,842,0,0,-482,-2670,0,0
objective,843,0,0,-4198,-2284,0,0
objective,844,0,0,-717,-3950,0,0
objective,845,0,0,-216,-2184,0,0
objective,846,0,0,-4070,-2419,0,0
objective,848,0,0,26,-2005,0,0
objective,849,0,0,-4173,-2137,0,0
objective,850,0,0,23,-1716,0,0
objective,851,0,0,-1211,-2726,0,0
objective,852,0,0,-882,-2053,0,0
objective,853,0,0,-995,279,0,0
objective,854,0,0,-473,-2596,0,0
objective,855,0,0,-1150,-3198,0,0
objective,858,0,0,1020,-3080,0,0
objective,859,0,0,-902,-3759,0,0
objective,860,0,0,-482,-2670,0,0
objective,861,0,0,-1084,-1150,0,0
objective,862,0,0,-4070,-2421,0,0
objective,863,0,0,-902,-3759,0,0
objective,865,0,0,705,-3581,0,0
objective,866,0,0,-929,-3697,0,0
objective,867,0,0,332,-1620,0,0
objective,868,0,0,-3112,-2283,0,0
objective,869,0,0,-1050,-2417,0,0
objective,870,0,0,90,-2049,0,0
objective,871,0,0,-165,-3038,0,0
objective,872,0,0,-41,-3420,0,0
objective,873,0,0,-1351,-4048,0,0
objective,874,0,0,-1351,-4048,0,0
objective,875,0,0,567,-1460,0,0
objective,876,0,0,790,-1346,0,0
objective,877,0,0,-1276,-3012,0,0
objective,878,0,0,-1951,-2215,0,0
objective,879,0,0,-3764,-1833,0,0
objective,880,0,0,-1127,-2248,0,0
objective,881,0,0,454,-3036,0,0
objective,882,0,0,-435,-3428,0,0
objective,883,0,0,-1717,-2052,0,0
objective,884,0,0,-2515,-2384,0,0
objective,885,0,0,-3450,-1918,0,0
objective,886,0,0,-545,-2673,0,0
objective,887,0,0,-1540,-3910,0,0
objective,888,0,0,-1740,-3724,0,0
objective,889,0,0,-2034,-2821,0,0
objective,890,0,0,-986,-3797,0,0
objective,891,0,0,-2080,-3644,0,0
objective,892,0,0,-836,-3729,0,0
objective,893,0,0,-3813,-1983,0,0
objective,894,0,0,826,-2687,0,0
objective,895,0,0,-836,-3729,0,0
objective,896,0,0,1401,-3687,0,0
objective,897,0,0,-2383,-1923,0,0
objective,898,0,0,-1025,-3689,0,0
objective,899,0,0,-2034,-2821,0,0
objective,900,0,0,831,-2680,0,0
objective,901,0,0,910,-2732,0,0
objective,902,0,0,-902,-3759,0,0
objective,903,0,0,-739,-3444,0,0
objective,904,0,0,-2383,-1923,0,0
objective,905,0,0,-1502,-2707,0,0
objective,906,0,0,-3831,-1445,0,0
objective,907,0,0,-2249,-2751,0,0
objective,910,0,0,-998,-3822,0,0
objective,911,0,0,1261,-2224,0,0
objective,912,0,0,-5833,-2603,0,0
objective,913,0,0,-3461,-2402,0,0
objective,914,0,0,-1070,-273,0,0
objective,916,0,0,10719,816,0,0
objective,917,0,0,10932,912,0,0
objective,918,0,0,9501,649,0,0
objective,919,0,0,9508,649,0,0
objective,920,0,0,10493,807,0,0
objective,921,0,0,10493,807,0,0
objective,922,0,0,9501,649,0,0
objective,923,0,0,10930,1522,0,0
objective,924,0,0,324,-2239,0,0
objective,926,0,0,259,-3694,0,0
objective,927,0,0,10832,1575,0,0
objective,928,0,0,9737,956,0,0
objective,929,0,0,9737,956,0,0
objective,930,0,0,9507,714,0,0
objective,931,0,0,9507,714,0,0
objective,932,0,0,10131,1191,0,0
objective,933,0,0,9737,956,0,0
objective,934,0,0,9737,956,0,0
objective,935,0,0,10175,2568,0,0
objective,937,0,0,10386,1848,0,0
objective,938,0,0,10665,1864,0,0
objective,940,0,0,10175,2568,0,0
objective,941,0,0,9502,721,0,0
objective,942,0,0,-3814,-838,0,0
objective,943,0,0,-3313,-1923,0,0
objective,944,0,0,4508,313,0,0
objective,945,0,0,4524,263,0,0
objective,947,0,0,6858,-795,0,0
objective,948,0,0,5002,89,0,0
objective,949,0,0,4576,417,0,0
objective,950,0,0,5002,89,0,0
objective,951,0,0,7395,-1123,0,0
objective,952,0,0,5002,89,0,0
objective,953,0,0,5771,106,0,0
objective,954,0,0,6749,49,0,0
objective,955,0,0,6732,-220,0,0
objective,956,0,0,6712,-200,0,0
objective,957,0,0,5634,166,0,0
objective,958,0,0,5689,57,0,0
objective,959,0,0,-659,-2008,0,0
objective,960,0,0,5002,89,0,0
objective,961,0,0,5002,89,0,0
objective,962,0,0,-669,-2345,0,0
objective,963,0,0,5760,190,0,0
objective,965,0,0,7247,-659,0,0
objective,966,0,0,7215,-849,0,0
objective,967,0,0,3185,189,0,0
objective,968,0,0,-4599,-1115,0,0
objective,970,0,0,3550,-179,0,0
objective,971,0,0,-4599,-1115,0,0
objective,972,0,0,-1345,-4048,0,0
objective,973,0,0,2340,242,0,0
objective,976,0,0,3185,189,0,0
objective,981,0,0,3185,189,0,0
objective,982,0,0,7076,437,0,0
objective,983,0,0,5384,519,0,0
objective,984,0,0,5980,263,0,0
objective,985,0,0,5874,307,0,0
objective,986,0,0,4765,-7,0,0
objective,988,0,0,4608,-6,0,0
objective,989,0,0,4608,-6,0,0
objective,990,0,0,2767,-412,0,0
objective,991,0,0,3046,529,0,0
objective,993,0,0,4608,-6,0,0
objective,994,0,0,4774,210,0,0
objective,995,0,0,6435,363,0,0
objective,997,0,0,9507,714,0,0
objective,999,0,0,-135,125,0,0
objective,1001,0,0,7118,317,0,0
objective,1002,0,0,7260,-418,0,0
objective,1003,0,0,4765,-7,0,0
objective,1007,0,0,3880,881,0,0
objective,1008,0,0,4118,1214,0,0
objective,1009,0,0,4163,1324,0,0
objective,1010,0,0,3783,-178,0,0
objective,1013,0,0,1529,358,0,0
objective,1014,0,0,553,1593,0,0
objective,1016,0,0,1916,-1315,0,0
objective,1017,0,0,319,-2264,0,0
objective,1020,0,0,2682,-455,0,0
objective,1023,0,0,3049,450,0,0
objective,1024,0,0,2894,-1386,0,0
objective,1025,0,0,2260,-1244,0,0
objective,1026,0,0,3312,-1438,0,0
objective,1027,0,0,2894,-1386,0,0
objective,1028,0,0,2782,-1550,0,0
objective,1029,0,0,2767,-412,0,0
objective,1030,0,0,1787,-1232,0,0
objective,1033,0,0,2682,-455,0,0
objective,1034,0,0,2094,-268,0,0
objective,1035,0,0,1515,-2144,0,0
objective,1045,0,0,1613,-1457,0,0
objective,1046,0,0,2767,-412,0,0
objective,1054,0,0,3277,-584,0,0
objective,1055,0,0,2894,-1386,0,0
objective,1056,0,0,2653,1434,0,0
objective,1057,0,0,824,1516,0,0
objective,1058,0,0,2449,1282,0,0
objective,1059,0,0,-4524,-788,0,0
objective,1060,0,0,-272,-394,0,0
objective,1061,0,0,-271,-950,0,0
objective,1062,0,0,989,-420,0,0
objective,1063,0,0,-1065,-212,0,0
objective,1064,0,0,-995,279,0,0
objective,1065,0,0,-7,-899,0,0
objective,1066,0,0,-464,-1604,0,0
objective,1067,0,0,-995,279,0,0
objective,1068,0,0,1400,-43,0,0
objective,1069,0,0,587,559,0,0
objective,1070,0,0,740,321,0,0
objective,1071,0,0,1118,-416,0,0
objective,1072,0,0,-4843,-1284,0,0
objective,1073,0,0,-4669,-3115,0,0
objective,1074,0,0,730,340,0,0
objective,1075,0,0,-8997,800,0,0
objective,1076,0,0,-10216,889,0,0
objective,1077,0,0,730,340,0,0
objective,1078,0,0,-8999,802,0,0
objective,1079,0,0,1245,18,0,0
objective,1080,0,0,986,-390,0,0
objective,1081,0,0,9663,2525,0,0
objective,1082,0,0,2759,-312,0,0
objective,1083,0,0,585,1450,0,0
objective,1085,0,0,730,340,0,0
objective,1086,0,0,1435,14,0,0
objective,1087,0,0,2548,1384,0,0
objective,1088,0,0,949,1002,0,0
objective,1089,0,0,2547,1998,0,0
objective,1090,0,0,963,-315,0,0
objective,1091,0,0,740,321,0,0
objective,1092,0,0,878,365,0,0
objective,1093,0,0,1179,131,0,0
objective,1094,0,0,-902,-3759,0,0
objective,1095,0,0,878,365,0,0
objective,1096,0,0,1624,151,0,0
objective,1097,0,0,-8387,685,0,0
objective,1103,0,0,430,1882,0,0
objective,1130,0,0,-1413,-126,0,0
objective,1131,0,0,-1413,-126,0,0
objective,1132,0,0,6483,730,0,0
objective,1133,0,0,2796,-299,0,0
objective,1134,0,0,2796,-299,0,0
objective,1138,0,0,7519,-615,0,0
objective,1140,0,0,2482,-2142,0,0
objective,1141,0,0,6371,577,0,0
objective,1143,0,0,7183,-728,0,0
objective,1167,0,0,7247,-659,0,0
objective,1195,0,0,-1208,-57,0,0
objective,1196,0,0,-5484,-2463,0,0
objective,1197,0,0,-4890,-2282,0,0
objective,1198,0,0,4138,899,0,0
objective,1199,0,0,10069,2354,0,0
objective,1200,0,0,10066,2344,0,0
objective,1221,0,0,-930,-3693,0,0
objective,1275,0,0,4254,666,0,0
objective,1290,0,0,1569,-4386,0,0
objective,1338,0,0,-8427,600,0,0
objective,1339,0,0,-4826,-2677,0,0
objective,1358,0,0,-425,-2590,0,0
objective,1359,0,0,1443,392,0,0
objective,1390,0,0,-4056,-2712,0,0
objective,1442,0,0,4254,666,0,0
objective,1443,0,0,-3149,-2887,0,0
objective,1462,0,0,-2882,-250,0,0
objective,1463,0,0,-630,-4205,0,0
objective,1464,0,0,-270,-4001,0,0
objective,1470,0,0,1897,1473,0,0
objective,1471,0,0,1705,41,0,0
objective,1472,0,0,1783,60,0,0
objective,1473,0,0,1802,726,0,0
objective,1474,0,0,1705,41,0,0
objective,1476,0,0,1712,57,0,0
objective,1478,0,0,1712,57,0,0
objective,1479,0,0,9933,2500,0,0
objective,1483,0,0,878,365,0,0
objective,1485,0,0,-210,-4447,0,0
objective,1486,0,0,-624,-2383,0,0
objective,1487,0,0,-28,84,0,0
objective,1489,0,0,-1049,-304,0,0
objective,1490,0,0,-1070,-273,0,0
objective,1491,0,0,-552,-2291,0,0
objective,1492,0,0,-986,-3797,0,0
objective,1498,0,0,960,-4270,0,0
objective,1499,0,0,-629,-4228,0,0
objective,1500,0,0,-135,125,0,0
objective,1501,0,0,1464,-4692,0,0
objective,1502,0,0,-438,-3176,0,0
objective,1503,0,0,-188,-2955,0,0
objective,1504,0,0,1850,-4357,0,0
objective,1505,0,0,186,-3597,0,0
objective,1506,0,0,1850,-4357,0,0
objective,1507,0,0,1840,-4341,0,0
objective,1508,0,0,1718,-4200,0,0
objective,1509,0,0,-436,-2639,0,0
objective,1510,0,0,-181,-331,0,0
objective,1511,0,0,-2392,-1899,0,0
objective,1512,0,0,1850,-4357,0,0
objective,1513,0,0,1806,-4374,0,0
objective,1515,0,0,-1623,-1765,0,0
objective,1516,0,0,-139,-4370,0,0
objective,1517,0,0,-878,-4290,0,0
objective,1518,0,0,-630,-4205,0,0
objective,1519,0,0,-2938,-1347,0,0
objective,1520,0,0,-3032,-718,0,0
objective,1521,0,0,-2882,-250,0,0
objective,1522,0,0,265,-3037,0,0
objective,1523,0,0,265,-3037,0,0
objective,1524,0,0,-270,-4001,0,0
objective,1525,0,0,-165,-3038,0,0
objective,1526,0,0,-244,-4019,0,0
objective,1527,0,0,265,-3037,0,0
objective,1528,0,0,-1345,-4048,0,0
objective,1529,0,0,-1345,-4048,0,0
objective,1530,0,0,-3618,-1777,0,0
objective,1534,0,0,-3618,-1777,0,0
objective,1535,0,0,-3618,-1777,0,0
objective,1536,0,0,-3618,-1777,0,0
objective,1558,0,0,-4746,-3313,0,0
objective,1578,0,0,-5855,-2647,0,0
objective,1579,0,0,6406,520,0,0
objective,1580,0,0,6406,520,0,0
objective,1581,0,0,9872,959,0,0
objective,1582,0,0,10081,2257,0,0
objective,1598,0,0,-8957,-433,0,0
objective,1599,0,0,-6491,298,0,0
objective,1618,0,0,-9259,-2243,0,0
objective,1638,0,0,-8613,383,0,0
objective,1639,0,0,-8604,389,0,0
objective,1640,0,0,-8604,389,0,0
objective,1641,0,0,-8546,846,0,0
objective,1642,0,0,-8546,846,0,0
objective,1643,0,0,-8832,614,0,0
objective,1644,0,0,-9866,-223,0,0
objective,1645,0,0,-4634,-932,0,0
objective,1646,0,0,-4634,-932,0,0
objective,1647,0,0,-4896,-898,0,0
objective,1648,0,0,-4896,-898,0,0
objective,1649,0,0,-8546,846,0,0
objective,1650,0,0,-11471,1546,0,0
objective,1651,0,0,-11471,1510,0,0
objective,1652,0,0,-8546,846,0,0
objective,1653,0,0,-5089,-783,0,0
objective,1654,0,0,-5089,-783,0,0
objective,1655,0,0,-4885,-3969,0,0
objective,1656,0,0,-2365,-347,0,0
objective,1665,0,0,-8613,383,0,0
objective,1666,0,0,-9545,-1401,0,0
objective,1667,0,0,-9765,-1565,0,0
objective,1678,0,0,-5775,437,0,0
objective,1679,0,0,-5046,-1273,0,0
objective,1680,0,0,-4793,-1098,0,0
objective,1681,0,0,-5918,-2038,0,0
objective,1682,0,0,-4793,-1098,0,0
objective,1683,0,0,9676,1410,0,0
objective,1684,0,0,9994,2332,0,0
objective,1685,0,0,-8983,1042,0,0
objective,1686,0,0,6356,723,0,0
objective,1687,0,0,-11400,1945,0,0
objective,1688,0,0,-9806,-927,0,0
objective,1689,0,0,-8973,1043,0,0
objective,1692,0,0,9918,2309,0,0
objective,1693,0,0,9918,2309,0,0
objective,1698,0,0,-9223,-2148,0,0
objective,1699,0,0,-8933,-2009,0,0
objective,1700,0,0,-8387,685,0,0
objective,1701,0,0,-8427,600,0,0
objective,1702,0,0,-8427,600,0,0
objective,1703,0,0,9918,2309,0,0
objective,1704,0,0,-4812,-1251,0,0
objective,1705,0,0,-10215,-849,0,0
objective,1706,0,0,-8387,685,0,0
objective,1708,0,0,-4812,-1251,0,0
objective,1709,0,0,-4812,-1251,0,0
objective,1710,0,0,9918,2309,0,0
objective,1711,0,0,9918,2309,0,0
objective,1715,0,0,-8983,1042,0,0
objective,1716,0,0,-2245,-2374,0,0
objective,1717,0,0,-8983,1042,0,0
objective,1738,0,0,3461,-118,0,0
objective,1739,0,0,-8973,1043,0,0
objective,1740,0,0,-2253,-2374,0,0
objective,1778,0,0,-4634,-932,0,0
objective,1779,0,0,-4613,-900,0,0
objective,1780,0,0,-8546,846,0,0
objective,1781,0,0,-8517,862,0,0
objective,1782,0,0,-8427,600,0,0
objective,1783,0,0,-5784,-2055,0,0
objective,1784,0,0,-5885,-2047,0,0
objective,1785,0,0,-4634,-932,0,0
objective,1786,0,0,-9130,-984,0,0
objective,1787,0,0,-9352,504,0,0
objective,1788,0,0,-8546,846,0,0
objective,1789,0,0,-4634,-932,0,0
objective,1790,0,0,-8546,846,0,0
objective,1793,0,0,-8546,846,0,0
objective,1794,0,0,-4634,-932,0,0
objective,1800,0,0,1642,239,0,0
objective,1806,0,0,-5089,-783,0,0
objective,1818,0,0,2288,403,0,0
objective,1819,0,0,2390,336,0,0
objective,1820,0,0,2262,244,0,0
objective,1821,0,0,3064,698,0,0
objective,1822,0,0,2262,244,0,0
objective,1823,0,0,-2402,-1904,0,0
objective,1824,0,0,-3082,-2382,0,0
objective,1825,0,0,-438,-3176,0,0
objective,1838,0,0,-438,-3176,0,0
objective,1839,0,0,-812,-4940,0,0
objective,1840,0,0,-1240,111,0,0
objective,1841,0,0,1627,277,0,0
objective,1842,0,0,-812,-4940,0,0
objective,1843,0,0,-812,-4940,0,0
objective,1844,0,0,-1240,111,0,0
objective,1845,0,0,-1240,111,0,0
objective,1846,0,0,1627,277,0,0
objective,1847,0,0,1627,277,0,0
objective,1848,0,0,-438,-3176,0,0
objective,1858,0,0,1773,-4280,0,0
objective,1859,0,0,1773,-4280,0,0
objective,1860,0,0,-8990,862,0,0
objective,1861,0,0,-8990,862,0,0
objective,1879,0,0,-4613,-929,0,0
objective,1880,0,0,-5073,437,0,0
objective,1881,0,0,1814,56,0,0
objective,1882,0,0,1970,-473,0,0
objective,1883,0,0,-839,-4940,0,0
objective,1884,0,0,-1159,-5586,0,0
objective,1885,0,0,1436,72,0,0
objective,1886,0,0,550,1455,0,0
objective,1898,0,0,1389,347,0,0
objective,1899,0,0,1385,342,0,0
objective,1919,0,0,-8990,862,0,0
objective,1920,0,0,-8995,865,0,0
objective,1921,0,0,-4967,-3007,0,0
objective,1941,0,0,-8963,822,0,0
objective,1959,0,0,1814,56,0,0
objective,1960,0,0,1815,51,0,0
objective,1961,0,0,16,667,0,0
objective,1962,0,0,1681,194,0,0
objective,1963,0,0,-1360,-3910,0,0
objective,1978,0,0,1385,342,0,0
objective,1998,0,0,716,948,0,0
objective,1999,0,0,-160,774,0,0
objective,2000,0,0,608,-4896,0,0
objective,2018,0,0,1096,-3050,0,0
objective,2019,0,0,1773,-4280,0,0
objective,2020,0,0,1351,-3641,0,0
objective,2038,0,0,-5041,-3338,0,0
objective,2039,0,0,-5369,-3747,0,0
objective,2040,0,0,-8391,635,0,0
objective,2041,0,0,-8391,635,0,0
objective,2078,0,0,7535,-714,0,0
objective,2098,0,0,4760,100,0,0
objective,2118,0,0,5347,19,0,0
objective,2138,0,0,5347,19,0,0
objective,2139,0,0,6663,-430,0,0
objective,2158,0,0,-9463,16,0,0
objective,2159,0,0,9802,983,0,0
objective,2160,0,0,-5591,-523,0,0
objective,2161,0,0,340,-4686,0,0
objective,2178,0,0,5333,33,0,0
objective,2205,0,0,-8815,362,0,0
objective,2206,0,0,-9952,-133,0,0
objective,2218,0,0,-4648,-1124,0,0
objective,2238,0,0,-5337,563,0,0
objective,2239,0,0,-4648,-1124,0,0
objective,2241,0,0,10084,2547,0,0
objective,2242,0,0,11056,1925,0,0
objective,2259,0,0,10055,2573,0,0
objective,2260,0,0,-8820,363,0,0
objective,2281,0,0,-9328,-2180,0,0
objective,2282,0,0,-9222,-2701,0,0
objective,2298,0,0,-8820,363,0,0
objective,2299,0,0,-4648,-1124,0,0
objective,2300,0,0,-8820,363,0,0
objective,2358,0,0,-9816,-3260,0,0
objective,2359,0,0,-8815,362,0,0
objective,2360,0,0,-11035,619,0,0
objective,2378,0,0,1771,-4284,0,0
objective,2379,0,0,1779,-4280,0,0
objective,2380,0,0,1771,-4284,0,0
objective,2381,0,0,-841,-3768,0,0
objective,2382,0,0,-841,-3768,0,0
objective,2383,0,0,-639,-4230,0,0
objective,2399,0,0,9502,718,0,0
objective,2438,0,0,9807,351,0,0
objective,2458,0,0,1238,-2984,0,0
objective,2459,0,0,10054,226,0,0
objective,2460,0,0,1771,-4284,0,0
objective,2478,0,0,1225,-2929,0,0
objective,2479,0,0,-9,-905,0,0
objective,2480,0,0,-9,-905,0,0
objective,2498,0,0,9507,714,0,0
objective,2499,0,0,9282,1078,0,0
objective,2518,0,0,10979,1366,0,0
objective,2519,0,0,9632,2550,0,0
objective,2520,0,0,9632,2550,0,0
objective,2541,0,0,9251,900,0,0
objective,2561,0,0,9741,1526,0,0
objective,2607,0,0,-8806,332,0,0
objective,2608,0,0,-8806,332,0,0
objective,2609,0,0,-8692,844,0,0
objective,2745,0,0,-8408,451,0,0
objective,2746,0,0,-8763,812,0,0
objective,2842,0,0,-14465,460,0,0
objective,2843,0,0,-14465,394,0,0
objective,2904,0,0,-14465,460,0,0
objective,2922,0,0,-4927,824,0,0
objective,2923,0,0,-4835,-1263,0,0
objective,2926,0,0,-5498,-458,0,0
objective,2927,0,0,-5498,-458,0,0
objective,2928,0,0,-8391,635,0,0
objective,2962,0,0,-5498,-458,0,0
objective,2983,0,0,265,-3037,0,0
objective,2984,0,0,265,-3037,0,0
objective,2985,0,0,-1345,-4048,0,0
objective,2986,0,0,-1345,-4048,0,0
objective,2997,0,0,-4634,-932,0,0
objective,2998,0,0,-8546,846,0,0
objective,2999,0,0,-4634,-932,0,0
objective,3000,0,0,-4634,-932,0,0
objective,3065,0,0,-639,-4230,0,0
objective,3082,0,0,-635,-4228,0,0
objective,3083,0,0,-589,-4145,0,0
objective,3084,0,0,-624,-4204,0,0
objective,3085,0,0,-617,-4202,0,0
objective,3086,0,0,-625,-4210,0,0
objective,3087,0,0,-635,-4228,0,0
objective,3088,0,0,-589,-4145,0,0
objective,3089,0,0,-624,-4204,0,0
objective,3090,0,0,-607,-4112,0,0
objective,3091,0,0,-2880,-213,0,0
objective,3092,0,0,-2865,-226,0,0
objective,3093,0,0,-2874,-265,0,0
objective,3094,0,0,-2874,-269,0,0
objective,3095,0,0,1861,1558,0,0
objective,3096,0,0,1860,1563,0,0
objective,3097,0,0,1848,1628,0,0
objective,3098,0,0,1847,1636,0,0
objective,3099,0,0,1839,1637,0,0
objective,3100,0,0,-8918,-208,0,0
objective,3101,0,0,-8915,-215,0,0
objective,3102,0,0,-8863,-211,0,0
objective,3103,0,0,-8854,-193,0,0
objective,3104,0,0,-8852,-188,0,0
objective,3105,0,0,-8927,-196,0,0
objective,3106,0,0,-6085,382,0,0
objective,3107,0,0,-6121,382,0,0
objective,3108,0,0,-6092,365,0,0
objective,3109,0,0,-6094,405,0,0
objective,3110,0,0,-6057,394,0,0
objective,3111,0,0,-6056,388,0,0
objective,3112,0,0,-6085,382,0,0
objective,3113,0,0,-6094,405,0,0
objective,3114,0,0,-6056,388,0,0
objective,3115,0,0,-6049,391,0,0
objective,3116,0,0,10527,778,0,0
objective,3117,0,0,10458,828,0,0
objective,3118,0,0,10519,778,0,0
objective,3119,0,0,10459,802,0,0
objective,3120,0,0,10464,830,0,0
objective,3221,0,0,522,1652,0,0
objective,3241,0,0,-545,-2673,0,0
objective,3261,0,0,-2383,-1923,0,0
objective,3281,0,0,-2027,-3258,0,0
objective,3301,0,0,491,1648,0,0
objective,3361,0,0,-6375,774,0,0
objective,3364,0,0,-6056,385,0,0
objective,3365,0,0,-6371,572,0,0
objective,3366,0,0,151,263,0,0
objective,3369,0,0,-1049,-304,0,0
objective,3370,0,0,10179,2564,0,0
objective,3376,0,0,-2933,-1276,0,0
objective,3513,0,0,1246,-2253,0,0
objective,3514,0,0,2366,1795,0,0
objective,3519,0,0,10407,714,0,0
objective,3521,0,0,10380,495,0,0
objective,3522,0,0,10712,1035,0,0
objective,3524,0,0,6110,560,0,0
objective,3526,0,0,-7132,-3840,0,0
objective,3629,0,0,-7132,-3840,0,0
objective,3630,0,0,-4835,-1263,0,0
objective,3632,0,0,-4835,-1263,0,0
objective,3633,0,0,-7132,-3840,0,0
objective,3634,0,0,-4835,-1263,0,0
objective,3635,0,0,-14417,411,0,0
objective,3637,0,0,-14417,411,0,0
objective,3639,0,0,-7132,-3840,0,0
objective,3641,0,0,-4835,-1263,0,0
objective,3643,0,0,-14417,411,0,0
objective,3681,0,0,-8546,846,0,0
objective,3741,0,0,-9364,-2397,0,0
objective,3765,0,0,6454,431,0,0
objective,3861,0,0,-10129,1055,0,0
objective,3901,0,0,1897,1473,0,0
objective,3902,0,0,1903,1488,0,0
objective,3903,0,0,-8850,-224,0,0
objective,3904,0,0,-9075,-380,0,0
objective,3905,0,0,-8902,-182,0,0
objective,3921,0,0,858,-2348,0,0
objective,3922,0,0,1127,-3185,0,0
objective,3923,0,0,2046,-4754,0,0
objective,3924,0,0,1334,-3456,0,0
objective,4021,0,0,-307,-1972,0,0
objective,4161,0,0,9652,1049,0,0
objective,4181,0,0,-7132,-3840,0,0
objective,4402,0,0,-490,-4464,0,0
objective,4495,0,0,10712,1035,0,0
objective,4641,0,0,-600,-4186,0,0
objective,4681,0,0,6311,857,0,0
objective,4722,0,0,6311,857,0,0
objective,4723,0,0,6110,560,0,0
objective,4725,0,0,6342,543,0,0
objective,4727,0,0,6311,857,0,0
objective,4728,0,0,6110,560,0,0
objective,4730,0,0,6110,560,0,0
objective,4731,0,0,6342,543,0,0
objective,4732,0,0,6311,857,0,0
objective,4733,0,0,6110,560,0,0
objective,4740,0,0,4993,617,0,0
objective,4761,0,0,6581,492,0,0
objective,4762,0,0,6581,492,0,0
objective,4763,0,0,6807,-376,0,0
objective,4811,0,0,6208,-221,0,0
objective,4812,0,0,6208,-158,0,0
objective,4813,0,0,6439,473,0,0
objective,4905,0,0,-4907,-1368,0,0
objective,4921,0,0,-1787,-2376,0,0
objective,5041,0,0,-48,-3403,0,0
objective,5042,0,0,-2392,-1891,0,0
objective,5043,0,0,-2392,-1891,0,0
objective,5044,0,0,-2392,-1891,0,0
objective,5045,0,0,-2392,-1891,0,0
objective,5046,0,0,-2392,-1891,0,0
objective,5052,0,0,-2392,-1891,0,0
objective,5061,0,0,10179,2564,0,0
objective,5101,0,0,-9954,926,0,0
objective,5147,0,0,-4754,-2109,0,0
objective,5261,0,0,-8869,-163,0,0
objective,5321,0,0,5001,34,0,0
objective,5441,0,0,-226,-4282,0,0
objective,5481,0,0,2100,477,0,0
objective,5482,0,0,2613,375,0,0
objective,5502,0,0,2038,-4673,0,0
objective,5541,0,0,-5747,-371,0,0
objective,5545,0,0,-9351,-1421,0,0
objective,5621,0,0,9676,900,0,0
objective,5622,0,0,9905,985,0,0
objective,5623,0,0,-9461,33,0,0
objective,5624,0,0,-9515,-136,0,0
objective,5625,0,0,-5669,-454,0,0
objective,5626,0,0,-5591,-530,0,0
objective,5627,0,0,9665,2520,0,0
objective,5628,0,0,9665,2520,0,0
objective,5629,0,0,9665,2520,0,0
objective,5630,0,0,9665,2520,0,0
objective,5631,0,0,9665,2520,0,0
objective,5632,0,0,9665,2520,0,0
objective,5633,0,0,9665,2520,0,0
objective,5634,0,0,-8512,862,0,0
objective,5635,0,0,-8512,862,0,0
objective,5636,0,0,-8512,862,0,0
objective,5637,0,0,-8512,862,0,0
objective,5638,0,0,-8512,862,0,0
objective,5639,0,0,-8512,862,0,0
objective,5640,0,0,-8512,862,0,0
objective,5641,0,0,-4612,-909,0,0
objective,5642,0,0,1452,-4180,0,0
objective,5643,0,0,1452,-4180,0,0
objective,5644,0,0,1768,401,0,0
objective,5645,0,0,-4612,-909,0,0
objective,5646,0,0,1768,401,0,0
objective,5647,0,0,-4612,-909,0,0
objective,5648,0,0,171,-4770,0,0
objective,5649,0,0,295,-4831,0,0
objective,5650,0,0,2437,359,0,0
objective,5651,0,0,2265,251,0,0
objective,5652,0,0,1452,-4180,0,0
objective,5653,0,0,1452,-4180,0,0
objective,5654,0,0,1452,-4180,0,0
objective,5655,0,0,1452,-4180,0,0
objective,5656,0,0,1452,-4180,0,0
objective,5657,0,0,1452,-4180,0,0
objective,5658,0,0,1768,401,0,0
objective,5659,0,0,1768,401,0,0
objective,5660,0,0,1768,401,0,0
objective,5661,0,0,1768,401,0,0
objective,5662,0,0,1768,401,0,0
objective,5663,0,0,1768,401,0,0
objective,5665,0,0,9665,2520,0,0
objective,5666,0,0,9665,2520,0,0
objective,5667,0,0,9665,2520,0,0
objective,5669,0,0,-8512,862,0,0
objective,5670,0,0,-8512,862,0,0
objective,5671,0,0,-8512,862,0,0
objective,5672,0,0,9665,2520,0,0
objective,5673,0,0,9665,2520,0,0
objective,5674,0,0,9665,2520,0,0
objective,5675,0,0,9665,2520,0,0
objective,5676,0,0,-8512,862,0,0
objective,5677,0,0,-8512,862,0,0
objective,5678,0,0,-8512,862,0,0
objective,5679,0,0,1768,401,0,0
objective,5680,0,0,1452,-4180,0,0
objective,5689,0,0,1452,-4180,0,0
objective,5690,0,0,1452,-4180,0,0
objective,5692,0,0,1768,401,0,0
objective,5693,0,0,1768,401,0,0
objective,5713,0,0,3261,166,0,0
objective,5722,0,0,1805,-4403,0,0
objective,5723,0,0,-1055,-215,0,0
objective,5724,0,0,-1055,-215,0,0
objective,5725,0,0,1288,334,0,0
objective,5726,0,0,877,-4230,0,0
objective,5727,0,0,1929,-4159,0,0
objective,5728,0,0,1928,-4158,0,0
objective,5729,0,0,1801,-4375,0,0
objective,5730,0,0,1924,-4160,0,0
objective,5761,0,0,1801,-4375,0,0
objective,5805,0,0,-9479,53,0,0
objective,5841,0,0,-5581,-541,0,0
objective,5842,0,0,9840,946,0,0
objective,5843,0,0,350,-4676,0,0
objective,5844,0,0,-2328,-382,0,0
objective,5847,0,0,2286,248,0,0
objective,5921,0,0,8020,-2679,0,0
objective,5922,0,0,8020,-2679,0,0
objective,5923,0,0,10179,2564,0,0
objective,5924,0,0,10179,2564,0,0
objective,5925,0,0,10179,2564,0,0
objective,5926,0,0,-1039,-282,0,0
objective,5927,0,0,-1039,-282,0,0
objective,5928,0,0,-1039,-282,0,0
objective,5929,0,0,8020,-2679,0,0
objective,5930,0,0,8020,-2679,0,0
objective,5931,0,0,10179,2564,0,0
objective,5932,0,0,-1039,-282,0,0
objective,6001,0,0,10179,2564,0,0
objective,6002,0,0,-1039,-282,0,0
objective,6061,0,0,-2180,-409,0,0
objective,6062,0,0,275,-4704,0,0
objective,6063,0,0,9812,929,0,0
objective,6064,0,0,-5619,-454,0,0
objective,6065,0,0,-2180,-409,0,0
objective,6066,0,0,-2180,-409,0,0
objective,6067,0,0,-2180,-409,0,0
objective,6068,0,0,275,-4704,0,0
objective,6069,0,0,275,-4704,0,0
objective,6070,0,0,275,-4704,0,0
objective,6071,0,0,9812,929,0,0
objective,6072,0,0,9812,929,0,0
objective,6073,0,0,9812,929,0,0
objective,6074,0,0,-5619,-454,0,0
objective,6075,0,0,-5619,-454,0,0
objective,6076,0,0,-5619,-454,0,0
objective,6081,0,0,2101,-4607,0,0
objective,6082,0,0,275,-4704,0,0
objective,6083,0,0,275,-4704,0,0
objective,6084,0,0,-5619,-454,0,0
objective,6085,0,0,-5619,-454,0,0
objective,6086,0,0,-5022,-1274,0,0
objective,6087,0,0,-2180,-409,0,0
objective,6088,0,0,-2180,-409,0,0
objective,6089,0,0,-1475,-81,0,0
objective,6101,0,0,9812,929,0,0
objective,6102,0,0,9812,929,0,0
objective,6103,0,0,10178,2511,0,0
objective,6121,0,0,8020,-2679,0,0
objective,6122,0,0,6558,473,0,0
objective,6123,0,0,6143,-67,0,0
objective,6124,0,0,6645,-209,0,0
objective,6125,0,0,10179,2564,0,0
objective,6126,0,0,8020,-2679,0,0
objective,6127,0,0,-544,-2672,0,0
objective,6128,0,0,-1084,-3085,0,0
objective,6129,0,0,-745,-3284,0,0
objective,6130,0,0,-1039,-282,0,0
objective,6181,0,0,-10628,1037,0,0
objective,6261,0,0,-8836,490,0,0
objective,6281,0,0,-8702,382,0,0
objective,6282,0,0,824,1516,0,0
objective,6283,0,0,889,1743,0,0
objective,6284,0,0,512,709,0,0
objective,6285,0,0,-10501,1022,0,0
objective,6301,0,0,1749,883,0,0
objective,6321,0,0,474,1534,0,0
objective,6322,0,0,1567,266,0,0
objective,6323,0,0,1610,283,0,0
objective,6324,0,0,500,1626,0,0
objective,6341,0,0,8641,841,0,0
objective,6342,0,0,6400,533,0,0
objective,6343,0,0,8694,950,0,0
objective,6344,0,0,8694,950,0,0
objective,6361,0,0,-437,-2596,0,0
objective,6362,0,0,-1239,39,0,0
objective,6363,0,0,-1197,26,0,0
objective,6364,0,0,-350,-2567,0,0
objective,6365,0,0,-437,-2596,0,0
objective,6381,0,0,761,1400,0,0
objective,6382,0,0,2311,-2555,0,0
objective,6383,0,0,2311,-2555,0,0
objective,6384,0,0,1634,-4439,0,0
objective,6385,0,0,1676,-4313,0,0
objective,6386,0,0,-404,-2709,0,0
objective,6387,0,0,-5425,-2930,0,0
objective,6388,0,0,-4821,-1152,0,0
objective,6391,0,0,-4708,-1121,0,0
objective,6392,0,0,-5351,-3022,0,0
objective,6393,0,0,585,1450,0,0
objective,6394,0,0,-88,-4275,0,0
objective,6395,0,0,1877,1625,0,0
objective,6401,0,0,1016,928,0,0
objective,6421,0,0,-49,247,0,0
objective,6442,0,0,4118,1214,0,0
objective,6461,0,0,583,281,0,0
objective,6462,0,0,3361,-770,0,0
objective,6481,0,0,2,430,0,0
objective,6482,0,0,2331,-2574,0,0
objective,6503,0,0,2016,-2767,0,0
objective,6523,0,0,-45,-295,0,0
objective,6541,0,0,1246,-2253,0,0
objective,6542,0,0,1246,-2253,0,0
objective,6543,0,0,1246,-2253,0,0
objective,6544,0,0,2272,-2511,0,0
objective,6545,0,0,3358,995,0,0
objective,6546,0,0,2838,-3761,0,0
objective,6547,0,0,2051,-2397,0,0
objective,6548,0,0,193,-907,0,0
objective,6561,0,0,-1088,-225,0,0
objective,6562,0,0,3355,1033,0,0
objective,6563,0,0,4257,741,0,0
objective,6564,0,0,3355,1033,0,0
objective,6565,0,0,3355,1033,0,0
objective,6629,0,0,113,-351,0,0
objective,6641,0,0,3358,995,0,0
objective,6661,0,0,-42,-35,0,0
objective,6662,0,0,-4838,-1318,0,0
objective,6710,0,0,0,-1595,0,0
objective,6711,0,0,0,-1595,0,0
objective,6721,0,0,9812,929,0,0
objective,6722,0,0,9812,929,0,0
objective,6846,0,0,-258,-418,0,0
objective,6901,0,0,-271,-147,0,0
objective,6961,0,0,1627,-4417,0,0
objective,6962,0,0,1627,-4417,0,0
objective,6964,0,0,1938,-4223,0,0
objective,6981,0,0,-602,-2260,0,0
objective,7021,0,0,1627,-4417,0,0
objective,7022,0,0,-4915,-976,0,0
objective,7023,0,0,-4915,-976,0,0
objective,7024,0,0,1627,-4417,0,0
objective,7025,0,0,-4915,-976,0,0
objective,7061,0,0,-1210,-113,0,0
objective,7062,0,0,-4632,-1327,0,0
objective,7063,0,0,-4866,-1023,0,0
objective,7383,0,0,9737,956,0,0
objective,7521,0,0,-6158,1781,0,0
objective,7522,0,0,-6158,1781,0,0
objective,7788,0,0,1448,-1867,0,0
objective,7789,0,0,1044,-2099,0,0
objective,7790,0,0,1235,1598,0,0
objective,7791,0,0,-8942,786,0,0
objective,7792,0,0,-4087,-11738,0,0
objective,7802,0,0,-4736,-1055,0,0
objective,7807,0,0,-4824,-1299,0,0
objective,7810,0,0,-13184,333,0,0
objective,7813,0,0,1691,186,0,0
objective,7820,0,0,-1147,67,0,0
objective,7826,0,0,1795,-4573,0,0
objective,7833,0,0,1452,-4209,0,0
objective,7838,0,0,-13184,333,0,0
objective,7881,0,0,-9580,23,0,0
objective,7882,0,0,-9580,23,0,0
objective,7883,0,0,-9580,23,0,0
objective,7889,0,0,-9558,130,0,0
objective,7890,0,0,-9558,130,0,0
objective,7891,0,0,-9558,130,0,0
objective,7894,0,0,-9576,88,0,0
objective,7895,0,0,-9576,88,0,0
objective,7896,0,0,-9576,88,0,0
objective,7899,0,0,-9549,141,0,0
objective,7900,0,0,-9549,141,0,0
objective,7901,0,0,-9549,141,0,0
objective,7904,0,0,-9534,95,0,0
objective,7905,0,0,-9534,95,0,0
objective,7907,0,0,-9561,104,0,0
objective,7908,0,0,-13184,333,0,0
objective,7921,0,0,1448,-1867,0,0
objective,7925,0,0,1044,-2099,0,0
objective,7926,0,0,-9534,95,0,0
objective,7927,0,0,-9561,104,0,0
objective,7928,0,0,-9561,104,0,0
objective,7929,0,0,-9561,104,0,0
objective,7930,0,0,-9534,95,0,0
objective,7931,0,0,-9534,95,0,0
objective,7934,0,0,-9534,95,0,0
objective,7937,0,0,-9430,-1410,0,0
objective,7944,0,0,-732,-2219,0,0
objective,7945,0,0,-2381,250,0,0
objective,7946,0,0,-9566,31,0,0
objective,8021,0,0,-8871,640,0,0
objective,8022,0,0,9949,2495,0,0
objective,8023,0,0,-4900,-965,0,0
objective,8024,0,0,1588,244,0,0
objective,8025,0,0,1596,-4406,0,0
objective,8026,0,0,-1264,49,0,0
objective,8155,0,0,-1220,-2518,0,0
objective,8158,0,0,-1220,-2518,0,0
objective,8162,0,0,-848,-3511,0,0
objective,8165,0,0,-848,-3511,0,0
objective,8168,0,0,990,1008,0,0
objective,8171,0,0,990,1008,0,0
objective,8193,0,0,-14438,474,0,0
objective,8194,0,0,-14436,473,0,0
objective,8221,0,0,-14439,476,0,0
objective,8224,0,0,-14439,476,0,0
objective,8225,0,0,-14439,476,0,0
objective,8226,0,0,-14439,476,0,0
objective,8266,0,0,1448,-1867,0,0
objective,8267,0,0,1448,-1867,0,0
objective,8268,0,0,1044,-2099,0,0
objective,8269,0,0,1044,-2099,0,0
objective,8274,0,0,-9688,1522,0,0
objective,8289,0,0,1448,-1867,0,0
objective,8290,0,0,1448,-1867,0,0
objective,8295,0,0,1044,-2099,0,0
objective,8296,0,0,1044,-2099,0,0
objective,8311,0,0,-8595,741,0,0
objective,8312,0,0,2061,-4683,0,0
objective,8325,0,0,10319,-6383,0,0
objective,8326,0,0,10293,-6514,0,0
objective,8327,0,0,10302,-6229,0,0
objective,8328,0,0,10337,-6419,0,0
objective,8329,0,0,10367,-6432,0,0
objective,8330,0,0,10093,-6218,0,0
objective,8334,0,0,10219,-6548,0,0
objective,8335,0,0,10206,-6097,0,0
objective,8336,0,0,10319,-6383,0,0
objective,8337,0,0,10214,-6378,0,0
objective,8338,0,0,10082,-6041,0,0
objective,8344,0,0,10206,-6097,0,0
objective,8345,0,0,10406,-5946,0,0
objective,8346,0,0,10419,-6320,0,0
objective,8347,0,0,9984,-6478,0,0
objective,8350,0,0,9477,-6859,0,0
objective,8353,0,0,-4841,-857,0,0
objective,8354,0,0,1635,223,0,0
objective,8355,0,0,-4588,-1001,0,0
objective,8356,0,0,-8868,674,0,0
objective,8357,0,0,10128,2225,0,0
objective,8358,0,0,-809,-4930,0,0
objective,8359,0,0,1634,-4439,0,0
objective,8360,0,0,-1300,38,0,0
objective,8368,0,0,1316,357,0,0
objective,8370,0,0,1316,357,0,0
objective,8372,0,0,-8767,408,0,0
objective,8374,0,0,-8767,408,0,0
objective,8384,0,0,-8767,408,0,0
objective,8386,0,0,-8767,408,0,0
objective,8389,0,0,1316,357,0,0
objective,8390,0,0,1316,357,0,0
objective,8399,0,0,-8767,408,0,0
objective,8404,0,0,-8767,408,0,0
objective,8426,0,0,1316,357,0,0
objective,8431,0,0,1316,357,0,0
objective,8463,0,0,9780,-6863,0,0
objective,8468,0,0,9805,-6705,0,0
objective,8472,0,0,9755,-6575,0,0
objective,8473,0,0,8117,-6550,0,0
objective,8474,0,0,8272,-6206,0,0
objective,8475,0,0,8999,-7033,0,0
objective,8476,0,0,8329,-7956,0,0
objective,8477,0,0,8668,-7940,0,0
objective,8478,0,0,8986,-7419,0,0
objective,8479,0,0,8425,-7566,0,0
objective,8480,0,0,8811,-6194,0,0
objective,8482,0,0,9005,-6194,0,0
objective,8483,0,0,9292,-6683,0,0
objective,8486,0,0,9081,-6286,0,0
objective,8487,0,0,8718,-7137,0,0
objective,8488,0,0,8711,-7161,0,0
objective,8489,0,0,9156,-6295,0,0
objective,8490,0,0,8236,-6664,0,0
objective,8491,0,0,8718,-6284,0,0
objective,8492,0,0,-4924,-1223,0,0
objective,8493,0,0,-4924,-1223,0,0
objective,8494,0,0,-4914,-1227,0,0
objective,8495,0,0,-4914,-1227,0,0
objective,8499,0,0,-4930,-1219,0,0
objective,8500,0,0,-4930,-1219,0,0
objective,8503,0,0,-4952,-1274,0,0
objective,8504,0,0,-4952,-1274,0,0
objective,8505,0,0,-4945,-1282,0,0
objective,8506,0,0,-4945,-1282,0,0
objective,8509,0,0,-4948,-1274,0,0
objective,8510,0,0,-4948,-1274,0,0
objective,8511,0,0,-4972,-1169,0,0
objective,8512,0,0,-4972,-1169,0,0
objective,8513,0,0,-4966,-1176,0,0
objective,8514,0,0,-4966,-1176,0,0
objective,8515,0,0,-4969,-1180,0,0
objective,8516,0,0,-4969,-1180,0,0
objective,8517,0,0,-4972,-1152,0,0
objective,8518,0,0,-4972,-1152,0,0
objective,8520,0,0,-4979,-1150,0,0
objective,8521,0,0,-4979,-1150,0,0
objective,8522,0,0,-4980,-1142,0,0
objective,8523,0,0,-4980,-1142,0,0
objective,8524,0,0,-4938,-1275,0,0
objective,8525,0,0,-4938,-1275,0,0
objective,8526,0,0,-4940,-1278,0,0
objective,8527,0,0,-4940,-1278,0,0
objective,8528,0,0,-4934,-1279,0,0
objective,8529,0,0,-4934,-1279,0,0
objective,8530,0,0,1631,-4118,0,0
objective,8531,0,0,1631,-4118,0,0
objective,8532,0,0,1650,-4124,0,0
objective,8533,0,0,1650,-4124,0,0
objective,8542,0,0,1666,-4117,0,0
objective,8543,0,0,1666,-4117,0,0
objective,8545,0,0,1656,-4119,0,0
objective,8546,0,0,1656,-4119,0,0
objective,8547,0,0,9516,-6799,0,0
objective,8549,0,0,1615,-4146,0,0
objective,8550,0,0,1615,-4146,0,0
objective,8563,0,0,10338,-6405,0,0
objective,8564,0,0,10372,-6429,0,0
objective,8565,0,0,-8767,408,0,0
objective,8566,0,0,1316,357,0,0
objective,8567,0,0,-8767,408,0,0
objective,8568,0,0,1316,357,0,0
objective,8569,0,0,-8767,408,0,0
objective,8570,0,0,1316,357,0,0
objective,8580,0,0,1626,-4149,0,0
objective,8581,0,0,1626,-4149,0,0
objective,8582,0,0,1633,-4142,0,0
objective,8583,0,0,1633,-4142,0,0
objective,8588,0,0,1588,-4180,0,0
objective,8589,0,0,1588,-4180,0,0
objective,8590,0,0,1593,-4159,0,0
objective,8591,0,0,1593,-4159,0,0
objective,8600,0,0,1596,-4174,0,0
objective,8601,0,0,1596,-4174,0,0
objective,8604,0,0,1580,-4116,0,0
objective,8605,0,0,1580,-4116,0,0
objective,8607,0,0,1571,-4119,0,0
objective,8608,0,0,1571,-4119,0,0
objective,8609,0,0,1565,-4124,0,0
objective,8610,0,0,1565,-4124,0,0
objective,8611,0,0,1643,-4085,0,0
objective,8612,0,0,1643,-4085,0,0
objective,8613,0,0,1630,-4089,0,0
objective,8614,0,0,1630,-4089,0,0
objective,8615,0,0,1634,-4085,0,0
objective,8616,0,0,1634,-4085,0,0
objective,8617,0,0,-4981,-1218,0,0
objective,8618,0,0,-4981,-1218,0,0
objective,8619,0,0,597,-189,0,0
objective,8635,0,0,-140,-364,0,0
objective,8636,0,0,-7939,-2675,0,0
objective,8642,0,0,-5344,-2913,0,0
objective,8643,0,0,233,-3500,0,0
objective,8644,0,0,68,-538,0,0
objective,8645,0,0,515,1561,0,0
objective,8646,0,0,-8762,1093,0,0
objective,8647,0,0,-11792,-3182,0,0
objective,8648,0,0,1633,234,0,0
objective,8649,0,0,-9413,154,0,0
objective,8650,0,0,2238,-5340,0,0
objective,8651,0,0,-7277,-798,0,0
objective,8652,0,0,2215,238,0,0
objective,8653,0,0,-5572,-504,0,0
objective,8654,0,0,-6233,1733,0,0
objective,8670,0,0,269,-4777,0,0
objective,8671,0,0,-9580,-2724,0,0
objective,8672,0,0,-9580,-2724,0,0
objective,8673,0,0,-2103,-439,0,0
objective,8674,0,0,-14425,532,0,0
objective,8675,0,0,-10499,1034,0,0
objective,8677,0,0,1957,-4258,0,0
objective,8678,0,0,-1013,-245,0,0
objective,8679,0,0,-4123,110,0,0
objective,8680,0,0,-870,-3726,0,0
objective,8681,0,0,-7845,-1330,0,0
objective,8682,0,0,-5436,-2432,0,0
objective,8683,0,0,-7501,-2155,0,0
objective,8684,0,0,-7156,-3770,0,0
objective,8685,0,0,-3807,1094,0,0
objective,8686,0,0,-2298,-1948,0,0
objective,8688,0,0,1854,-3721,0,0
objective,8713,0,0,-415,5,0,0
objective,8714,0,0,1261,-2558,0,0
objective,8715,0,0,9768,895,0,0
objective,8716,0,0,-11954,-1169,0,0
objective,8717,0,0,-460,-2586,0,0
objective,8718,0,0,10137,2584,0,0
objective,8719,0,0,-6833,832,0,0
objective,8720,0,0,2465,-6955,0,0
objective,8721,0,0,-415,5,0,0
objective,8722,0,0,1996,-2420,0,0
objective,8723,0,0,5101,-527,0,0
objective,8724,0,0,-6227,-3918,0,0
objective,8725,0,0,2793,-350,0,0
objective,8726,0,0,6467,-4265,0,0
objective,8744,0,0,-4916,-981,0,0
objective,8767,0,0,-4915,-978,0,0
objective,8768,0,0,-4919,-981,0,0
objective,8788,0,0,-4915,-978,0,0
objective,8792,0,0,1582,-4185,0,0
objective,8793,0,0,1582,-4185,0,0
objective,8794,0,0,1582,-4185,0,0
objective,8795,0,0,-4977,-1172,0,0
objective,8796,0,0,-4977,-1172,0,0
objective,8797,0,0,-4977,-1172,0,0
objective,8803,0,0,-4917,-982,0,0
objective,8811,0,0,-4935,-1198,0,0
objective,8812,0,0,-4953,-1177,0,0
objective,8813,0,0,-4975,-1197,0,0
objective,8814,0,0,-4935,-1214,0,0
objective,8815,0,0,1585,-4113,0,0
objective,8816,0,0,1618,-4102,0,0
objective,8817,0,0,1660,-4107,0,0
objective,8818,0,0,1604,-4143,0,0
objective,8819,0,0,-4935,-1198,0,0
objective,8820,0,0,-4953,-1177,0,0
objective,8821,0,0,-4975,-1197,0,0
objective,8822,0,0,-4935,-1214,0,0
objective,8823,0,0,1585,-4113,0,0
objective,8824,0,0,1618,-4102,0,0
objective,8825,0,0,1604,-4143,0,0
objective,8826,0,0,1660,-4107,0,0
objective,8827,0,0,-4915,-976,0,0
objective,8828,0,0,1627,-4417,0,0
objective,8830,0,0,9966,2534,0,0
objective,8831,0,0,9966,2534,0,0
objective,8832,0,0,1588,279,0,0
objective,8833,0,0,1588,279,0,0
objective,8834,0,0,-4814,-1056,0,0
objective,8835,0,0,-4814,-1056,0,0
objective,8836,0,0,-8859,638,0,0
objective,8837,0,0,-8859,638,0,0
objective,8838,0,0,-4812,-1265,0,0
objective,8839,0,0,-4812,-1265,0,0
objective,8840,0,0,1912,-4277,0,0
objective,8841,0,0,1912,-4277,0,0
objective,8842,0,0,-1246,74,0,0
objective,8843,0,0,-1246,74,0,0
objective,8844,0,0,1945,-4330,0,0
objective,8845,0,0,1945,-4330,0,0
objective,8846,0,0,-4977,-1172,0,0
objective,8847,0,0,-4977,-1172,0,0
objective,8851,0,0,1582,-4185,0,0
objective,8852,0,0,1582,-4185,0,0
objective,8856,0,0,-6868,730,0,0
objective,8860,0,0,-8868,674,0,0
objective,8861,0,0,-1300,38,0,0
objective,8862,0,0,7949,-2620,0,0
objective,8863,0,0,7949,-2620,0,0
objective,8864,0,0,7949,-2620,0,0
objective,8865,0,0,7949,-2620,0,0
objective,8866,0,0,-4659,-944,0,0
objective,8867,0,0,-8756,1069,0,0
objective,8870,0,0,-8756,1069,0,0
objective,8871,0,0,-8756,1069,0,0
objective,8872,0,0,-8756,1069,0,0
objective,8873,0,0,-8756,1069,0,0
objective,8874,0,0,-8756,1069,0,0
objective,8875,0,0,-8756,1069,0,0
objective,8883,0,0,7949,-2620,0,0
objective,8884,0,0,9084,-5884,0,0
objective,8885,0,0,8620,-5668,0,0
objective,8886,0,0,8887,-5780,0,0
objective,8887,0,0,9084,-5884,0,0
objective,8888,0,0,9186,-7827,0,0
objective,8889,0,0,9336,-7884,0,0
objective,8890,0,0,9026,-7458,0,0
objective,8891,0,0,9026,-7458,0,0
objective,8892,0,0,8824,-6197,0,0
objective,8894,0,0,9485,-7951,0,0
objective,8895,0,0,9297,-6685,0,0
objective,8897,0,0,-8870,651,0,0
objective,8898,0,0,-8870,651,0,0
objective,8899,0,0,-8870,651,0,0
objective,8900,0,0,1588,231,0,0
objective,8901,0,0,1588,231,0,0
objective,8902,0,0,1588,231,0,0
objective,8903,0,0,-8864,647,0,0
objective,8904,0,0,1592,234,0,0
objective,8979,0,0,1443,392,0,0
objective,8980,0,0,1592,234,0,0
objective,8981,0,0,1930,-4137,0,0
objective,8982,0,0,1635,223,0,0
objective,8983,0,0,1691,195,0,0
objective,8984,0,0,101,-1719,0,0
objective,8993,0,0,-8444,335,0,0
objective,9024,0,0,-8858,625,0,0
objective,9025,0,0,-8864,647,0,0
objective,9026,0,0,-8868,674,0,0
objective,9027,0,0,-8700,846,0,0
objective,9028,0,0,101,-1719,0,0
objective,9029,0,0,99,-1720,0,0
objective,9035,0,0,9038,-6698,0,0
objective,9062,0,0,9006,-6671,0,0
objective,9064,0,0,9006,-6671,0,0
objective,9065,0,0,2148,-5252,0,0
objective,9066,0,0,9038,-6698,0,0
objective,9067,0,0,9682,-7364,0,0
objective,9076,0,0,8763,-6103,0,0
objective,9119,0,0,9156,-6295,0,0
objective,9130,0,0,7595,-6782,0,0
objective,9133,0,0,9581,-7054,0,0
objective,9134,0,0,9376,-7165,0,0
objective,9135,0,0,7623,-6846,0,0
objective,9138,0,0,8016,-7415,0,0
objective,9139,0,0,7918,-6286,0,0
objective,9140,0,0,7217,-5979,0,0
objective,9143,0,0,8055,-7865,0,0
objective,9144,0,0,8120,-6900,0,0
objective,9145,0,0,7933,-7574,0,0
objective,9146,0,0,7615,-7671,0,0
objective,9147,0,0,7452,-6483,0,0
objective,9148,0,0,7644,-6803,0,0
objective,9149,0,0,7514,-6045,0,0
objective,9150,0,0,7550,-6482,0,0
objective,9151,0,0,7199,-7094,0,0
objective,9152,0,0,7683,-6391,0,0
objective,9155,0,0,7567,-6647,0,0
objective,9156,0,0,7204,-6623,0,0
objective,9157,0,0,7793,-7716,0,0
objective,9158,0,0,7416,-7749,0,0
objective,9159,0,0,7579,-7915,0,0
objective,9160,0,0,7946,-6579,0,0
objective,9161,0,0,7880,-7911,0,0
objective,9162,0,0,7549,-7658,0,0
objective,9163,0,0,7683,-5697,0,0
objective,9164,0,0,6640,-6344,0,0
objective,9166,0,0,7483,-7273,0,0
objective,9167,0,0,6479,-6374,0,0
objective,9168,0,0,6311,-6459,0,0
objective,9169,0,0,6834,-7203,0,0
objective,9170,0,0,6521,-6516,0,0
objective,9171,0,0,7050,-6419,0,0
objective,9172,0,0,7192,-7101,0,0
objective,9173,0,0,6986,-5747,0,0
objective,9174,0,0,7946,-7637,0,0
objective,9175,0,0,6984,-5851,0,0
objective,9176,0,0,7172,-6616,0,0
objective,9177,0,0,1290,316,0,0
objective,9180,0,0,1290,316,0,0
objective,9189,0,0,526,1627,0,0
objective,9192,0,0,7293,-6321,0,0
objective,9193,0,0,7631,-7459,0,0
objective,9199,0,0,7697,-7541,0,0
objective,9207,0,0,7249,-6331,0,0
objective,9212,0,0,7615,-7671,0,0
objective,9214,0,0,7405,-7990,0,0
objective,9215,0,0,6519,-7438,0,0
objective,9216,0,0,7567,-6647,0,0
objective,9217,0,0,7567,-6647,0,0
objective,9218,0,0,6987,-6583,0,0
objective,9219,0,0,7578,-6898,0,0
objective,9220,0,0,6311,-6459,0,0
objective,9231,0,0,2241,-5317,0,0
objective,9247,0,0,2242,-5317,0,0
objective,9252,0,0,8757,-7153,0,0
objective,9253,0,0,8236,-6664,0,0
objective,9254,0,0,8711,-7161,0,0
objective,9255,0,0,8718,-6656,0,0
objective,9256,0,0,8716,-6622,0,0
objective,9258,0,0,8414,-6165,0,0
objective,9260,0,0,-9255,229,0,0
objective,9261,0,0,-9255,229,0,0
objective,9262,0,0,-9255,229,0,0
objective,9263,0,0,-9255,229,0,0
objective,9264,0,0,-9255,229,0,0
objective,9265,0,0,-9255,229,0,0
objective,9267,0,0,-945,-3580,0,0
objective,9273,0,0,-9029,-108,0,0
objective,9274,0,0,7816,-7743,0,0
objective,9275,0,0,6798,-7432,0,0
objective,9276,0,0,7405,-7990,0,0
objective,9277,0,0,6813,-7437,0,0
objective,9278,0,0,-4173,-12499,0,0
objective,9279,0,0,-4039,-13774,0,0
objective,9280,0,0,-4456,-13613,0,0
objective,9281,0,0,7050,-6419,0,0
objective,9282,0,0,7549,-7658,0,0
objective,9283,0,0,-3966,-13833,0,0
objective,9287,0,0,-4103,-13744,0,0
objective,9288,0,0,-4143,-13752,0,0
objective,9289,0,0,-4136,-13740,0,0
objective,9290,0,0,-4117,-13740,0,0
objective,9291,0,0,-4118,-13763,0,0
objective,9292,0,0,-8955,523,0,0
objective,9293,0,0,-4219,-13550,0,0
objective,9294,0,0,-4395,-13643,0,0
objective,9296,0,0,-8955,523,0,0
objective,9297,0,0,-8955,523,0,0
objective,9298,0,0,-8955,523,0,0
objective,9303,0,0,-4354,-13834,0,0
objective,9305,0,0,-4482,-14122,0,0
objective,9306,0,0,-4195,-13736,0,0
objective,9307,0,0,-4495,-14105,0,0
objective,9308,0,0,-4195,-13736,0,0
objective,9309,0,0,-4446,-13431,0,0
objective,9310,0,0,1737,240,0,0
objective,9311,0,0,-4579,-13320,0,0
objective,9312,0,0,-4185,-13733,0,0
objective,9313,0,0,-4158,-12483,0,0
objective,9314,0,0,-4128,-12468,0,0
objective,9315,0,0,8022,-7251,0,0
objective,9322,0,0,3883,-5380,0,0
objective,9323,0,0,-11268,-3053,0,0
objective,9324,0,0,-8833,862,0,0
objective,9325,0,0,-8833,862,0,0
objective,9326,0,0,-8833,862,0,0
objective,9327,0,0,7553,-6761,0,0
objective,9328,0,0,9990,-7053,0,0
objective,9329,0,0,7553,-6761,0,0
objective,9330,0,0,1825,224,0,0
objective,9331,0,0,1825,224,0,0
objective,9332,0,0,1825,224,0,0
objective,9339,0,0,1825,224,0,0
objective,9352,0,0,9005,-6194,0,0
objective,9353,0,0,-9027,-110,0,0
objective,9357,0,0,9531,-6860,0,0
objective,9358,0,0,8685,-6799,0,0
objective,9359,0,0,8981,-7458,0,0
objective,9360,0,0,8981,-7458,0,0
objective,9363,0,0,8716,-6622,0,0
objective,9365,0,0,-8833,862,0,0
objective,9367,0,0,-8837,858,0,0
objective,9368,0,0,-1038,293,0,0
objective,9369,0,0,-4456,-13613,0,0
objective,9371,0,0,-4057,-13722,0,0
objective,9388,0,0,1919,-2037,0,0
objective,9389,0,0,-322,-674,0,0
objective,9392,0,0,10385,-6405,0,0
objective,9393,0,0,10385,-6411,0,0
objective,9394,0,0,9500,-7871,0,0
objective,9395,0,0,8627,-6366,0,0
objective,9402,0,0,9191,-7190,0,0
objective,9403,0,0,9252,-7231,0,0
objective,9404,0,0,8619,-7517,0,0
objective,9409,0,0,-4118,-13763,0,0
objective,9411,0,0,2268,-5333,0,0
objective,9412,0,0,2268,-5333,0,0
objective,9413,0,0,-7577,770,0,0
objective,9414,0,0,-7577,770,0,0
objective,9421,0,0,-4127,-13727,0,0
objective,9425,0,0,-44,-936,0,0
objective,9428,0,0,2071,-2413,0,0
objective,9429,0,0,-10551,-1106,0,0
objective,9432,0,0,2762,-312,0,0
objective,9449,0,0,-3886,-13422,0,0
objective,9450,0,0,-3816,-13384,0,0
objective,9451,0,0,-4127,-13727,0,0
objective,9452,0,0,-4266,-12985,0,0
objective,9453,0,0,-4204,-12526,0,0
objective,9454,0,0,-4456,-12382,0,0
objective,9455,0,0,-4385,-11983,0,0
objective,9456,0,0,-4385,-11983,0,0
objective,9458,0,0,-7145,1376,0,0
objective,9459,0,0,2317,-5284,0,0
objective,9460,0,0,7959,-6475,0,0
objective,9461,0,0,-3994,-11414,0,0
objective,9462,0,0,-4162,-12456,0,0
objective,9463,0,0,-4456,-12382,0,0
objective,9464,0,0,-3281,-12923,0,0
objective,9465,0,0,-3125,-12557,0,0
objective,9467,0,0,-5019,-10969,0,0
objective,9468,0,0,-5019,-10969,0,0
objective,9473,0,0,-3850,-12811,0,0
objective,9477,0,0,-7145,1376,0,0
objective,9478,0,0,-7145,1376,0,0
objective,9479,0,0,-7145,1376,0,0
objective,9480,0,0,2317,-5284,0,0
objective,9481,0,0,2317,-5284,0,0
objective,9482,0,0,2317,-5284,0,0
objective,9484,0,0,8981,-7458,0,0
objective,9485,0,0,8981,-7458,0,0
objective,9486,0,0,8981,-7458,0,0
objective,9487,0,0,7831,-7931,0,0
objective,9488,0,0,7050,-6419,0,0
objective,9489,0,0,8860,-6276,0,0
objective,9491,0,0,7644,-7454,0,0
objective,9500,0,0,-3843,-11382,0,0
objective,9501,0,0,-1110,-11129,0,0
objective,9502,0,0,-3843,-11382,0,0
objective,9503,0,0,-1544,-11172,0,0
objective,9504,0,0,-1110,-11129,0,0
objective,9505,0,0,-4700,-12415,0,0
objective,9506,0,0,-4630,-12925,0,0
objective,9507,0,0,-4700,-12415,0,0
objective,9508,0,0,-1649,-10921,0,0
objective,9509,0,0,-3843,-11382,0,0
objective,9512,0,0,-4665,-13002,0,0
objective,9513,0,0,-4915,-12181,0,0
objective,9514,0,0,-4915,-12181,0,0
objective,9515,0,0,-4806,-11520,0,0
objective,9523,0,0,-4940,-11953,0,0
objective,9527,0,0,-4950,-11248,0,0
objective,9528,0,0,-5358,-11175,0,0
objective,9529,0,0,7933,-6739,0,0
objective,9530,0,0,-4508,-12507,0,0
objective,9531,0,0,-5043,-11261,0,0
objective,9532,0,0,8021,-6372,0,0
objective,9537,0,0,-5043,-11261,0,0
objective,9538,0,0,-4178,-12513,0,0
objective,9539,0,0,-3924,-12748,0,0
objective,9540,0,0,-3873,-13124,0,0
objective,9541,0,0,-4636,-13069,0,0
objective,9542,0,0,-4487,-11644,0,0
objective,9544,0,0,-4613,-11663,0,0
objective,9546,0,0,-4624,-11647,0,0
objective,9548,0,0,-1242,-11328,0,0
objective,9549,0,0,-1163,-11665,0,0
objective,9550,0,0,-1669,-12070,0,0
objective,9555,0,0,-3843,-11382,0,0
objective,9557,0,0,-1932,-11858,0,0
objective,9559,0,0,-3353,-12400,0,0
objective,9560,0,0,-3385,-12814,0,0
objective,9561,0,0,-1838,-12071,0,0
objective,9562,0,0,-3103,-11961,0,0
objective,9564,0,0,-3535,-11840,0,0
objective,9565,0,0,-3108,-12559,0,0
objective,9566,0,0,-3353,-12400,0,0
objective,9567,0,0,-2310,-11266,0,0
objective,9568,0,0,-2514,-11415,0,0
objective,9569,0,0,-1401,-11442,0,0
objective,9570,0,0,-3144,-12532,0,0
objective,9571,0,0,-3144,-12532,0,0
objective,9573,0,0,-3177,-12429,0,0
objective,9574,0,0,-2215,-11816,0,0
objective,9576,0,0,-2808,-11685,0,0
objective,9578,0,0,-2090,-11298,0,0
objective,9579,0,0,-2082,-11418,0,0
objective,9580,0,0,-2015,-11547,0,0
objective,9581,0,0,-1916,-11791,0,0
objective,9582,0,0,-3064,-12699,0,0
objective,9584,0,0,-1916,-11791,0,0
objective,9585,0,0,-1916,-11791,0,0
objective,9586,0,0,-4121,-12789,0,0
objective,9591,0,0,-4269,-11485,0,0
objective,9592,0,0,-4269,-11485,0,0
objective,9593,0,0,-4269,-11485,0,0
objective,9594,0,0,-2514,-11415,0,0
objective,9595,0,0,-3148,-11903,0,0
objective,9598,0,0,-4192,-11472,0,0
objective,9599,0,0,-4192,-11472,0,0
objective,9600,0,0,-2445,-12205,0,0
objective,9602,0,0,-4167,-12418,0,0
objective,9603,0,0,-1930,-11957,0,0
objective,9604,0,0,-3963,-11669,0,0
objective,9605,0,0,-4058,-11790,0,0
objective,9606,0,0,-2059,-11897,0,0
objective,9612,0,0,-4167,-12418,0,0
objective,9616,0,0,-4167,-12418,0,0
objective,9617,0,0,8981,-7458,0,0
objective,9618,0,0,9733,-7366,0,0
objective,9619,0,0,7935,-6184,0,0
objective,9620,0,0,-1811,-12084,0,0
objective,9621,0,0,1290,316,0,0
objective,9622,0,0,-4167,-12418,0,0
objective,9623,0,0,-3972,-11928,0,0
objective,9624,0,0,-2533,-12169,0,0
objective,9625,0,0,-2670,-12131,0,0
objective,9626,0,0,1929,-4157,0,0
objective,9627,0,0,9990,-7053,0,0
objective,9628,0,0,-1913,-12319,0,0
objective,9629,0,0,-2849,-11283,0,0
objective,9632,0,0,-4269,-11485,0,0
objective,9633,0,0,6581,492,0,0
objective,9634,0,0,-2755,-12055,0,0
objective,9641,0,0,-1960,-11852,0,0
objective,9642,0,0,-1960,-11883,0,0
objective,9643,0,0,-2015,-11547,0,0
objective,9646,0,0,-1423,-11289,0,0
objective,9647,0,0,-2015,-11547,0,0
objective,9648,0,0,-2062,-12235,0,0
objective,9649,0,0,-1220,-12580,0,0
objective,9663,0,0,-3353,-12400,0,0
objective,9666,0,0,-2222,-12322,0,0
objective,9667,0,0,-2520,-12302,0,0
objective,9668,0,0,-1916,-11794,0,0
objective,9669,0,0,-1552,-10916,0,0
objective,9670,0,0,-1506,-10887,0,0
objective,9671,0,0,-2095,-11843,0,0
objective,9672,0,0,-1251,-12657,0,0
objective,9673,0,0,9927,-7396,0,0
objective,9674,0,0,-1386,-12817,0,0
objective,9675,0,0,-4220,-11534,0,0
objective,9676,0,0,10367,-6432,0,0
objective,9677,0,0,9870,-7482,0,0
objective,9678,0,0,8033,-7525,0,0
objective,9679,0,0,9870,-7482,0,0
objective,9681,0,0,9861,-7516,0,0
objective,9682,0,0,-1251,-12951,0,0
objective,9683,0,0,-1902,-12863,0,0
objective,9684,0,0,9870,-7482,0,0
objective,9685,0,0,9667,-7371,0,0
objective,9686,0,0,10100,-6599,0,0
objective,9687,0,0,-1440,-11856,0,0
objective,9688,0,0,-1348,-12618,0,0
objective,9689,0,0,-1217,-12482,0,0
objective,9690,0,0,10100,-6599,0,0
objective,9691,0,0,9870,-7482,0,0
objective,9692,0,0,9870,-7482,0,0
objective,9693,0,0,-1960,-11883,0,0
objective,9694,0,0,-1830,-11721,0,0
objective,9695,0,0,-1960,-11883,0,0
objective,9696,0,0,-1886,-10919,0,0
objective,9698,0,0,-3994,-11414,0,0
objective,9699,0,0,-1960,-11883,0,0
objective,9700,0,0,-1282,-11850,0,0
objective,9703,0,0,-2116,-11416,0,0
objective,9704,0,0,9871,-6557,0,0
objective,9705,0,0,9984,-6478,0,0
objective,9706,0,0,-1959,-11890,0,0
objective,9707,0,0,9842,-7362,0,0
objective,9710,0,0,9842,-7362,0,0
objective,9711,0,0,-1959,-11890,0,0
objective,9740,0,0,-2143,-10692,0,0
objective,9741,0,0,-2073,-10784,0,0
objective,9746,0,0,-1886,-10919,0,0
objective,9748,0,0,-1963,-11887,0,0
objective,9749,0,0,-1506,-10887,0,0
objective,9750,0,0,-2095,-11843,0,0
objective,9751,0,0,-1251,-12657,0,0
objective,9753,0,0,-1916,-11794,0,0
objective,9756,0,0,-1934,-11848,0,0
objective,9757,0,0,-4269,-11485,0,0
objective,9758,0,0,7644,-6803,0,0
objective,9759,0,0,-1916,-11794,0,0
objective,9760,0,0,-1777,-11078,0,0
objective,9761,0,0,-1962,-10798,0,0
objective,9762,0,0,-3994,-11414,0,0
objective,9779,0,0,-1886,-10919,0,0
objective,9798,0,0,-4195,-13736,0,0
objective,9799,0,0,-4171,-13549,0,0
objective,9811,0,0,9990,-7053,0,0
objective,9812,0,0,1290,316,0,0
objective,9813,0,0,1927,-4161,0,0
objective,9877,0,0,7500,-6856,0,0
objective,10063,0,0,-1220,-11450,0,0
objective,10064,0,0,-1757,-11062,0,0
objective,10065,0,0,-1984,-11183,0,0
objective,10066,0,0,-2048,-11183,0,0
objective,10067,0,0,-1544,-11172,0,0
objective,10068,0,0,10406,-6396,0,0
objective,10069,0,0,10406,-6396,0,0
objective,10070,0,0,10406,-6396,0,0
objective,10071,0,0,10406,-6396,0,0
objective,10072,0,0,10406,-6396,0,0
objective,10073,0,0,10406,-6396,0,0
objective,10139,0,0,-222,3099,0,0
objective,10157,0,0,-222,3099,0,0
objective,10166,0,0,8206,-6349,0,0
objective,10302,0,0,-3922,-13816,0,0
objective,10303,0,0,-4498,-13428,0,0
objective,10304,0,0,-4195,-13736,0,0
objective,10324,0,0,-4450,-11983,0,0
objective,10350,0,0,-4189,-11654,0,0
objective,10352,0,0,10076,2261,0,0
objective,10359,0,0,9730,-7086,0,0
objective,10364,0,0,-3968,-11473,0,0
objective,10366,0,0,-4192,-11472,0,0
objective,10371,0,0,-9223,-2148,0,0
objective,10372,0,0,7512,-6841,0,0
objective,10376,0,0,-3968,-11473,0,0
objective,10377,0,0,-3968,-11473,0,0
objective,10378,0,0,9939,-7044,0,0
objective,10379,0,0,9939,-7044,0,0
objective,10428,0,0,-5358,-11175,0,0
objective,10490,0,0,-3843,-11382,0,0
objective,10500,0,0,1582,-4185,0,0
objective,10501,0,0,-4977,-1172,0,0
objective,10529,0,0,8981,-7458,0,0
objective,10530,0,0,8981,-7458,0,0
objective,10534,0,0,-3968,-11473,0,0
objective,10539,0,0,-3968,-11473,0,0
objective,10548,0,0,6805,-7339,0,0
objective,10549,0,0,6701,-7323,0,0
objective,10605,0,0,1712,57,0,0
objective,10693,0,0,1652,-4090,0,0
objective,10694,0,0,1652,-4090,0,0
objective,10695,0,0,-4982,-1202,0,0
objective,10696,0,0,-4982,-1202,0,0
objective,10697,0,0,9524,-7190,0,0
objective,10698,0,0,9524,-7190,0,0
objective,10699,0,0,-3924,-11604,0,0
objective,10700,0,0,-3924,-11604,0,0
objective,10752,0,0,2767,-412,0,0
objective,10779,0,0,-4269,-11485,0,0
objective,10788,0,0,9773,-7302,0,0
objective,10789,0,0,1712,57,0,0
objective,10790,0,0,1850,-4357,0,0
objective,10794,0,0,1771,-4284,0,0
objective,10919,0,0,-683,2630,0,0
objective,10931,0,0,-3968,-11473,0,0
objective,10932,0,0,-3968,-11473,0,0
objective,10933,0,0,9939,-7044,0,0
objective,10934,0,0,9939,-7044,0,0
objective,10938,0,0,-9561,104,0,0
objective,10939,0,0,-9561,104,0,0
objective,10940,0,0,-9561,104,0,0
objective,10941,0,0,-9561,104,0,0
objective,10999,0,0,-5822,-2811,0,0
objective,11117,0,0,-5173,-563,0,0
objective,11118,0,0,-4000,-11931,0,0
objective,11120,0,0,9325,-7324,0,0
objective,11122,0,0,-5200,-492,0,0
objective,11127,0,0,-11300,1494,0,0
objective,11129,0,0,-2459,-484,0,0
objective,11131,0,0,-9430,56,0,0
objective,11219,0,0,2240,283,0,0
objective,11293,0,0,-5184,-612,0,0
objective,11294,0,0,-5147,-634,0,0
objective,11318,0,0,-5200,-492,0,0
objective,11320,0,0,-5147,-634,0,0
objective,11321,0,0,-5177,-624,0,0
objective,11334,0,0,-9576,88,0,0
objective,11345,0,0,-9576,88,0,0
objective,11356,0,0,-9430,56,0,0
objective,11357,0,0,2240,283,0,0
objective,11360,0,0,-9298,27,0,0
objective,11361,0,0,356,-4742,0,0
objective,11407,0,0,1177,-4309,0,0
objective,11408,0,0,1189,-4268,0,0
objective,11409,0,0,1280,-4411,0,0
objective,11412,0,0,1280,-4411,0,0
objective,11413,0,0,1175,-4293,0,0
objective,11425,0,0,-8797,-259,0,0
objective,11431,0,0,1195,-4343,0,0
objective,11435,0,0,-9430,56,0,0
objective,11437,0,0,-5185,-562,0,0
objective,11438,0,0,-5185,-562,0,0
objective,11439,0,0,-5622,-473,0,0
objective,11440,0,0,-4187,-12501,0,0
objective,11441,0,0,-5185,-562,0,0
objective,11442,0,0,-5185,-562,0,0
objective,11444,0,0,1201,-4373,0,0
objective,11445,0,0,1201,-4373,0,0
objective,11446,0,0,1201,-4373,0,0
objective,11447,0,0,1201,-4373,0,0
objective,11449,0,0,2281,455,0,0
objective,11450,0,0,9257,-6761,0,0
objective,11486,0,0,-5185,-562,0,0
objective,11487,0,0,1201,-4373,0,0
objective,11528,0,0,-4916,-980,0,0
objective,11558,0,0,1592,234,0,0
objective,11578,0,0,-8797,-259,0,0
objective,11579,0,0,-8797,-259,0,0
objective,11580,0,0,587,1365,0,0
objective,11581,0,0,-10657,1055,0,0
objective,11583,0,0,-10648,1059,0,0
objective,11584,0,0,594,1363,0,0
objective,11621,0,0,1996,5854,0,0
objective,11657,0,0,-8836,852,0,0
objective,11731,0,0,-8836,852,0,0
objective,11732,0,0,-1212,-2677,0,0
objective,11734,0,0,2559,-482,0,0
objective,11735,0,0,-4224,-12318,0,0
objective,11736,0,0,2020,6580,0,0
objective,11737,0,0,-10951,-3218,0,0
objective,11738,0,0,-2247,-11898,0,0
objective,11739,0,0,-8250,-2626,0,0
objective,11740,0,0,6328,513,0,0
objective,11741,0,0,-56,1271,0,0
objective,11742,0,0,-5405,-492,0,0
objective,11743,0,0,-10705,-1146,0,0
objective,11744,0,0,-3448,-4232,0,0
objective,11745,0,0,-9394,38,0,0
objective,11746,0,0,-4401,3485,0,0
objective,11747,0,0,-529,2339,0,0
objective,11748,0,0,-604,-546,0,0
objective,11749,0,0,-5233,-2893,0,0
objective,11750,0,0,-2526,7552,0,0
objective,11751,0,0,-9434,-2110,0,0
objective,11752,0,0,-3944,2049,0,0
objective,11753,0,0,9779,1019,0,0
objective,11754,0,0,-3000,4155,0,0
objective,11755,0,0,188,-2133,0,0
objective,11756,0,0,999,-1454,0,0
objective,11757,0,0,-3448,-938,0,0
objective,11758,0,0,188,6025,0,0
objective,11759,0,0,3120,3750,0,0
objective,11760,0,0,-6770,527,0,0
objective,11761,0,0,-14288,62,0,0
objective,11762,0,0,-7217,-3859,0,0
objective,11763,0,0,6860,-4767,0,0
objective,11764,0,0,-1135,-3532,0,0
objective,11765,0,0,2015,-2338,0,0
objective,11766,0,0,-6704,-2201,0,0
objective,11767,0,0,2274,6133,0,0
objective,11768,0,0,-7596,-2087,0,0
objective,11769,0,0,-1862,3056,0,0
objective,11770,0,0,146,-4714,0,0
objective,11771,0,0,-3111,-2722,0,0
objective,11772,0,0,9387,-6772,0,0
objective,11773,0,0,-4573,407,0,0
objective,11774,0,0,7694,-6837,0,0
objective,11775,0,0,41,2587,0,0
objective,11776,0,0,-135,-803,0,0
objective,11777,0,0,-2329,-626,0,0
objective,11778,0,0,-1211,7474,0,0
objective,11779,0,0,-3060,2383,0,0
objective,11780,0,0,953,777,0,0
objective,11781,0,0,-10331,-3298,0,0
objective,11782,0,0,-2554,4278,0,0
objective,11783,0,0,-273,-2663,0,0
objective,11784,0,0,-448,-4528,0,0
objective,11785,0,0,-5514,-2300,0,0
objective,11786,0,0,2279,456,0,0
objective,11787,0,0,201,7687,0,0
objective,11799,0,0,2919,3683,0,0
objective,11800,0,0,-7001,919,0,0
objective,11801,0,0,-14377,116,0,0
objective,11802,0,0,-7123,-3657,0,0
objective,11803,0,0,6856,-4564,0,0
objective,11804,0,0,-1209,-2667,0,0
objective,11805,0,0,2569,-479,0,0
objective,11806,0,0,-4219,-12311,0,0
objective,11807,0,0,2025,6591,0,0
objective,11808,0,0,-10947,-3228,0,0
objective,11809,0,0,-2235,-11896,0,0
objective,11810,0,0,-8259,-2619,0,0
objective,11811,0,0,6317,521,0,0
objective,11812,0,0,-60,1261,0,0
objective,11813,0,0,-5418,-498,0,0
objective,11814,0,0,-10700,-1156,0,0
objective,11815,0,0,-3449,-4220,0,0
objective,11816,0,0,-9389,27,0,0
objective,11817,0,0,-4400,3474,0,0
objective,11818,0,0,-526,2329,0,0
objective,11819,0,0,-615,-547,0,0
objective,11820,0,0,-5241,-2892,0,0
objective,11821,0,0,-2517,7555,0,0
objective,11822,0,0,-9429,-2119,0,0
objective,11823,0,0,-3951,2046,0,0
objective,11824,0,0,9781,1011,0,0
objective,11825,0,0,-2999,4164,0,0
objective,11826,0,0,182,-2127,0,0
objective,11827,0,0,1006,-1452,0,0
objective,11828,0,0,-3445,-946,0,0
objective,11829,0,0,194,6017,0,0
objective,11830,0,0,3128,3743,0,0
objective,11831,0,0,-6777,535,0,0
objective,11832,0,0,-14297,58,0,0
objective,11833,0,0,-7226,-3859,0,0
objective,11834,0,0,6857,-4758,0,0
objective,11835,0,0,2917,3693,0,0
objective,11836,0,0,-6991,919,0,0
objective,11837,0,0,-14369,120,0,0
objective,11838,0,0,-7114,-3657,0,0
objective,11839,0,0,6846,-4567,0,0
objective,11840,0,0,-1129,-3539,0,0
objective,11841,0,0,2009,-2345,0,0
objective,11842,0,0,-6696,-2196,0,0
objective,11843,0,0,2287,6138,0,0
objective,11844,0,0,-7599,-2076,0,0
objective,11845,0,0,-1854,3058,0,0
objective,11846,0,0,140,-4721,0,0
objective,11847,0,0,-3115,-2730,0,0
objective,11848,0,0,9380,-6773,0,0
objective,11849,0,0,-4581,412,0,0
objective,11850,0,0,7687,-6831,0,0
objective,11851,0,0,34,2590,0,0
objective,11852,0,0,-2322,-620,0,0
objective,11853,0,0,-143,-808,0,0
objective,11854,0,0,-1216,7483,0,0
objective,11855,0,0,-3067,2388,0,0
objective,11856,0,0,948,780,0,0
objective,11857,0,0,-10339,-3294,0,0
objective,11858,0,0,-2545,4275,0,0
objective,11859,0,0,-282,-2668,0,0
objective,11860,0,0,-457,-4526,0,0
objective,11861,0,0,-5519,-2294,0,0
objective,11862,0,0,2278,447,0,0
objective,11863,0,0,205,7693,0,0
objective,11882,0,0,-8836,852,0,0
objective,11886,0,0,3956,738,0,0
objective,11891,0,0,-8833,869,0,0
objective,11915,0,0,1824,212,0,0
objective,11917,0,0,4209,1138,0,0
objective,11921,0,0,-8836,852,0,0
objective,11922,0,0,1824,212,0,0
objective,11923,0,0,1824,212,0,0
objective,11924,0,0,-8836,852,0,0
objective,11925,0,0,1824,212,0,0
objective,11926,0,0,1824,212,0,0
objective,11933,0,0,1825,224,0,0
objective,11935,0,0,-8833,862,0,0
objective,11964,0,0,-2546,4261,0,0
objective,11966,0,0,-14285,45,0,0
objective,11970,0,0,-8833,862,0,0
objective,11971,0,0,1825,224,0,0
objective,12012,0,0,-8833,866,0,0
objective,12020,0,0,-5185,-540,0,0
objective,12022,0,0,-5168,-543,0,0
objective,12133,0,0,-9430,56,0,0
objective,12135,0,0,-9430,56,0,0
objective,12139,0,0,2240,283,0,0
objective,12155,0,0,2240,283,0,0
objective,12191,0,0,-5168,-543,0,0
objective,12192,0,0,1197,-4355,0,0
objective,12193,0,0,-5177,-624,0,0
objective,12194,0,0,1175,-4293,0,0
objective,12278,0,0,-4849,-862,0,0
objective,12286,0,0,-9465,17,0,0
objective,12306,0,0,1473,-4209,0,0
objective,12331,0,0,9800,983,0,0
objective,12332,0,0,-5599,-531,0,0
objective,12333,0,0,-4125,-12474,0,0
objective,12334,0,0,10125,2225,0,0
objective,12335,0,0,-4838,-859,0,0
objective,12336,0,0,-8868,672,0,0
objective,12337,0,0,-3740,-11692,0,0
objective,12338,0,0,6410,516,0,0
objective,12339,0,0,-5380,-2974,0,0
objective,12340,0,0,-10654,1165,0,0
objective,12341,0,0,-2063,-11892,0,0
objective,12342,0,0,-9225,-2159,0,0
objective,12343,0,0,-3829,-837,0,0
objective,12344,0,0,-10513,-1159,0,0
objective,12345,0,0,2779,-434,0,0
objective,12346,0,0,-859,-570,0,0
objective,12347,0,0,2708,1511,0,0
objective,12348,0,0,255,1251,0,0
objective,12349,0,0,-3618,-4471,0,0
objective,12350,0,0,-4380,3292,0,0
objective,12351,0,0,401,-2118,0,0
objective,12352,0,0,-712,2738,0,0
objective,12353,0,0,229,4330,0,0
objective,12354,0,0,295,6099,0,0
objective,12355,0,0,1058,7369,0,0
objective,12356,0,0,-2916,4027,0,0
objective,12357,0,0,-2753,7302,0,0
objective,12358,0,0,2103,6902,0,0
objective,12359,0,0,1946,5534,0,0
objective,12360,0,0,-4085,2189,0,0
objective,12361,0,0,342,-4688,0,0
objective,12362,0,0,-2364,-346,0,0
objective,12363,0,0,2267,245,0,0
objective,12364,0,0,9470,-6861,0,0
objective,12365,0,0,8710,-6640,0,0
objective,12366,0,0,1632,-4444,0,0
objective,12367,0,0,-1302,41,0,0
objective,12368,0,0,1638,223,0,0
objective,12369,0,0,9689,-7363,0,0
objective,12370,0,0,9566,-7220,0,0
objective,12371,0,0,510,1638,0,0
objective,12373,0,0,7565,-6890,0,0
objective,12374,0,0,-408,-2643,0,0
objective,12375,0,0,-2379,-1995,0,0
objective,12376,0,0,-4,-946,0,0
objective,12377,0,0,2344,-2565,0,0
objective,12378,0,0,895,930,0,0
objective,12379,0,0,-5477,-2463,0,0
objective,12380,0,0,-913,-3527,0,0
objective,12381,0,0,-1595,3151,0,0
objective,12382,0,0,-12432,211,0,0
objective,12383,0,0,-3169,-2906,0,0
objective,12384,0,0,-10488,-3257,0,0
objective,12385,0,0,-6653,-2149,0,0
objective,12386,0,0,-4458,241,0,0
objective,12387,0,0,-624,-4585,0,0
objective,12388,0,0,192,2606,0,0
objective,12389,0,0,-567,4151,0,0
objective,12390,0,0,230,7936,0,0
objective,12391,0,0,-2626,4452,0,0
objective,12392,0,0,-1228,7164,0,0
objective,12393,0,0,2399,5947,0,0
objective,12394,0,0,2224,4711,0,0
objective,12395,0,0,-2963,2560,0,0
objective,12396,0,0,-1050,-3667,0,0
objective,12397,0,0,-14456,494,0,0
objective,12398,0,0,-4626,-3173,0,0
objective,12399,0,0,-7157,-3838,0,0
objective,12400,0,0,6694,-4671,0,0
objective,12401,0,0,-6868,732,0,0
objective,12402,0,0,2300,-5348,0,0
objective,12403,0,0,-173,5531,0,0
objective,12404,0,0,-1901,5766,0,0
objective,12405,0,0,-2188,5400,0,0
objective,12406,0,0,3022,5433,0,0
objective,12407,0,0,3061,3698,0,0
objective,12408,0,0,4115,3069,0,0
objective,12409,0,0,-2981,870,0,0
objective,12410,0,0,-4141,1125,0,0
objective,12420,0,0,-4849,-862,0,0
objective,12421,0,0,1473,-4209,0,0
objective,12781,0,0,2379,-5649,0,0
objective,12816,0,0,-9255,229,0,0
objective,12817,0,0,-9255,229,0,0
objective,12940,0,0,5764,-3563,0,0
objective,12941,0,0,5470,-2641,0,0
objective,12944,0,0,3409,-2787,0,0
objective,12945,0,0,4594,-4241,0,0
objective,12946,0,0,3250,-2207,0,0
objective,12947,0,0,3872,-4542,0,0
objective,12950,0,0,5568,5770,0,0
objective,13012,0,0,2375,5165,0,0
objective,13013,0,0,4548,-4290,0,0
objective,13014,0,0,3484,1959,0,0
objective,13015,0,0,6703,-213,0,0
objective,13016,0,0,3577,6622,0,0
objective,13018,0,0,5440,4761,0,0
objective,13019,0,0,2652,892,0,0
objective,13020,0,0,8414,-382,0,0
objective,13021,0,0,323,-215,0,0
objective,13022,0,0,575,559,0,0
objective,13023,0,0,-510,-734,0,0
objective,13024,0,0,5864,4150,0,0
objective,13025,0,0,4218,-5338,0,0
objective,13026,0,0,5440,2871,0,0
objective,13027,0,0,5805,-3542,0,0
objective,13028,0,0,6181,-1086,0,0
objective,13029,0,0,2992,6096,0,0
objective,13030,0,0,3872,-4480,0,0
objective,13031,0,0,3767,1659,0,0
objective,13032,0,0,7764,-2753,0,0
objective,13033,0,0,3217,5262,0,0
objective,13065,0,0,1698,752,0,0
objective,13066,0,0,995,856,0,0
objective,13067,0,0,469,-416,0,0
objective,13203,0,0,-4916,-980,0,0
objective,13265,0,0,2117,5261,0,0
objective,13268,0,0,589,-4939,0,0
objective,13269,0,0,1875,-6198,0,0
objective,13270,0,0,2843,6171,0,0
objective,13272,0,0,5881,753,0,0
objective,13299,0,0,5881,753,0,0
objective,13324,0,0,-9561,104,0,0
objective,13325,0,0,-9561,104,0,0
objective,13326,0,0,-9561,104,0,0
objective,13327,0,0,-9561,104,0,0
objective,13433,0,0,2779,-434,0,0
objective,13434,0,0,2779,-434,0,0
objective,13435,0,0,2779,-434,0,0
objective,13436,0,0,2779,-434,0,0
objective,13437,0,0,2779,-434,0,0
objective,13438,0,0,2779,-434,0,0
objective,13439,0,0,2779,-434,0,0
objective,13440,0,0,4122,5388,0,0
objective,13441,0,0,4445,5628,0,0
objective,13442,0,0,5363,4844,0,0
objective,13443,0,0,3936,-583,0,0
objective,13444,0,0,2481,-4891,0,0
objective,13445,0,0,3395,-2905,0,0
objective,13446,0,0,6074,-1106,0,0
objective,13447,0,0,5137,-670,0,0
objective,13448,0,0,2779,-434,0,0
objective,13449,0,0,5637,-2623,0,0
objective,13450,0,0,5502,4869,0,0
objective,13451,0,0,3773,1469,0,0
objective,13452,0,0,-1050,-3667,0,0
objective,13453,0,0,2579,-4325,0,0
objective,13454,0,0,3366,-2114,0,0
objective,13455,0,0,6139,-1030,0,0
objective,13456,0,0,-1050,-3667,0,0
objective,13457,0,0,5545,-744,0,0
objective,13458,0,0,5293,-2763,0,0
objective,13459,0,0,-1050,-3667,0,0
objective,13460,0,0,-1050,-3667,0,0
objective,13461,0,0,-1050,-3667,0,0
objective,13462,0,0,-1050,-3667,0,0
objective,13463,0,0,-1050,-3667,0,0
objective,13464,0,0,-913,-3527,0,0
objective,13465,0,0,-913,-3527,0,0
objective,13466,0,0,-913,-3527,0,0
objective,13467,0,0,-913,-3527,0,0
objective,13468,0,0,-913,-3527,0,0
objective,13469,0,0,-913,-3527,0,0
objective,13470,0,0,-913,-3527,0,0
objective,13471,0,0,-913,-3527,0,0
objective,13472,0,0,-1050,-3667,0,0
objective,13473,0,0,-1050,-3667,0,0
objective,13474,0,0,-1050,-3667,0,0
objective,13479,0,0,2237,249,0,0
objective,13480,0,0,-9453,44,0,0
objective,13483,0,0,2237,249,0,0
objective,13484,0,0,-9453,44,0,0
objective,13485,0,0,4131,5395,0,0
objective,13486,0,0,5360,4834,0,0
objective,13487,0,0,3937,-595,0,0
objective,13488,0,0,2467,-4893,0,0
objective,13489,0,0,3401,-2890,0,0
objective,13490,0,0,6087,-1106,0,0
objective,13491,0,0,5142,-685,0,0
objective,13492,0,0,5628,-2616,0,0
objective,13493,0,0,4455,5624,0,0
objective,13494,0,0,5500,4879,0,0
objective,13495,0,0,3762,1481,0,0
objective,13496,0,0,2587,-4337,0,0
objective,13497,0,0,3376,-2125,0,0
objective,13498,0,0,6151,-1023,0,0
objective,13499,0,0,5537,-734,0,0
objective,13500,0,0,5280,-2766,0,0
objective,13501,0,0,4514,5703,0,0
objective,13502,0,0,-9452,42,0,0
objective,13503,0,0,2241,261,0,0
objective,13548,0,0,7851,-796,0,0
objective,13571,0,0,5885,674,0,0
objective,13649,0,0,-5168,-543,0,0
objective,13825,0,0,-7168,-3850,0,0
objective,13826,0,0,-4139,-4060,0,0
objective,13840,0,0,-10142,1048,0,0
objective,13931,0,0,1175,-4293,0,0
objective,13932,0,0,-5177,-624,0,0
objective,13952,0,0,-9338,186,0,0
objective,13966,0,0,-4916,-980,0,0
objective,14022,0,0,-9130,352,0,0
objective,14023,0,0,-9115,359,0,0
objective,14024,0,0,-5063,-792,0,0
objective,14028,0,0,-9115,359,0,0
objective,14030,0,0,9960,2241,0,0
objective,14032,0,0,-8797,-259,0,0
objective,14033,0,0,-9130,352,0,0
objective,14035,0,0,9960,2241,0,0
objective,14036,0,0,1805,260,0,0
objective,14037,0,0,1787,247,0,0
objective,14040,0,0,1322,-4426,0,0
objective,14041,0,0,-1294,194,0,0
objective,14043,0,0,1322,-4426,0,0
objective,14044,0,0,1805,260,0,0
objective,14047,0,0,1322,-4426,0,0
objective,14048,0,0,-5062,-803,0,0
objective,14051,0,0,-5062,-803,0,0
objective,14053,0,0,-9111,365,0,0
objective,14054,0,0,9990,2235,0,0
objective,14055,0,0,-9115,359,0,0
objective,14058,0,0,1787,247,0,0
objective,14059,0,0,1821,267,0,0
objective,14060,0,0,-1336,193,0,0
objective,14061,0,0,1320,-4414,0,0
objective,14062,0,0,1320,-4414,0,0
objective,14064,0,0,-11321,-196,0,0
objective,14065,0,0,-12368,163,0,0
objective,14079,0,0,-9441,-1391,0,0
objective,14081,0,0,9269,-7510,0,0
objective,14082,0,0,-3981,-11926,0,0
objective,14083,0,0,-5522,-1347,0,0
objective,14084,0,0,-5457,-618,0,0
objective,14085,0,0,10126,2529,0,0
objective,14086,0,0,2151,-4654,0,0
objective,14087,0,0,-2276,-400,0,0
objective,14088,0,0,-853,-4885,0,0
objective,14089,0,0,2255,318,0,0
objective,14106,0,0,-10096,600,0,0
objective,14160,0,0,5871,715,0,0
objective,14166,0,0,5856,767,0,0
objective,14167,0,0,-5161,-883,0,0
objective,14168,0,0,-5166,-881,0,0
objective,14169,0,0,-4308,-12421,0,0
objective,14170,0,0,10055,2133,0,0
objective,14171,0,0,9418,-6851,0,0
objective,14172,0,0,-1785,4935,0,0
objective,14173,0,0,-1801,4914,0,0
objective,14174,0,0,1779,218,0,0
objective,14175,0,0,1187,-4472,0,0
objective,14176,0,0,-979,-80,0,0
objective,14177,0,0,1179,-4472,0,0
objective,14351,0,0,1288,334,0,0
objective,14356,0,0,1288,334,0,0
objective,14418,0,0,1385,342,0,0
objective,14419,0,0,1389,347,0,0
objective,14420,0,0,550,1455,0,0
objective,14421,0,0,1385,342,0,0
objective,14436,0,0,-1885,282,0,0
objective,14437,0,0,-2334,-422,0,0
objective,14438,0,0,-2451,216,0,0
objective,14440,0,0,-912,-477,0,0
objective,24217,0,0,1316,357,0,0
objective,24219,0,0,-8767,408,0,0
objective,24536,0,0,1658,-4392,0,0
objective,24541,0,0,1658,-4392,0,0
objective,24576,0,0,1658,-4392,0,0
objective,24597,0,0,-8441,333,0,0
objective,24609,0,0,-4866,-1023,0,0
objective,24610,0,0,9663,2525,0,0
objective,24611,0,0,-3994,-11414,0,0
objective,24612,0,0,1929,-4165,0,0
objective,24613,0,0,1290,316,0,0
objective,24614,0,0,-1210,-113,0,0
objective,24615,0,0,9990,-7053,0,0
objective,24629,0,0,-8869,639,0,0
objective,24635,0,0,-8869,639,0,0
objective,24636,0,0,-8869,639,0,0
objective,24638,0,0,1248,-4153,0,0
objective,24645,0,0,-109,1123,0,0
objective,24655,0,0,-8868,653,0,0
objective,24656,0,0,-8868,653,0,0
objective,24657,0,0,-8868,653,0,0
objective,24658,0,0,-9412,491,0,0
objective,24659,0,0,4852,129,0,0
objective,24661,0,0,5593,69,0,0
objective,24803,0,0,5699,617,0,0
objective,24804,0,0,-8868,653,0,0
objective,24805,0,0,1658,-4392,0,0
objective,24806,0,0,5699,617,0,0
objective,24848,0,0,-8880,670,0,0
objective,24849,0,0,-8914,625,0,0
objective,24850,0,0,1777,-4508,0,0
objective,24851,0,0,-8914,625,0,0
objective,24857,0,0,-2878,-222,0,0
objective,25444,0,0,-747,-5004,0,0
objective,25446,0,0,-1041,-5585,0,0
objective,25461,0,0,246,-4715,0,0
objective,25470,0,0,-1122,-5127,0,0
objective,25480,0,0,-805,-4976,0,0
